year,payer,molecule,apcd_drug_name,ther_class,number_scripts,unique_members,total_cost,cost_per_user,cost_per_script,cost_per_days_supply,cost_per_unit_dispensed,yearly_pct_change_cost_per_script,days_supply_median,days_supply_mean,quantity_median,quantity_mean,insurer_paid_median,insurer_paid_mean,insurer_paid_sum,member_paid_median,member_paid_mean,member_paid_sum,total_paid_median,total_paid_mean,total_paid_sum,pct_total_pharm_spending,pct_scripts_0_18,pct_scripts_19_44,pct_scripts_45_64,pct_scripts_65_plus,pct_scripts_female,pct_scripts_male,pct_scripts_urban_core,pct_scripts_suburban,pct_scripts_micropolitan,pct_scripts_rural_smalltown,source_file,source_url,date_accessed,record_type,npropname,total_scripts_filled,total_cost_rank,cost_per_user_rank,cost_per_script_rank,cost_per_days_supply_rank,cost_per_unit_dispensed_rank,total_scripts_filled_rank,yearly_pct_change_cost_per_script_rank,days_supply_stddev,quantity_stddev,insurer_paid_stddev,member_paid_stddev,total_paid_stddev
2009,COMMERCIAL,carbamazepine,CARBAMAZEPINE,Neuromuscular Drugs,26819,4483,2446150.96,545.65,91.2,2.24,0.68,,30,40.5,90,132.5,27.57,65.45,1755531.93,15,25.67,688699.01,54.68,91.2,2446150.96,0.0006376542563881,0.0529848241918043,0.371005630336701,0.516201200641336,0.0598083448301577,0.544502032141392,0.455497967858607,0.639807599090197,0.117677765763078,0.102166374585182,0.140348260561542,rxsummary2009.xlsx,https://www.health.state.mn.us/data/apcd/publicusefiles/docs/rxsummary2009.xlsx,2026-09-19,Drug,CARBAMAZEPINE,26819,167,362,579,719,894,191,,23.6,110.9,95.92,36.37,110.23
2009,COMMERCIAL,ethosuximide,ETHOSUXIMIDE,Neuromuscular Drugs,1477,220,135888.41,617.67,92,2.68,0.47,,30,34.2,120,191.9,56.9,73.93,109207.94,12,18.01,26609.3,71.42,92,135888.41,3.54229254233e-05,0.70886932972241,0.103588354773188,0.1875423155044,0,0.638456330399458,0.361543669600541,0.658767772511848,0.136086662153012,0.0805687203791469,0.124576844955991,rxsummary2009.xlsx,https://www.health.state.mn.us/data/apcd/publicusefiles/docs/rxsummary2009.xlsx,2026-09-19,Drug,ETHOSUXIMIDE,1477,664,340,573,666,985,656,,16,158.1,66.83,25.9,69.76
2009,COMMERCIAL,felbamate,FELBAMATE,Neuromuscular Drugs,1675,238,853914.89,3587.87,509.79,13.88,2.22,,30,36.7,180,228.7,374.47,464.89,778700.02,25,44.43,74424.23,411,509.79,853914.89,0.0002225956096355,0.510447761194029,0.31820895522388,0.158805970149253,0.0125373134328358,0.551044776119402,0.448955223880597,0.674626865671641,0.149850746268656,0.0650746268656716,0.110447761194029,rxsummary2009.xlsx,https://www.health.state.mn.us/data/apcd/publicusefiles/docs/rxsummary2009.xlsx,2026-09-19,Drug,FELBAMATE,1675,325,94,143,197,582,632,,19.9,191,340.81,75.99,343.68
2009,COMMERCIAL,lacosamide,LACOSAMIDE,Neuromuscular Drugs,457,124,222165.33,1791.65,486.13,15.66,5.54,,30,31,60,87.7,389.7,453.45,207230.42,20,31.36,14333.06,404.7,486.13,222165.33,5.79132975081e-05,,,,,0.62363238512035,0.376367614879649,0.733041575492341,0.0897155361050328,0.074398249452954,0.102844638949671,rxsummary2009.xlsx,https://www.health.state.mn.us/data/apcd/publicusefiles/docs/rxsummary2009.xlsx,2026-09-19,Drug,LACOSAMIDE,457,578,145,149,175,336,868,,16.8,60.8,283.49,46.76,292.81
2009,COMMERCIAL,lamotrigine,LAMOTRIGINE,Neuromuscular Drugs,63016,10237,9904996.68,967.56,157.18,4.24,1.99,,30,37,60,78.6,52.88,136.4,8595793.43,10,20.74,1306967.1,67.87,157.18,9904996.68,0.0025820006188465,0.121572299098641,0.487971308873936,0.371794464897803,0.0186619271296178,0.661038466421226,0.338961533578773,0.686428843468325,0.110241843341373,0.0931985527485083,0.110130760441792,rxsummary2009.xlsx,https://www.health.state.mn.us/data/apcd/publicusefiles/docs/rxsummary2009.xlsx,2026-09-19,Drug,LAMOTRIGINE,63016,54,237,379,489,608,99,,20.2,71.2,237.68,58.73,251.26
2009,COMMERCIAL,levetiracetam,LEVETIRACETAM,Neuromuscular Drugs,31332,5338,7943948.04,1488.18,253.54,6.79,1.81,,30,37.3,120,139.8,123.64,224.25,7026313.16,12,29.23,915941.05,152.58,253.54,7943948.04,0.0020708011741973,0.21639218690157,0.330269373164815,0.380505553427805,0.0728328865058087,0.527830971530703,0.472169028469296,0.647612664368696,0.128367164560194,0.105898123324396,0.118122047746712,rxsummary2009.xlsx,https://www.health.state.mn.us/data/apcd/publicusefiles/docs/rxsummary2009.xlsx,2026-09-19,Drug,LEVETIRACETAM,31332,69,168,241,329,635,164,,20.8,123.8,296.49,68.72,307.12
2009,COMMERCIAL,methsuximide,METHSUXIMIDE,Neuromuscular Drugs,140,22,14366.68,653.03,102.61,2.92,1.33,,30,35,60,76.6,83.48,89.46,12524.83,0,13.08,1831.81,83.52,102.61,14366.68,3.7450569494e-06,,,,,0.621428571428571,0.378571428571428,,,,,rxsummary2009.xlsx,https://www.health.state.mn.us/data/apcd/publicusefiles/docs/rxsummary2009.xlsx,2026-09-19,Drug,METHSUXIMIDE,140,1021,327,534,633,707,1064,,20.1,51.2,49.29,22.82,56.62
2009,COMMERCIAL,oxcarbazepine,OXCARBAZEPINE,Neuromuscular Drugs,15797,2722,2800616.66,1028.88,177.28,4.88,1.39,,30,36.2,90,126.6,98.07,154.06,2433776.93,10.7,23.2,366525.35,114.61,177.28,2800616.66,0.0007300551613382,0.320567196303095,0.338165474457175,0.308223080331708,0.0330442489080205,0.526998797239982,0.473001202760017,0.637336203076533,0.131670570361461,0.100272203582958,0.130721022979046,rxsummary2009.xlsx,https://www.health.state.mn.us/data/apcd/publicusefiles/docs/rxsummary2009.xlsx,2026-09-19,Drug,OXCARBAZEPINE,15797,149,226,326,434,698,266,,19.4,116.5,189.64,46.97,199.51
2009,COMMERCIAL,phenobarbital,PHENOBARBITAL,Central Nervous System Drugs,5211,864,29387.27,34.01,5.63,0.13,0.04,,30,40.9,90,121.6,0,1.15,6019.93,3.77,4.47,23336.5,4.47,5.63,29387.27,7.6605729186e-06,0.0907695260026866,0.215697562847821,0.604682402609863,0.0888505085396277,0.564958741124544,0.435041258875455,0.60295528689311,0.123584724620994,0.124736135098829,0.148723853387065,rxsummary2009.xlsx,https://www.health.state.mn.us/data/apcd/publicusefiles/docs/rxsummary2009.xlsx,2026-09-19,Drug,PHENOBARBITAL,5211,920,1122,1322,1328,1336,430,,24.2,117.6,2.7,3.67,3.78
2009,COMMERCIAL,phenytoin,PHENYTOIN,Neuromuscular Drugs,1413,289,41637,144.07,29.46,0.73,0.33,,30,40.2,45,88.3,2.33,14.22,20093.14,12.78,15.23,21530.41,23.09,29.46,41637,1.08537905907e-05,0.0679405520169851,0.19108280254777,0.535031847133757,0.205944798301486,0.444444444444444,0.555555555555555,0.48761500353857,0.123849964614295,0.169143665958952,0.219391365888181,rxsummary2009.xlsx,https://www.health.state.mn.us/data/apcd/publicusefiles/docs/rxsummary2009.xlsx,2026-09-19,Drug,PHENYTOIN,1413,871,739,964,1110,1080,662,,24.8,102,24.36,13.73,26.88
2009,COMMERCIAL,phenytoin,PHENYTOIN SODIUM EXTENDED,Neuromuscular Drugs,26494,3856,1236751.26,320.73,46.68,1.14,0.31,,30,40.8,120,149,21.17,26.43,700298.71,14.68,20.22,535758.97,37.32,46.68,1236751.26,0.0003223920836972,0.0064542915377066,0.24401751339926,0.629765229863365,0.119762965199667,0.387182003472484,0.612817996527515,0.603759341737751,0.110742054804861,0.12342417151053,0.162074431946855,rxsummary2009.xlsx,https://www.health.state.mn.us/data/apcd/publicusefiles/docs/rxsummary2009.xlsx,2026-09-19,Drug,PHENYTOIN SODIUM EXTENDED,26494,258,482,810,966,1090,193,,23.9,104.4,26.69,20.05,32.81
2009,COMMERCIAL,primidone,PRIMIDONE,Neuromuscular Drugs,4395,862,260050.22,301.68,59.16,1.33,0.5,,30,44.3,90,118.1,23.81,45.04,197958.1,10,14.11,62022.88,35.86,59.16,260050.22,6.77890009117e-05,0.013424345847554,0.0798634812286689,0.629579067121729,0.277133105802047,0.499886234357224,0.500113765642775,0.634812286689419,0.100341296928327,0.11103526734926,0.153811149032992,rxsummary2009.xlsx,https://www.health.state.mn.us/data/apcd/publicusefiles/docs/rxsummary2009.xlsx,2026-09-19,Drug,PRIMIDONE,4395,539,501,728,916,975,465,,25.7,104.9,95.16,20.54,101.72
2009,COMMERCIAL,rescue_diazepam,DIAZEPAM (ANTICONVULSANT),Neuromuscular Drugs,1001,640,581099.81,907.96,580.51,92.04,261.75,,2,6.3,1,2.2,343.21,495.57,496070.46,30,84.78,84874.22,354.2,580.51,581099.81,0.0001514791087271,,,,,0.417582417582417,0.582417582417582,0.602397602397602,0.189810189810189,0.124875124875124,0.0829170829170829,rxsummary2009.xlsx,https://www.health.state.mn.us/data/apcd/publicusefiles/docs/rxsummary2009.xlsx,2026-09-19,Drug,DIAZEPAM (ANTICONVULSANT),1001,385,247,129,38,31,726,,9.6,3.9,424.67,225.33,423.58
2009,COMMERCIAL,rufinamide,RUFINAMIDE,Neuromuscular Drugs,282,61,130718.83,2142.93,463.54,14.77,3.95,,30,31.3,105,117.2,321.66,442.9,124898.67,0,20.19,5695.53,336.32,463.54,130718.83,3.407533701e-05,0.609929078014184,0.336879432624113,0.0531914893617021,0,0.595744680851063,0.404255319148936,0.726950354609929,0.120567375886524,0.0567375886524822,0.0957446808510638,rxsummary2009.xlsx,https://www.health.state.mn.us/data/apcd/publicusefiles/docs/rxsummary2009.xlsx,2026-09-19,Drug,RUFINAMIDE,282,670,126,156,189,421,938,,13.6,84.9,357.81,48.72,357.83
2009,COMMERCIAL,tiagabine,TIAGABINE HCL,Neuromuscular Drugs,654,135,344566.97,2552.34,526.86,13.06,4.04,,30,40.3,90,130.1,349.76,479.72,313737.7,30,46.77,30592.89,363.09,526.86,344566.97,8.98205379079e-05,0.137614678899082,0.431192660550458,0.405198776758409,0.0259938837920489,0.668195718654434,0.331804281345565,0.729357798165137,0.0840978593272171,0.0948012232415902,0.091743119266055,rxsummary2009.xlsx,https://www.health.state.mn.us/data/apcd/publicusefiles/docs/rxsummary2009.xlsx,2026-09-19,Drug,TIAGABINE HCL,654,480,110,140,206,413,803,,23.9,126.1,461.81,98.87,474.83
2009,COMMERCIAL,topiramate,TOPIRAMATE,Neuromuscular Drugs,53713,11050,9428985.23,853.3,175.54,4.65,1.88,,30,37.7,60,93.3,60.13,150.8,8100268.73,10.52,24.65,1324503.21,76.19,175.54,9428985.23,0.0024579155839712,0.0718820397296743,0.470705415821123,0.440452032096512,0.0169605123526892,0.866363822538305,0.133636177461694,0.640869063355239,0.121199709567516,0.111890976113789,0.126040250963453,rxsummary2009.xlsx,https://www.health.state.mn.us/data/apcd/publicusefiles/docs/rxsummary2009.xlsx,2026-09-19,Drug,TOPIRAMATE,53713,56,254,330,459,623,111,,20.9,77.4,228.66,54.94,244.05
2009,COMMERCIAL,valproate,DIVALPROEX SODIUM,Neuromuscular Drugs,41738,7522,6192759.09,823.28,148.37,3.98,1.43,,30,37.2,90,103.5,81.87,124.88,5212489.4,11.78,23.43,978154.88,107.28,148.37,6192759.09,0.0016143072349568,0.15398437874359,0.378144616416694,0.419785327519286,0.0480856773204274,0.488188221764339,0.51181177823566,0.675930806459341,0.119076141645502,0.0876659159518903,0.117327135943265,rxsummary2009.xlsx,https://www.health.state.mn.us/data/apcd/publicusefiles/docs/rxsummary2009.xlsx,2026-09-19,Drug,DIVALPROEX SODIUM,41738,86,260,402,514,690,130,,20.6,87.4,144.91,41.51,153.75
2009,COMMERCIAL,valproate,VALPROATE SODIUM,Neuromuscular Drugs,599,116,17518.48,151.02,29.24,0.95,0.07,,30,30.6,450,408.6,18.39,22.65,13567.95,6.49,6.59,3947.59,23.84,29.24,17518.48,4.5666573813e-06,0.686143572621035,0.203672787979966,0.026711185308848,0.0834724540901502,0.424040066777963,0.575959933222036,0.534223706176961,0.170283806343906,0.20033388981636,0.0951585976627712,rxsummary2009.xlsx,https://www.health.state.mn.us/data/apcd/publicusefiles/docs/rxsummary2009.xlsx,2026-09-19,Drug,VALPROATE SODIUM,599,996,725,966,1021,1320,820,,13.3,241.7,22.02,7.67,22.78
2009,COMMERCIAL,valproate,VALPROIC ACID,Neuromuscular Drugs,743,181,47988.62,265.13,64.58,1.56,0.38,,30,41.3,120,165.8,31.98,47.13,35019.25,10,17.42,12943.95,47.42,64.58,47988.62,1.25095091437e-05,0.0457604306864064,0.446837146702557,0.425302826379542,0.0820995962314939,0.46971736204576,0.530282637954239,0.594885598923283,0.111709286675639,0.149394347240915,0.144010767160161,rxsummary2009.xlsx,https://www.health.state.mn.us/data/apcd/publicusefiles/docs/rxsummary2009.xlsx,2026-09-19,Drug,VALPROIC ACID,743,850,535,695,865,1036,775,,24.5,148,53.22,22.32,60.64
2009,COMMERCIAL,zonisamide,ZONISAMIDE,Neuromuscular Drugs,4297,801,427998.99,534.33,99.6,2.72,0.81,,30,36.5,90,121.7,37.58,84.29,362225.84,10,15.3,65752.13,49.09,99.6,427998.99,0.000111569311202,0.0979753316267163,0.474749825459622,0.393064929020246,0.034209913893414,0.674656737258552,0.325343262741447,0.664184314638119,0.10774959273912,0.0884337910169885,0.139632301605771,rxsummary2009.xlsx,https://www.health.state.mn.us/data/apcd/publicusefiles/docs/rxsummary2009.xlsx,2026-09-19,Drug,ZONISAMIDE,4297,440,367,546,661,854,468,,19.7,105.5,168.48,26.52,176.86
2009,MEDICARE,carbamazepine,CARBAMAZEPINE,Neuromuscular Drugs,36514,4490,1935734.48,431.12,53.01,1.55,0.52,,30,34.1,75,100.5,15.43,44.35,1619675.3,1.68,8.59,313836.61,19.44,53.01,1935734.48,0.0005046006360986,0.0003286410691789,0.241058224242756,0.340526921180916,0.418086213507147,0.538423618338171,0.461576381661828,0.518595607164375,0.0936353179602344,0.167442624746672,0.220326450128717,rxsummary2009.xlsx,https://www.health.state.mn.us/data/apcd/publicusefiles/docs/rxsummary2009.xlsx,2026-09-19,Drug,CARBAMAZEPINE,36514,128,359,608,696,792,116,,16.4,113,68.57,24.19,74.23
2009,MEDICARE,ethosuximide,ETHOSUXIMIDE,Neuromuscular Drugs,337,37,38659.06,1044.83,114.71,3.54,1.14,,30,32.3,100,100.6,110.48,110.79,37338.59,1.1,3.86,1302.95,116.17,114.71,38659.06,1.00775113883e-05,0,0.507418397626112,0.314540059347181,0.178041543026706,0.729970326409495,0.270029673590504,0.43026706231454,0.160237388724035,0.100890207715133,0.30860534124629,rxsummary2009.xlsx,https://www.health.state.mn.us/data/apcd/publicusefiles/docs/rxsummary2009.xlsx,2026-09-19,Drug,ETHOSUXIMIDE,337,702,188,371,453,612,812,,12.3,58.5,76.07,13.62,75
2009,MEDICARE,felbamate,FELBAMATE,Neuromuscular Drugs,1692,162,694574.37,4287.49,410.5,13.33,3.16,,30,30.7,105,129.8,371.48,397.85,673173.82,3.2,12.36,20929.1,382.7,410.5,694574.37,0.0001810592684797,0,0.495271867612293,0.43676122931442,0.067966903073286,0.43321513002364,0.566784869976359,0.618203309692671,0.0904255319148936,0.106382978723404,0.18498817966903,rxsummary2009.xlsx,https://www.health.state.mn.us/data/apcd/publicusefiles/docs/rxsummary2009.xlsx,2026-09-19,Drug,FELBAMATE,1692,228,58,106,156,392,530,,9.6,163,355.28,49.17,352.52
2009,MEDICARE,lacosamide,LACOSAMIDE,Neuromuscular Drugs,332,78,112524.97,1442.62,338.93,12.25,5.83,,30,27.6,60,58.1,347.87,315.88,104873.04,0,22.8,7571.35,355.54,338.93,112524.97,2.93326238828e-05,0,0.439759036144578,0.436746987951807,0.123493975903614,0.400602409638554,0.599397590361445,0.626506024096385,0.0993975903614457,0.0632530120481927,0.210843373493975,rxsummary2009.xlsx,https://www.health.state.mn.us/data/apcd/publicusefiles/docs/rxsummary2009.xlsx,2026-09-19,Drug,LACOSAMIDE,332,498,131,129,171,267,820,,7.9,41.8,220.21,74.48,215.2
2009,MEDICARE,lamotrigine,LAMOTRIGINE,Neuromuscular Drugs,37132,4468,4188626.42,937.47,112.8,3.52,1.89,,30,31.9,49,59.6,49.72,107.64,3997073.4,1.1,5.04,187215.32,53.39,112.8,4188626.42,0.0010918767928912,0.0003231713885597,0.357023591511364,0.429171604007325,0.21348163309275,0.64413443929764,0.355865560702359,0.597220726058386,0.0815199827641926,0.153452547667779,0.167806743509641,rxsummary2009.xlsx,https://www.health.state.mn.us/data/apcd/publicusefiles/docs/rxsummary2009.xlsx,2026-09-19,Drug,LAMOTRIGINE,37132,68,211,379,456,522,115,,12.4,53.2,172.76,32.87,177.21
2009,MEDICARE,levetiracetam,LEVETIRACETAM,Neuromuscular Drugs,31920,4240,5749510.25,1356.01,180.12,5.45,1.89,,30,33,60,95.1,100.4,165.95,5297206.06,1.1,13.98,446376.12,110.79,180.12,5749510.25,0.0014987626450738,0.0015037593984962,0.174624060150375,0.321397243107769,0.502474937343358,0.529667919799498,0.470332080200501,0.606860902255639,0.0869674185463659,0.140695488721804,0.16547619047619,rxsummary2009.xlsx,https://www.health.state.mn.us/data/apcd/publicusefiles/docs/rxsummary2009.xlsx,2026-09-19,Drug,LEVETIRACETAM,31920,51,140,244,333,521,128,,15.2,106.7,201.13,56.49,207.19
2009,MEDICARE,methsuximide,METHSUXIMIDE,Neuromuscular Drugs,161,18,18017.13,1000.95,111.9,3.37,1.38,,30,33.1,62,81,87.27,101.47,16337.08,3.2,10.43,1680.05,90.71,111.9,18017.13,4.6966437559e-06,0,0.260869565217391,0.422360248447204,0.316770186335403,0.695652173913043,0.304347826086956,,,,,rxsummary2009.xlsx,https://www.health.state.mn.us/data/apcd/publicusefiles/docs/rxsummary2009.xlsx,2026-09-19,Drug,METHSUXIMIDE,161,844,196,381,467,574,940,,14.4,50.1,81.72,21.45,76.36
2009,MEDICARE,oxcarbazepine,OXCARBAZEPINE,Neuromuscular Drugs,10779,1398,1310891.77,937.69,121.61,3.83,1.48,,30,31.7,60,81.9,82.15,115.92,1249603.27,1.1,5.62,60649.52,86.53,121.61,1310891.77,0.0003417187779795,0,0.354856665738936,0.380183690509323,0.264959643751739,0.555246312273865,0.444753687726134,0.571203265609054,0.0825679562111513,0.175062621764542,0.171166156415251,rxsummary2009.xlsx,https://www.health.state.mn.us/data/apcd/publicusefiles/docs/rxsummary2009.xlsx,2026-09-19,Drug,OXCARBAZEPINE,10779,167,209,354,429,563,245,,12.3,87.1,139.44,23.47,140.46
2009,MEDICARE,phenobarbital,PHENOBARBITAL,Central Nervous System Drugs,2980,370,14583.57,39.41,4.89,0.13,0.06,,30,36.1,60,75.8,3.06,2.81,8396.4,0,2.07,6168.79,4.21,4.89,14583.57,3.801595092e-06,,,,,0.624161073825503,0.375838926174496,0.423825503355704,0.136912751677852,0.178523489932885,0.260738255033557,rxsummary2009.xlsx,https://www.health.state.mn.us/data/apcd/publicusefiles/docs/rxsummary2009.xlsx,2026-09-19,Drug,PHENOBARBITAL,2980,877,973,1230,1236,1206,424,,19.8,64.3,2.71,3.06,2.32
2009,MEDICARE,phenytoin,PHENYTOIN,Neuromuscular Drugs,7658,980,243122.15,248.08,31.74,1.11,0.24,,30,28.4,90,128,21.64,27.2,208309.63,0,4.43,33950.22,24.82,31.74,243122.15,6.33762495875e-05,0.0015669887699138,0.0870984591277095,0.241185688169234,0.670148863933141,0.589187777487594,0.410812222512405,0.476756333246278,0.0891877774875946,0.169887699138156,0.26416819012797,rxsummary2009.xlsx,https://www.health.state.mn.us/data/apcd/publicusefiles/docs/rxsummary2009.xlsx,2026-09-19,Drug,PHENYTOIN,7658,376,478,738,786,978,286,,13.1,129.6,23.62,11.12,24.53
2009,MEDICARE,phenytoin,PHENYTOIN SODIUM EXTENDED,Neuromuscular Drugs,43028,5223,1373978.34,263.06,31.93,0.88,0.31,,30,35.9,90,100.9,21.2,23.7,1020173,2.4,8.16,351343.7,26.48,31.93,1373978.34,0.0003581639690324,0,0.0735102723807753,0.25969136376313,0.666798363856093,0.512828855628892,0.487171144371107,0.488751510644231,0.098075671655666,0.166333550246351,0.246839267453751,rxsummary2009.xlsx,https://www.health.state.mn.us/data/apcd/publicusefiles/docs/rxsummary2009.xlsx,2026-09-19,Drug,PHENYTOIN SODIUM EXTENDED,43028,164,470,736,857,905,108,,18.9,81.9,20,15.33,22.61
2009,MEDICARE,primidone,PRIMIDONE,Neuromuscular Drugs,10285,1590,398356.07,250.53,38.73,1,0.41,,30,38.6,60,93.4,21.11,31.09,319824.81,3.24,7.55,77701.71,28.34,38.73,398356.07,0.0001038420963167,0,0.0301409820126397,0.152455031599416,0.817403986387943,0.568595041322314,0.431404958677685,0.48886728245017,0.107146329606222,0.155663587749149,0.248322800194457,rxsummary2009.xlsx,https://www.health.state.mn.us/data/apcd/publicusefiles/docs/rxsummary2009.xlsx,2026-09-19,Drug,PRIMIDONE,10285,297,476,687,814,840,250,,21.9,87.2,44.21,12.85,45.75
2009,MEDICARE,rescue_diazepam,DIAZEPAM (ANTICONVULSANT),Neuromuscular Drugs,24,17,9220.24,542.36,384.17,192.08,21.54,,1,2,1,17.8,351.43,352.8,8467.33,0,30.21,725.17,354.19,384.17,9220.24,2.4035005921e-06,,,,,,,,,,,rxsummary2009.xlsx,https://www.health.state.mn.us/data/apcd/publicusefiles/docs/rxsummary2009.xlsx,2026-09-19,Drug,DIAZEPAM (ANTICONVULSANT),24,936,322,113,6,98,1214,,2.8,38,125.57,67.19,99.63
2009,MEDICARE,rufinamide,RUFINAMIDE,Neuromuscular Drugs,275,39,93870.71,2406.94,341.34,13.46,6.6,,30,25.3,30,51.7,230.53,338.93,93206.19,0,2.37,651.84,230.53,341.34,93870.71,2.44698952601e-05,,,,,0.461818181818181,0.538181818181818,0.676363636363636,0.109090909090909,0.0509090909090909,0.163636363636363,rxsummary2009.xlsx,https://www.health.state.mn.us/data/apcd/publicusefiles/docs/rxsummary2009.xlsx,2026-09-19,Drug,RUFINAMIDE,275,539,91,128,154,244,846,,9.3,59.9,316.7,16.34,317.05
2009,MEDICARE,tiagabine,TIAGABINE HCL,Neuromuscular Drugs,999,124,360396.89,2906.42,360.75,11.63,4.89,,30,31,60,73.7,245.86,347.57,347226.88,3.2,13.05,13044.78,255.22,360.75,360396.89,9.39470272503e-05,0,0.43043043043043,0.405405405405405,0.164164164164164,0.542542542542542,0.457457457457457,0.607607607607607,0.121121121121121,0.164164164164164,0.107107107107107,rxsummary2009.xlsx,https://www.health.state.mn.us/data/apcd/publicusefiles/docs/rxsummary2009.xlsx,2026-09-19,Drug,TIAGABINE HCL,999,320,80,123,182,295,631,,12,72.5,312.78,47.15,316.03
2009,MEDICARE,topiramate,TOPIRAMATE,Neuromuscular Drugs,21674,3102,3291342.93,1061.03,151.85,4.68,2.31,,30,32.4,60,65.6,67.9,142.62,3091240.51,1.1,9.13,198050.48,70.93,151.85,3291342.93,0.0008579760051061,0.0006459352219248,0.362554212420411,0.425071514256713,0.21172833810095,0.736827535295746,0.263172464704253,0.557672787671864,0.0872012549598597,0.158853926363384,0.19627203100489,rxsummary2009.xlsx,https://www.health.state.mn.us/data/apcd/publicusefiles/docs/rxsummary2009.xlsx,2026-09-19,Drug,TOPIRAMATE,21674,84,181,292,381,472,164,,13.5,55.8,207.5,40.02,214.37
2009,MEDICARE,valproate,DIVALPROEX SODIUM,Neuromuscular Drugs,70234,8102,7827506.94,966.12,111.44,3.59,1.38,,30,31,60,80.4,63.6,105.3,7396277.93,1.1,6.01,422169.9,69.35,111.44,7827506.94,0.0020404477069553,0.0006834296779337,0.249651166101887,0.390409203519662,0.359256200700515,0.492040891875729,0.50795910812427,0.60230087991571,0.0904974798530626,0.133852550046985,0.173349090184241,rxsummary2009.xlsx,https://www.health.state.mn.us/data/apcd/publicusefiles/docs/rxsummary2009.xlsx,2026-09-19,Drug,DIVALPROEX SODIUM,70234,33,203,385,447,573,61,,10.9,79,117.3,24.67,119
2009,MEDICARE,valproate,VALPROATE SODIUM,Neuromuscular Drugs,3212,427,105342.62,246.7,32.79,1.36,0.08,,25,23.9,473,381.3,27.62,31.22,100297.53,0,1.52,4887.16,28.78,32.79,105342.62,2.74603534779e-05,0,0.22478206724782,0.308530510585305,0.466687422166874,0.509339975093399,0.4906600249066,0.551681195516811,0.139788293897882,0.104296388542963,0.204234122042341,rxsummary2009.xlsx,https://www.health.state.mn.us/data/apcd/publicusefiles/docs/rxsummary2009.xlsx,2026-09-19,Drug,VALPROATE SODIUM,3212,515,479,725,738,1171,412,,9.7,353.2,23.24,5.31,22.85
2009,MEDICARE,valproate,VALPROIC ACID,Neuromuscular Drugs,1826,271,99863.37,368.49,54.68,1.62,0.41,,30,33.7,120,132.5,43.73,50.22,91713.12,1.1,4.34,7939.37,46.02,54.68,99863.37,2.60320413494e-05,0,0.142387732749178,0.451259583789704,0.406352683461117,0.474260679079956,0.525739320920043,0.670317634173055,0.0230010952902519,0.138554216867469,0.168127053669222,rxsummary2009.xlsx,https://www.health.state.mn.us/data/apcd/publicusefiles/docs/rxsummary2009.xlsx,2026-09-19,Drug,VALPROIC ACID,1826,532,391,597,681,841,515,,16.1,112.2,38.89,9.64,39.06
2009,MEDICARE,zonisamide,ZONISAMIDE,Neuromuscular Drugs,4495,545,365822.78,671.23,81.38,2.51,0.86,,30,32.3,84,93.7,48.1,77.1,346583.54,1.1,4.17,18766.09,50.95,81.38,365822.78,9.53614296767e-05,0,0.362625139043381,0.408898776418242,0.228476084538375,0.558843159065628,0.441156840934371,0.578420467185761,0.0961067853170189,0.134149054505005,0.191323692992213,rxsummary2009.xlsx,https://www.health.state.mn.us/data/apcd/publicusefiles/docs/rxsummary2009.xlsx,2026-09-19,Drug,ZONISAMIDE,4495,315,279,496,564,671,362,,12.4,86.8,125.13,32.68,133.6
2009,MINNESOTA HEALTH CARE PROGRAMS,carbamazepine,CARBAMAZEPINE,Neuromuscular Drugs,21339,2743,1425086,519.53,66.78,2.25,0.56,,30,29.6,90,117.2,31.18,63.64,1358196.65,0,2.49,53211.05,39.62,66.78,1425086,0.0003714865388435,0.156380336473124,0.538872486995641,0.299920333661371,0.0048268428698626,0.498336379399222,0.501663620600777,0.552603214771076,0.0821031913398003,0.15736445006795,0.207929143821172,rxsummary2009.xlsx,https://www.health.state.mn.us/data/apcd/publicusefiles/docs/rxsummary2009.xlsx,2026-09-19,Drug,CARBAMAZEPINE,21339,91,285,498,599,747,110,,5.6,112,73.72,11.57,75.51
2009,MINNESOTA HEALTH CARE PROGRAMS,ethosuximide,ETHOSUXIMIDE,Neuromuscular Drugs,1121,144,89435.04,621.07,79.78,2.69,0.39,,30,29.6,120,200.8,60.41,73.26,82126.83,0,5.1,5722.46,60.41,79.78,89435.04,2.33136199927e-05,0.600356824264049,0.302408563782337,0.0972346119536128,0,0.566458519179304,0.433541480820695,0.51828724353256,0.0660124888492417,0.204281891168599,0.211418376449598,rxsummary2009.xlsx,https://www.health.state.mn.us/data/apcd/publicusefiles/docs/rxsummary2009.xlsx,2026-09-19,Drug,ETHOSUXIMIDE,1121,474,255,455,546,829,566,,4.3,156.2,59.24,24.66,71.99
2009,MINNESOTA HEALTH CARE PROGRAMS,felbamate,FELBAMATE,Neuromuscular Drugs,2850,302,965772.5,3197.92,338.86,11.56,1.39,,30,29.3,180,242.2,297.07,329.58,939326.42,0,4.65,13256.56,297.45,338.86,965772.5,0.0002517542683987,0.485263157894736,0.445614035087719,0.0691228070175438,0,0.456140350877192,0.543859649122807,0.596491228070175,0.0863157894736842,0.127368421052631,0.189824561403508,rxsummary2009.xlsx,https://www.health.state.mn.us/data/apcd/publicusefiles/docs/rxsummary2009.xlsx,2026-09-19,Drug,FELBAMATE,2850,125,75,126,191,564,384,,5,193.9,256.29,32.04,258.5
2009,MINNESOTA HEALTH CARE PROGRAMS,lacosamide,LACOSAMIDE,Neuromuscular Drugs,502,123,167804.51,1364.26,334.27,12.71,5.1,,30,26.2,60,65.5,343.31,326.91,164109,0,3.07,1545.81,353.81,334.27,167804.51,4.37427050874e-05,,,,,0.446215139442231,0.553784860557768,0.619521912350597,0.0597609561752988,0.147410358565737,0.173306772908366,rxsummary2009.xlsx,https://www.health.state.mn.us/data/apcd/publicusefiles/docs/rxsummary2009.xlsx,2026-09-19,Drug,LACOSAMIDE,502,367,127,130,179,295,716,,7.3,30,182.74,19.01,180.44
2009,MINNESOTA HEALTH CARE PROGRAMS,lamotrigine,LAMOTRIGINE,Neuromuscular Drugs,52964,7920,4162086.33,525.51,78.58,2.66,1.19,,30,29.5,60,65.9,17.45,74.68,3955507.56,1,2.83,150199.32,19.14,78.58,4162086.33,0.0010849584131059,0.173363039045389,0.59196812929537,0.233422702212823,0.0012461294464164,0.648553734612189,0.35144626538781,0.556132467336303,0.100294539687334,0.156181557284193,0.187391435692168,rxsummary2009.xlsx,https://www.health.state.mn.us/data/apcd/publicusefiles/docs/rxsummary2009.xlsx,2026-09-19,Drug,LAMOTRIGINE,52964,36,283,456,549,587,49,,5.2,53.3,150.23,18.65,155.06
2009,MINNESOTA HEALTH CARE PROGRAMS,levetiracetam,LEVETIRACETAM,Neuromuscular Drugs,24382,3477,3096965.67,890.7,127.01,4.33,0.83,,30,29.3,120,151.8,65.4,121.36,2959197.32,0,4.17,101681.55,66.56,127.01,3096965.67,0.0008073064065364,0.305881387909113,0.443031744729718,0.246288245426954,0.0047986219342137,0.502583873349192,0.497416126650807,0.620252645394143,0.0889590681650397,0.11729964728078,0.173488639160036,rxsummary2009.xlsx,https://www.health.state.mn.us/data/apcd/publicusefiles/docs/rxsummary2009.xlsx,2026-09-19,Drug,LEVETIRACETAM,24382,45,187,308,396,670,100,,5.1,147.6,165.9,25.94,170.8
2009,MINNESOTA HEALTH CARE PROGRAMS,methsuximide,METHSUXIMIDE,Neuromuscular Drugs,301,36,27732.48,770.34,92.13,3.14,1.15,,30,29.3,90,79.4,116.53,89.67,26992.71,0,0.89,270.75,120.55,92.13,27732.48,7.2292079276e-06,0.35548172757475,0.561461794019933,0.0830564784053156,0,0.398671096345514,0.601328903654485,0.611295681063122,0.122923588039867,0.132890365448504,0.132890365448504,rxsummary2009.xlsx,https://www.health.state.mn.us/data/apcd/publicusefiles/docs/rxsummary2009.xlsx,2026-09-19,Drug,METHSUXIMIDE,301,717,211,413,499,593,823,,3.7,28.9,53.81,4.81,52.92
2009,MINNESOTA HEALTH CARE PROGRAMS,oxcarbazepine,OXCARBAZEPINE,Neuromuscular Drugs,19137,2918,1954002.28,669.63,102.1,3.48,0.85,,30,29.2,90,119.1,65.78,98.51,1885370.98,0,2.38,45609.33,67.37,102.1,1954002.28,0.0005093626236518,0.429586664576474,0.405444949574123,0.162146626953022,0.0028217588963787,0.487066938391597,0.512933061608402,0.524481371165804,0.110623399696922,0.14422323248158,0.220671996655693,rxsummary2009.xlsx,https://www.health.state.mn.us/data/apcd/publicusefiles/docs/rxsummary2009.xlsx,2026-09-19,Drug,OXCARBAZEPINE,19137,64,241,375,464,664,126,,4.8,117.5,103.06,15.85,105.89
2009,MINNESOTA HEALTH CARE PROGRAMS,phenobarbital,PHENOBARBITAL,Central Nervous System Drugs,10451,1162,63286.11,54.46,6.05,0.2,0.04,,30,29.1,60,133.4,3.82,5.21,54530.27,0,0.75,7919.62,4.25,6.05,63286.11,1.64972064568e-05,0.166778298727394,0.343125059802889,0.442254329729212,0.0478423117405033,0.513156635728638,0.486843364271361,0.572768156157305,0.0687972442828437,0.182279207731317,0.176155391828533,rxsummary2009.xlsx,https://www.health.state.mn.us/data/apcd/publicusefiles/docs/rxsummary2009.xlsx,2026-09-19,Drug,PHENOBARBITAL,10451,545,802,1181,1203,1228,185,,6.2,192.6,13.93,1.67,13.87
2009,MINNESOTA HEALTH CARE PROGRAMS,phenytoin,PHENYTOIN,Neuromuscular Drugs,2085,295,75367.8,255.48,36.14,1.33,0.2,,30,27,150,177.2,30.43,33.89,70679.29,0,1.92,4022.15,30.43,36.14,75367.8,1.96466200371e-05,0.169304556354916,0.401918465227817,0.38705035971223,0.0417266187050359,0.447482014388489,0.55251798561151,0.543405275779376,0.0810551558752997,0.160671462829736,0.214868105515587,rxsummary2009.xlsx,https://www.health.state.mn.us/data/apcd/publicusefiles/docs/rxsummary2009.xlsx,2026-09-19,Drug,PHENYTOIN,2085,509,427,656,742,1002,444,,8.4,141.9,24.77,6.7,24.91
2009,MINNESOTA HEALTH CARE PROGRAMS,phenytoin,PHENYTOIN SODIUM EXTENDED,Neuromuscular Drugs,14189,1933,529620.94,273.98,37.32,1.25,0.34,,30,29.8,90,107.2,29.52,34.05,483157.87,1,3.18,45162.36,31.72,37.32,529620.94,0.0001380597731643,0.0188878708858975,0.386496581859186,0.579251532877581,0.0153640143773345,0.435196278807526,0.564803721192473,0.568961871872577,0.0769610261470152,0.148847698921699,0.205229403058707,rxsummary2009.xlsx,https://www.health.state.mn.us/data/apcd/publicusefiles/docs/rxsummary2009.xlsx,2026-09-19,Drug,PHENYTOIN SODIUM EXTENDED,14189,183,409,648,761,867,149,,7.5,56.1,33.34,9.16,34.22
2009,MINNESOTA HEALTH CARE PROGRAMS,primidone,PRIMIDONE,Neuromuscular Drugs,1481,251,42765.66,170.38,28.87,0.95,0.3,,30,30.2,70,93.2,22.15,25.55,37853.09,1,3.12,4630.1,25.85,28.87,42765.66,1.11480058149e-05,0.050641458474004,0.348413234301147,0.586090479405806,0.0148548278190411,0.553004726536124,0.446995273463875,0.588116137744767,0.0871033085752869,0.145172180958811,0.179608372721134,rxsummary2009.xlsx,https://www.health.state.mn.us/data/apcd/publicusefiles/docs/rxsummary2009.xlsx,2026-09-19,Drug,PRIMIDONE,1481,631,515,707,846,894,505,,8.4,77.1,19.71,10.97,21.14
2009,MINNESOTA HEALTH CARE PROGRAMS,rescue_diazepam,DIAZEPAM (ANTICONVULSANT),Neuromuscular Drugs,2693,1260,1289840.13,1023.68,478.96,85.86,251.23,,2,5.5,1,1.9,350.13,469.85,1265324.36,0,3.39,9132.57,350.33,478.96,1289840.13,0.0003362311085472,,,,,0.450055699962866,0.549944300037133,0.594875603416264,0.139249907166728,0.123282584478277,0.14259190493873,rxsummary2009.xlsx,https://www.health.state.mn.us/data/apcd/publicusefiles/docs/rxsummary2009.xlsx,2026-09-19,Drug,DIAZEPAM (ANTICONVULSANT),2693,106,169,97,29,31,394,,7.9,1.8,444.26,35.35,440.96
2009,MINNESOTA HEALTH CARE PROGRAMS,rufinamide,RUFINAMIDE,Neuromuscular Drugs,477,93,161233.23,1733.69,338.01,12.43,3.07,,30,27.1,90,110,205.21,327.09,156025.6,0,4.26,2035.34,213.85,338.01,161233.23,4.20297263177e-05,0.452830188679245,0.473794549266247,0.0733752620545073,0,0.40670859538784,0.593291404612159,0.689727463312368,0.0859538784067085,0.10272536687631,0.121593291404612,rxsummary2009.xlsx,https://www.health.state.mn.us/data/apcd/publicusefiles/docs/rxsummary2009.xlsx,2026-09-19,Drug,RUFINAMIDE,477,373,106,127,182,401,734,,6.7,80,395.69,48.73,402.53
2009,MINNESOTA HEALTH CARE PROGRAMS,tiagabine,TIAGABINE HCL,Neuromuscular Drugs,748,103,252737.12,2453.75,337.88,11.43,3.96,,30,29.5,60,85.1,277.35,329.09,246161.8,0,8.31,6222.04,289.83,337.88,252737.12,6.58826470445e-05,0.129679144385026,0.525401069518716,0.344919786096256,0,0.681818181818181,0.318181818181818,0.510695187165775,0.145721925133689,0.141711229946524,0.20187165775401,rxsummary2009.xlsx,https://www.health.state.mn.us/data/apcd/publicusefiles/docs/rxsummary2009.xlsx,2026-09-19,Drug,TIAGABINE HCL,748,294,86,128,195,335,639,,4.1,58.4,231.44,32.6,232.02
2009,MINNESOTA HEALTH CARE PROGRAMS,topiramate,TOPIRAMATE,Neuromuscular Drugs,33665,6020,4038574.39,670.85,119.96,4.04,1.51,,30,29.6,60,78.9,32.3,115.05,3873187.28,0,3.84,129588.14,35.03,119.96,4038574.39,0.0010527617435039,0.176444378434575,0.557047378583098,0.265260656468141,0.0012475865141838,0.73833358087034,0.261666419129659,0.547690479726719,0.0972820436655279,0.149858903906133,0.205168572701618,rxsummary2009.xlsx,https://www.health.state.mn.us/data/apcd/publicusefiles/docs/rxsummary2009.xlsx,2026-09-19,Drug,TOPIRAMATE,33665,37,239,327,418,556,77,,5.6,59.3,181.75,27.66,186.63
2009,MINNESOTA HEALTH CARE PROGRAMS,valproate,DIVALPROEX SODIUM,Neuromuscular Drugs,56397,8359,5517944.24,660.12,97.84,3.31,1.07,,30,29.5,62,91,54.67,94.17,5311242.42,0,2.97,167672.83,55.85,97.84,5517944.24,0.0014383988104921,0.204354841569587,0.531553096795928,0.259127258542121,0.004964803092363,0.415288047236555,0.584711952763444,0.609961522776034,0.0962639856729967,0.138198840363849,0.155575651187119,rxsummary2009.xlsx,https://www.health.state.mn.us/data/apcd/publicusefiles/docs/rxsummary2009.xlsx,2026-09-19,Drug,DIVALPROEX SODIUM,56397,22,244,395,478,605,42,,5,70.2,98.88,17.54,101.24
2009,MINNESOTA HEALTH CARE PROGRAMS,valproate,VALPROATE SODIUM,Neuromuscular Drugs,2659,369,50788.51,137.63,19.1,0.69,0.04,,30,27.4,473,473.8,14.36,18.03,47954.74,0,0.37,1003.01,14.63,19.1,50788.51,1.32393748818e-05,,,,,0.406167732230161,0.593832267769838,0.577660774727341,0.0928920646859721,0.171869123730725,0.15757803685596,rxsummary2009.xlsx,https://www.health.state.mn.us/data/apcd/publicusefiles/docs/rxsummary2009.xlsx,2026-09-19,Drug,VALPROATE SODIUM,2659,592,569,825,949,1232,396,,6,288.8,14.41,2.13,15.35
2009,MINNESOTA HEALTH CARE PROGRAMS,valproate,VALPROIC ACID,Neuromuscular Drugs,895,194,38313.18,197.49,42.8,1.48,0.28,,30,28.8,120,148.3,36.05,40.4,36158.17,1,2.27,2031.98,36.05,42.8,38313.18,9.9873485742e-06,,,,,0.429050279329608,0.570949720670391,0.534078212290502,0.0491620111731843,0.186592178770949,0.230167597765363,rxsummary2009.xlsx,https://www.health.state.mn.us/data/apcd/publicusefiles/docs/rxsummary2009.xlsx,2026-09-19,Drug,VALPROIC ACID,895,651,483,598,717,919,603,,5.4,89.5,28.14,7.48,28.84
2009,MINNESOTA HEALTH CARE PROGRAMS,zonisamide,ZONISAMIDE,Neuromuscular Drugs,3792,517,210514.16,407.18,55.51,1.85,0.48,,30,29.9,112,113.6,27.65,52.39,198664.94,0,2.29,8721.36,27.65,55.51,210514.16,5.48761104073e-05,,,,,0.594936708860759,0.40506329113924,0.57964135021097,0.106012658227848,0.129746835443037,0.184599156118143,rxsummary2009.xlsx,https://www.health.state.mn.us/data/apcd/publicusefiles/docs/rxsummary2009.xlsx,2026-09-19,Drug,ZONISAMIDE,3792,328,327,539,647,781,328,,5.1,66.5,99.49,11.09,101.59
2010,COMMERCIAL,carbamazepine,CARBAMAZEPINE,Neuromuscular Drugs,25285,4329,2405231.48,555.6,95.12,2.29,0.7,0.042,30,41.3,90,135.2,24.65,69.49,1757117.82,12,25.56,646333.04,51.33,95.12,2405231.48,0.0006007437194083,0.0428712675499307,0.3694285149298,0.528060114692505,0.0596401028277634,0.546490013842198,0.453509986157801,0.639390943246984,0.116393118449673,0.104765671346648,0.139450266956693,rxsummary2010.xlsx,https://www.health.state.mn.us/data/apcd/publicusefiles/docs/rxsummary2010.xlsx,2026-09-19,Drug,CARBAMAZEPINE,25285,171,371,582,731,897,198,549,24.3,114.3,106.19,39.96,121.72
2010,COMMERCIAL,ethosuximide,ETHOSUXIMIDE,Neuromuscular Drugs,1485,232,129166.59,556.75,86.98,2.5,0.44,-0.054,30,34.7,150,194.2,46.71,68.67,101984.87,12,18.25,27110.83,63.43,86.98,129166.59,3.22613512857e-05,0.735353535353535,0.1003367003367,0.164309764309764,0,0.601346801346801,0.398653198653198,0.608080808080808,0.144781144781144,0.117171717171717,0.129966329966329,rxsummary2010.xlsx,https://www.health.state.mn.us/data/apcd/publicusefiles/docs/rxsummary2010.xlsx,2026-09-19,Drug,ETHOSUXIMIDE,1485,682,370,605,695,1005,646,877,16.7,147.7,65.58,23.25,70.05
2010,COMMERCIAL,felbamate,FELBAMATE,Neuromuscular Drugs,1587,236,1022258.62,4331.6,644.14,16.71,2.92,0.263,30,38.5,165,220.2,441.23,596.68,946938.54,25,46.93,74490.71,483.29,644.14,1022258.62,0.0002553248827327,0.490233144297416,0.331442974165091,0.16698172652804,0.0113421550094517,0.537492123503465,0.462507876496534,0.64461247637051,0.116572148708254,0.107750472589792,0.131064902331442,rxsummary2010.xlsx,https://www.health.state.mn.us/data/apcd/publicusefiles/docs/rxsummary2010.xlsx,2026-09-19,Drug,FELBAMATE,1587,298,86,128,177,529,640,115,22.2,183,548.35,87.12,557
2010,COMMERCIAL,lacosamide,LACOSAMIDE,Neuromuscular Drugs,1422,243,810830.18,3336.74,570.2,16.17,6.04,0.172,30,35.2,60,94.2,397.78,518.73,737639.2,29.97,50.56,71904.53,414.94,570.2,810830.18,0.0002025173635851,0.198312236286919,0.444444444444444,0.334036568213783,0.0232067510548523,0.580168776371308,0.419831223628691,0.710970464135021,0.115330520393811,0.0611814345991561,0.112517580872011,rxsummary2010.xlsx,https://www.health.state.mn.us/data/apcd/publicusefiles/docs/rxsummary2010.xlsx,2026-09-19,Drug,LACOSAMIDE,1422,335,100,145,184,348,658,177,18.8,71.4,385.56,87.09,393.94
2010,COMMERCIAL,lamotrigine,LAMOTRIGINE,Neuromuscular Drugs,64755,10542,7118594.14,675.26,109.93,2.9,1.36,-0.3,30,37.8,60,80.4,23.1,93.46,6052135.91,10,16.43,1063953.27,34.46,109.93,7118594.14,0.0017779788582435,0.112794378812446,0.494185777160064,0.374828198594703,0.0181916454327851,0.661045479113581,0.338954520886418,0.687051192958072,0.107512933364218,0.0963168867268936,0.109118986950814,rxsummary2010.xlsx,https://www.health.state.mn.us/data/apcd/publicusefiles/docs/rxsummary2010.xlsx,2026-09-19,Drug,LAMOTRIGINE,64755,71,335,538,642,716,91,1252,21.2,74.9,316.42,48.49,326.69
2010,COMMERCIAL,levetiracetam,LEVETIRACETAM,Neuromuscular Drugs,33879,5778,6381682,1104.47,188.36,4.91,1.29,-0.257,30,38.3,120,145.1,67.95,163.82,5550371.31,10,24.49,829864.16,85.83,188.36,6381682,0.001593923667073,0.205407479559609,0.332300244989521,0.388087015555358,0.0742052598955104,0.525576315711797,0.474423684288202,0.662180111573541,0.120487617698279,0.103426901620472,0.113905369107706,rxsummary2010.xlsx,https://www.health.state.mn.us/data/apcd/publicusefiles/docs/rxsummary2010.xlsx,2026-09-19,Drug,LEVETIRACETAM,33879,80,222,341,454,733,149,1235,21.7,130.7,282.42,58.15,294.65
2010,COMMERCIAL,methsuximide,METHSUXIMIDE,Neuromuscular Drugs,145,23,14890.78,647.42,102.69,2.79,1.47,0,30,36.6,60,69.8,82.55,89.13,12924.89,0,13.52,1960.87,86.56,102.69,14890.78,3.7192023455e-06,,,,,0.593103448275862,0.406896551724137,,,,,rxsummary2010.xlsx,https://www.health.state.mn.us/data/apcd/publicusefiles/docs/rxsummary2010.xlsx,2026-09-19,Drug,METHSUXIMIDE,145,1025,343,562,662,700,1058,692,20.1,51.2,53.64,17.8,59.85
2010,COMMERCIAL,oxcarbazepine,OXCARBAZEPINE,Neuromuscular Drugs,15027,2680,2201516.35,821.46,146.5,3.93,1.13,-0.173,30,37.2,90,129.3,70.16,125.15,1880718.14,10,21.32,320505.37,85.85,146.5,2201516.35,0.0005498627185925,0.305583283423171,0.343847740733346,0.316563518999134,0.0340054568443468,0.532973980169029,0.46702601983097,0.646436414453982,0.122313169628002,0.0996206827710121,0.131629733147002,rxsummary2010.xlsx,https://www.health.state.mn.us/data/apcd/publicusefiles/docs/rxsummary2010.xlsx,2026-09-19,Drug,OXCARBAZEPINE,15027,181,276,433,535,764,266,1167,20.6,118.2,185.54,47.1,197.15
2010,COMMERCIAL,phenobarbital,PHENOBARBITAL,Central Nervous System Drugs,5145,839,27544.89,32.83,5.35,0.12,0.04,-0.05,30,41.3,90,118.1,0,1.21,6270.67,3.52,4.13,21251.12,4.19,5.35,27544.89,6.8797618054e-06,0.103012633624878,0.172594752186588,0.63245869776482,0.0919339164237123,0.565014577259475,0.434985422740524,0.610301263362487,0.117395529640427,0.132555879494655,0.139747327502429,rxsummary2010.xlsx,https://www.health.state.mn.us/data/apcd/publicusefiles/docs/rxsummary2010.xlsx,2026-09-19,Drug,PHENOBARBITAL,5145,945,1137,1337,1347,1356,428,863,25,111.8,3.09,3.39,4.22
2010,COMMERCIAL,phenytoin,PHENYTOIN,Neuromuscular Drugs,1473,277,44021.93,158.92,29.88,0.74,0.34,0.014,30,40,45,87.7,0.72,13.56,19987.97,13.74,16.31,24025.61,20.04,29.88,44021.93,1.09951570913e-05,0.076714188730482,0.187372708757637,0.521384928716904,0.214528173794976,0.391717583163611,0.608282416836388,0.53428377460964,0.10386965376782,0.143245078071961,0.218601493550577,rxsummary2010.xlsx,https://www.health.state.mn.us/data/apcd/publicusefiles/docs/rxsummary2010.xlsx,2026-09-19,Drug,PHENYTOIN,1473,869,720,963,1105,1074,649,643,24.4,101.4,23.36,14.25,26.95
2010,COMMERCIAL,phenytoin,PHENYTOIN SODIUM EXTENDED,Neuromuscular Drugs,23572,3499,1131596.32,323.4,48,1.13,0.31,0.028,30,42.2,120,153.8,20.1,26.7,629508.25,14.97,21.27,501498.34,38.04,48,1131596.32,0.0002826336624138,0.0072543695910402,0.230018666214152,0.64928729000509,0.113439674189716,0.372687934837943,0.627312065162056,0.604742915323264,0.106439843882572,0.126845409808247,0.161971830985915,rxsummary2010.xlsx,https://www.health.state.mn.us/data/apcd/publicusefiles/docs/rxsummary2010.xlsx,2026-09-19,Drug,PHENYTOIN SODIUM EXTENDED,23572,272,505,800,962,1099,206,593,24.9,109.5,29.09,21.98,36.36
2010,COMMERCIAL,primidone,PRIMIDONE,Neuromuscular Drugs,4331,855,250976.02,293.53,57.94,1.26,0.49,-0.02,30,45.8,90,117.8,19.16,43.57,188729.09,10,14.36,62195.19,30.55,57.94,250976.02,6.26851382042e-05,0.0078503809743708,0.0921265296698222,0.610944354652505,0.289078734703301,0.502886169475871,0.497113830524128,0.651119833756638,0.0921265296698222,0.115215885476795,0.141537751096744,rxsummary2010.xlsx,https://www.health.state.mn.us/data/apcd/publicusefiles/docs/rxsummary2010.xlsx,2026-09-19,Drug,PRIMIDONE,4331,559,533,744,936,984,458,755,26.7,107,115.61,23.56,122.37
2010,COMMERCIAL,rescue_diazepam,DIAZEPAM (ANTICONVULSANT),Neuromuscular Drugs,807,584,498966.62,854.39,618.29,87.24,295.59,0.065,2,7,1,2,372.91,568.91,459112.77,30,49.2,39705.88,385.18,618.29,498966.62,0.0001246246216432,,,,,0.418835192069392,0.581164807930607,0.66542750929368,0.161090458488228,0.080545229244114,0.0929368029739776,rxsummary2010.xlsx,https://www.health.state.mn.us/data/apcd/publicusefiles/docs/rxsummary2010.xlsx,2026-09-19,Drug,DIAZEPAM (ANTICONVULSANT),807,420,267,132,48,32,764,484,11.7,3.1,621.96,91.6,615.36
2010,COMMERCIAL,rufinamide,RUFINAMIDE,Neuromuscular Drugs,284,62,224325.81,3618.15,789.87,23.64,4.73,0.704,30,33.4,150,166.8,525.01,756.68,214899.42,3.3,32.71,9291.89,555.09,789.87,224325.81,5.60288365503e-05,0.411971830985915,0.429577464788732,0.158450704225352,0,0.492957746478873,0.507042253521126,0.669014084507042,0.112676056338028,0.126760563380281,0.0915492957746478,rxsummary2010.xlsx,https://www.health.state.mn.us/data/apcd/publicusefiles/docs/rxsummary2010.xlsx,2026-09-19,Drug,RUFINAMIDE,284,583,95,104,135,400,947,22,16.5,120.8,717.3,76.13,716.39
2010,COMMERCIAL,tiagabine,TIAGABINE HCL,Neuromuscular Drugs,411,84,244980.4,2916.43,596.05,14.08,4.58,0.131,30,42.3,100,129.9,423.23,538.78,221441.79,30,56.76,23332.26,496.5,596.05,244980.4,6.11876394857e-05,,,,,0.630170316301703,0.369829683698296,0.793187347931873,0.0681265206812652,0.0997566909975669,0.0389294403892944,rxsummary2010.xlsx,https://www.health.state.mn.us/data/apcd/publicusefiles/docs/rxsummary2010.xlsx,2026-09-19,Drug,TIAGABINE HCL,411,561,112,135,207,408,881,270,26.6,127,515.26,125.32,545.64
2010,COMMERCIAL,topiramate,TOPIRAMATE,Neuromuscular Drugs,57898,12165,4634631.46,380.98,80.04,2.07,0.84,-0.543,30,38.5,60,94.6,24.01,66.01,3821856.29,10,13.99,810478.47,35.93,80.04,4634631.46,0.0011575708053543,0.0631800753048464,0.473211509896714,0.44740750975854,0.0162009050398977,0.857283498566444,0.142716501433555,0.645894504127949,0.119745068914297,0.105029534698953,0.129330892258799,rxsummary2010.xlsx,https://www.health.state.mn.us/data/apcd/publicusefiles/docs/rxsummary2010.xlsx,2026-09-19,Drug,TOPIRAMATE,57898,106,459,634,770,845,102,1280,21.7,78.3,151.68,26.46,158.58
2010,COMMERCIAL,valproate,DIVALPROEX SODIUM,Neuromuscular Drugs,40618,7287,4184679.77,574.26,103.02,2.73,0.99,-0.305,30,37.6,90,103.8,44.49,84.75,3442613.01,10,18.21,739978.27,58.15,103.02,4184679.77,0.0010451884196869,0.144098675464079,0.379289969964055,0.417598109212664,0.0590132453592003,0.474444827416416,0.525555172583583,0.681348170761731,0.114604362597863,0.0889507115072135,0.115096755133192,rxsummary2010.xlsx,https://www.health.state.mn.us/data/apcd/publicusefiles/docs/rxsummary2010.xlsx,2026-09-19,Drug,DIVALPROEX SODIUM,40618,116,363,560,667,801,127,1253,21,89.1,122.32,33.46,130.52
2010,COMMERCIAL,valproate,VALPROATE SODIUM,Neuromuscular Drugs,623,136,18426.53,135.48,29.57,0.93,0.06,0.011,30,31.4,473,438.5,16.39,23.15,14424.64,3.82,6.41,3996.66,21.39,29.57,18426.53,4.6023105302e-06,0.579454253611556,0.224719101123595,0.073836276083467,0.12199036918138,0.423756019261637,0.576243980738362,0.528089887640449,0.139646869983948,0.191011235955056,0.141252006420545,rxsummary2010.xlsx,https://www.health.state.mn.us/data/apcd/publicusefiles/docs/rxsummary2010.xlsx,2026-09-19,Drug,VALPROATE SODIUM,623,996,768,969,1027,1341,811,651,15.6,261.9,27.74,9.04,28.81
2010,COMMERCIAL,valproate,VALPROIC ACID,Neuromuscular Drugs,644,163,38049.12,233.43,59.08,1.44,0.35,-0.085,30,40.7,120,168.4,30.25,41.79,26914.01,10,17.26,11115.63,42.03,59.08,38049.12,9.5033555227e-06,0.046583850931677,0.413043478260869,0.479813664596273,0.0605590062111801,0.408385093167701,0.591614906832298,0.630434782608695,0.0854037267080745,0.14751552795031,0.136645962732919,rxsummary2010.xlsx,https://www.health.state.mn.us/data/apcd/publicusefiles/docs/rxsummary2010.xlsx,2026-09-19,Drug,VALPROIC ACID,644,896,590,741,885,1069,806,986,24.8,150.6,49.53,19.28,54.77
2010,COMMERCIAL,zonisamide,ZONISAMIDE,Neuromuscular Drugs,4399,829,363449.02,438.41,82.62,2.22,0.67,-0.17,30,37.1,90,122.9,26.3,68,299161.45,10,14.6,64257.91,36.85,82.62,363449.02,9.07770074962e-05,0.122755171629915,0.443964537394862,0.405319390770629,0.0279609002045919,0.686519663559899,0.3134803364401,0.654921573084791,0.105933166628779,0.0886565128438281,0.1504887474426,rxsummary2010.xlsx,https://www.health.state.mn.us/data/apcd/publicusefiles/docs/rxsummary2010.xlsx,2026-09-19,Drug,ZONISAMIDE,4399,481,417,627,744,909,451,1160,20.3,106.3,167.78,28.51,179.5
2010,MEDICARE,carbamazepine,CARBAMAZEPINE,Neuromuscular Drugs,38682,4847,2227497.73,459.56,57.58,1.66,0.51,0.086,30,34.6,90,112.6,15.5,48.92,1892579.76,1.1,8.58,332275.46,20.07,57.58,2227497.73,0.0005563519696215,0.0002843699912103,0.229072953828654,0.36241662788894,0.408226048291194,0.533684918049738,0.466315081950261,0.547825862158109,0.0906881753787291,0.154800682487978,0.206685279975182,rxsummary2010.xlsx,https://www.health.state.mn.us/data/apcd/publicusefiles/docs/rxsummary2010.xlsx,2026-09-19,Drug,CARBAMAZEPINE,38682,122,366,586,682,808,122,428,17.2,114.8,74.67,25.2,80.77
2010,MEDICARE,ethosuximide,ETHOSUXIMIDE,Neuromuscular Drugs,342,39,38527.58,987.88,112.65,3.45,1.02,-0.017,30,32.6,93,109.6,95.32,106.4,36390.78,1.1,6.17,2110.16,97.94,112.65,38527.58,9.6228582992e-06,0,0.514619883040935,0.307017543859649,0.178362573099415,0.69298245614035,0.307017543859649,0.426900584795321,0.181286549707602,0.0584795321637426,0.333333333333333,rxsummary2010.xlsx,https://www.health.state.mn.us/data/apcd/publicusefiles/docs/rxsummary2010.xlsx,2026-09-19,Drug,ETHOSUXIMIDE,342,736,205,408,475,647,838,852,13.9,53.4,76.11,27.93,76.4
2010,MEDICARE,felbamate,FELBAMATE,Neuromuscular Drugs,1751,172,921795.25,5359.27,526.43,17.2,2.88,0.282,30,30.5,150,182.7,455.72,508.71,890761.94,3.3,17.36,30407.91,467.89,526.43,921795.25,0.0002302326040643,0,0.472872644203312,0.454597372929754,0.0725299828669331,0.449457452884066,0.550542547115933,0.649914334665905,0.10394060536836,0.0765276984580239,0.169617361507709,rxsummary2010.xlsx,https://www.health.state.mn.us/data/apcd/publicusefiles/docs/rxsummary2010.xlsx,2026-09-19,Drug,FELBAMATE,1751,212,56,96,142,446,530,111,10.2,185,401.81,77.11,398.06
2010,MEDICARE,lacosamide,LACOSAMIDE,Neuromuscular Drugs,1475,176,521898.77,2965.33,353.82,12.32,6.13,0.043,30,28.7,60,57.6,388.42,339.39,500602.16,3.3,14.26,21046.56,391.7,353.82,521898.77,0.0001303522803736,0,0.470508474576271,0.412881355932203,0.116610169491525,0.450847457627118,0.549152542372881,0.686101694915254,0.0738983050847457,0.0772881355932203,0.162711864406779,rxsummary2010.xlsx,https://www.health.state.mn.us/data/apcd/publicusefiles/docs/rxsummary2010.xlsx,2026-09-19,Drug,LACOSAMIDE,1475,286,88,143,184,282,567,604,9.1,32.3,222.49,53.94,221.7
2010,MEDICARE,lamotrigine,LAMOTRIGINE,Neuromuscular Drugs,47164,5620,3044853.38,541.78,64.55,1.99,1,-0.427,30,32.3,60,63.9,25.9,59.84,2822435.9,1.1,4.66,220233.67,29.15,64.55,3044853.38,0.0007604991701481,0.0004240522432363,0.365087778814349,0.435946908659146,0.198541260283266,0.650220507166482,0.349779492833517,0.58536171656348,0.0855101348486133,0.158637944194724,0.170490204393181,rxsummary2010.xlsx,https://www.health.state.mn.us/data/apcd/publicusefiles/docs/rxsummary2010.xlsx,2026-09-19,Drug,LAMOTRIGINE,47164,98,334,554,635,649,100,1173,13.3,53.9,138.32,29.05,143.9
2010,MEDICARE,levetiracetam,LEVETIRACETAM,Neuromuscular Drugs,38983,5197,4570170.77,879.38,117.23,3.48,1.06,-0.349,30,33.6,60,109.6,53.14,106.14,4137962.87,1.1,10.95,426874.48,60.72,117.23,4570170.77,0.0011414707522042,0.0007695662211733,0.16130107995793,0.323730857040248,0.514198496780647,0.535130697996562,0.464869302003437,0.611728189210681,0.087397070517918,0.135418002719133,0.165456737552266,rxsummary2010.xlsx,https://www.health.state.mn.us/data/apcd/publicusefiles/docs/rxsummary2010.xlsx,2026-09-19,Drug,LEVETIRACETAM,38983,70,229,391,466,637,121,1162,16.1,117,173.04,43.42,179.85
2010,MEDICARE,methsuximide,METHSUXIMIDE,Neuromuscular Drugs,240,25,22691.68,907.66,94.54,2.84,1.15,-0.155,30,33.1,62,82.2,85.33,85.75,20580.84,3.3,8.79,2110.84,88.03,94.54,22691.68,5.6675976329e-06,0,0.316666666666666,0.416666666666666,0.266666666666666,0.683333333333333,0.316666666666666,,,,,rxsummary2010.xlsx,https://www.health.state.mn.us/data/apcd/publicusefiles/docs/rxsummary2010.xlsx,2026-09-19,Drug,METHSUXIMIDE,240,825,220,462,547,626,890,1110,13.1,43.7,59.23,20.35,57.1
2010,MEDICARE,oxcarbazepine,OXCARBAZEPINE,Neuromuscular Drugs,13056,1683,1244949.65,739.72,95.35,2.98,1.12,-0.215,30,31.9,60,84.7,62.7,90.12,1176728.75,1.1,5.16,67415.71,66.72,95.35,1244949.65,0.0003109454077231,0,0.350183823529411,0.390548406862745,0.259267769607843,0.53109681372549,0.468903186274509,0.592677696078431,0.0813419117647058,0.158471200980392,0.16750919117647,rxsummary2010.xlsx,https://www.health.state.mn.us/data/apcd/publicusefiles/docs/rxsummary2010.xlsx,2026-09-19,Drug,OXCARBAZEPINE,13056,177,273,460,527,631,233,1136,13.1,72.8,109.68,18.86,110.45
2010,MEDICARE,phenobarbital,PHENOBARBITAL,Central Nervous System Drugs,2904,390,14125.46,36.21,4.86,0.12,0.06,-0.006,30,37.6,60,80.9,2.86,2.76,8030.37,0,2.07,6032.37,4.25,4.86,14125.46,3.5280518525e-06,0,0.0158402203856749,0.0602617079889807,0.923898071625344,0.599862258953168,0.400137741046831,0.43629476584022,0.126721763085399,0.179063360881542,0.257920110192837,rxsummary2010.xlsx,https://www.health.state.mn.us/data/apcd/publicusefiles/docs/rxsummary2010.xlsx,2026-09-19,Drug,PHENOBARBITAL,2904,902,1004,1210,1223,1195,444,811,21.2,67.9,2.7,3.29,2.62
2010,MEDICARE,phenytoin,PHENYTOIN,Neuromuscular Drugs,7230,907,247489.97,272.86,34.23,1.16,0.24,0.078,30,29.3,90,137.5,21.66,28.49,206049.47,1.1,5.56,40240.69,26.17,34.23,247489.97,6.18144433624e-05,,,,,0.576763485477178,0.423236514522821,0.501659751037344,0.0777316735822959,0.159197786998616,0.261410788381742,rxsummary2010.xlsx,https://www.health.state.mn.us/data/apcd/publicusefiles/docs/rxsummary2010.xlsx,2026-09-19,Drug,PHENYTOIN,7230,413,478,718,786,975,294,463,13.5,131.8,27.19,11.23,28.06
2010,MEDICARE,phenytoin,PHENYTOIN SODIUM EXTENDED,Neuromuscular Drugs,42704,5098,1378120.04,270.32,32.27,0.88,0.29,0.01,30,36.6,90,108.9,20.3,23.25,992975.23,2.63,8.95,382243,26.02,32.27,1378120.04,0.0003442067699116,0,0.0775571375046834,0.278709254402397,0.643733608092918,0.514682465342825,0.485317534657174,0.507025103034844,0.0924269389284376,0.160898276508055,0.239649681528662,rxsummary2010.xlsx,https://www.health.state.mn.us/data/apcd/publicusefiles/docs/rxsummary2010.xlsx,2026-09-19,Drug,PHENYTOIN SODIUM EXTENDED,42704,170,484,736,862,928,109,742,19.7,82.4,21.41,17.08,25.26
2010,MEDICARE,primidone,PRIMIDONE,Neuromuscular Drugs,10918,1787,396919.94,222.11,36.35,0.9,0.36,-0.061,30,40.2,62,99.4,20.2,27.98,305485.79,4.13,8.27,90369.29,27.71,36.35,396919.94,9.91368868425e-05,0,0.0309580509250778,0.16752152408866,0.801520424986261,0.574830555046711,0.425169444953288,0.514471514929474,0.106521340904927,0.14627221102766,0.232734933137937,rxsummary2010.xlsx,https://www.health.state.mn.us/data/apcd/publicusefiles/docs/rxsummary2010.xlsx,2026-09-19,Drug,PRIMIDONE,10918,325,526,699,850,880,254,974,23.1,92.9,31.55,13.96,34.07
2010,MEDICARE,rufinamide,RUFINAMIDE,Neuromuscular Drugs,422,47,293344.04,6241.36,695.12,24.19,5.71,1.036,30,28.7,90,121.5,544.21,687.52,290134.59,0,7.6,3209.45,552.2,695.12,293344.04,7.32672057226e-05,0,0.518957345971563,0.481042654028436,0,0.559241706161137,0.440758293838862,0.616113744075829,0.130331753554502,0.0995260663507109,0.154028436018957,rxsummary2010.xlsx,https://www.health.state.mn.us/data/apcd/publicusefiles/docs/rxsummary2010.xlsx,2026-09-19,Drug,RUFINAMIDE,422,383,47,72,107,290,799,15,9.2,101.2,543.39,57.66,543.67
2010,MEDICARE,tiagabine,TIAGABINE HCL,Neuromuscular Drugs,1017,124,440795.07,3554.79,433.42,13.73,5.21,0.201,30,31.5,60,83.1,290.24,413.97,421015.52,3.3,19.06,19391.77,297.25,433.42,440795.07,0.000110095378366,0,0.449360865290068,0.405113077679449,0.145526057030481,0.618485742379547,0.381514257620452,0.649950835791543,0.0943952802359882,0.173058013765978,0.0825958702064896,rxsummary2010.xlsx,https://www.health.state.mn.us/data/apcd/publicusefiles/docs/rxsummary2010.xlsx,2026-09-19,Drug,TIAGABINE HCL,1017,308,80,118,174,312,640,164,11.4,74.8,385.79,89.1,387.01
2010,MEDICARE,topiramate,TOPIRAMATE,Neuromuscular Drugs,28899,4115,2018609.69,490.54,69.85,2.11,1.01,-0.54,30,32.9,60,68.9,32.93,65.13,1882221.9,1.1,4.67,135025.74,35.34,69.85,2018609.69,0.0005041789546194,0.0003806360081663,0.361188968476417,0.428284715734108,0.210145679781307,0.733831620471296,0.266168379528703,0.581611820478217,0.088238347347659,0.144468666735873,0.18568116543825,rxsummary2010.xlsx,https://www.health.state.mn.us/data/apcd/publicusefiles/docs/rxsummary2010.xlsx,2026-09-19,Drug,TOPIRAMATE,28899,135,352,536,612,648,144,1178,14.3,55.5,118.66,21.97,121.78
2010,MEDICARE,valproate,DIVALPROEX SODIUM,Neuromuscular Drugs,81317,9210,5961291.1,647.26,73.3,2.36,0.83,-0.342,30,31,60,87.6,42.09,67.95,5525948.24,1.1,5.27,428972.44,45.99,73.3,5961291.1,0.0014889245453787,0.0003197363404946,0.255038921750679,0.397702817369061,0.346938524539764,0.483810273374571,0.516189726625428,0.618406975171243,0.0879151960844595,0.130489319576472,0.163188509167824,rxsummary2010.xlsx,https://www.health.state.mn.us/data/apcd/publicusefiles/docs/rxsummary2010.xlsx,2026-09-19,Drug,DIVALPROEX SODIUM,81317,50,303,520,586,694,60,1161,11.2,76.4,86.57,22.02,90.33
2010,MEDICARE,valproate,VALPROATE SODIUM,Neuromuscular Drugs,3124,398,96961.28,243.62,31.03,1.27,0.05,-0.053,28,24.2,473,525.8,26.13,28.7,89686.02,0,2.3,7187.56,28.5,31.03,96961.28,2.42175775887e-05,0,0.218309859154929,0.37483994878361,0.406850192061459,0.483354673495518,0.516645326504481,0.594110115236875,0.132842509603072,0.107234314980793,0.165813060179257,rxsummary2010.xlsx,https://www.health.state.mn.us/data/apcd/publicusefiles/docs/rxsummary2010.xlsx,2026-09-19,Drug,VALPROATE SODIUM,3124,576,502,749,753,1196,432,963,9.8,384.3,18.97,6.22,19.26
2010,MEDICARE,valproate,VALPROIC ACID,Neuromuscular Drugs,1885,293,94335.84,321.96,50.04,1.45,0.34,-0.084,30,34.3,120,144.6,36.45,44.41,83724.8,1.1,5.55,10470.98,42.03,50.04,94335.84,2.35618333895e-05,0,0.133687002652519,0.461007957559681,0.405305039787798,0.49867374005305,0.501326259946949,0.653050397877984,0.0392572944297082,0.161803713527851,0.145888594164456,rxsummary2010.xlsx,https://www.health.state.mn.us/data/apcd/publicusefiles/docs/rxsummary2010.xlsx,2026-09-19,Drug,VALPROIC ACID,1885,583,450,626,718,887,518,1015,17.9,106.6,34.46,13.93,36.26
2010,MEDICARE,zonisamide,ZONISAMIDE,Neuromuscular Drugs,4720,570,330139.58,579.19,69.94,2.13,0.62,-0.14,30,32.8,90,111.5,39.8,64.63,305096.23,1.1,5.25,24787.68,42.65,69.94,330139.58,8.24574602745e-05,0,0.35614406779661,0.420762711864406,0.223093220338983,0.565254237288135,0.434745762711864,0.612711864406779,0.0771186440677966,0.11822033898305,0.191949152542372,rxsummary2010.xlsx,https://www.health.state.mn.us/data/apcd/publicusefiles/docs/rxsummary2010.xlsx,2026-09-19,Drug,ZONISAMIDE,4720,362,321,535,608,759,362,1092,13.6,79.6,116.32,42.07,128.97
2010,MINNESOTA HEALTH CARE PROGRAMS,carbamazepine,CARBAMAZEPINE,Neuromuscular Drugs,20794,2666,1458826.37,547.19,70.15,2.35,0.6,0.05,30,29.8,90,116.3,31.56,65.99,1372264.17,0,2.66,55324.68,40.27,70.15,1458826.37,0.0003643644226229,0.139463306723093,0.542945080311628,0.311051264787919,0.0065403481773588,0.5022121765894,0.497787823410599,0.562758488025391,0.0827642589208425,0.151101279215158,0.203375973838607,rxsummary2010.xlsx,https://www.health.state.mn.us/data/apcd/publicusefiles/docs/rxsummary2010.xlsx,2026-09-19,Drug,CARBAMAZEPINE,20794,101,281,488,577,737,118,527,5.7,110.7,78.22,13.2,80.61
2010,MINNESOTA HEALTH CARE PROGRAMS,ethosuximide,ETHOSUXIMIDE,Neuromuscular Drugs,1133,153,88389.69,577.71,78.01,2.6,0.4,-0.022,30,29.9,120,193.5,60.41,73.51,83295.46,0,3.31,3756.62,60.41,78.01,88389.69,2.20766905678e-05,0.608120035304501,0.299205648720211,0.0926743159752868,0,0.589585172109443,0.410414827890556,0.538393645189761,0.0829655781112091,0.172992056487202,0.205648720211827,rxsummary2010.xlsx,https://www.health.state.mn.us/data/apcd/publicusefiles/docs/rxsummary2010.xlsx,2026-09-19,Drug,ETHOSUXIMIDE,1133,504,268,461,553,816,558,808,5.5,151.7,54.16,19.39,60.41
2010,MINNESOTA HEALTH CARE PROGRAMS,felbamate,FELBAMATE,Neuromuscular Drugs,2983,310,1339882.35,4322.2,449.17,15.22,1.79,0.325,30,29.5,180,249.6,343.37,427.88,1276378.63,0,6.22,18573.95,352.75,449.17,1339882.35,0.0003346563161182,0.487763995977204,0.440831377807576,0.0714046262152195,0,0.46429768689239,0.535702313107609,0.589674824002681,0.0737512571237009,0.141468320482735,0.195105598390881,rxsummary2010.xlsx,https://www.health.state.mn.us/data/apcd/publicusefiles/docs/rxsummary2010.xlsx,2026-09-19,Drug,FELBAMATE,2983,109,67,105,158,522,386,104,5.6,209.8,515.55,50.08,519.89
2010,MINNESOTA HEALTH CARE PROGRAMS,lacosamide,LACOSAMIDE,Neuromuscular Drugs,1814,256,641734.38,2506.77,353.76,12.29,5.43,0.058,30,28.7,60,65,376.26,340.79,618201.96,0,6.13,11125.44,390.13,353.76,641734.38,0.0001602830752545,,,,,0.489525909592061,0.510474090407938,0.645534729878721,0.113561190738699,0.100330760749724,0.140573318632855,rxsummary2010.xlsx,https://www.health.state.mn.us/data/apcd/publicusefiles/docs/rxsummary2010.xlsx,2026-09-19,Drug,LACOSAMIDE,1814,172,93,132,186,304,480,499,4.9,35.6,245.9,36.16,243.37
2010,MINNESOTA HEALTH CARE PROGRAMS,lamotrigine,LAMOTRIGINE,Neuromuscular Drugs,58366,8618,2502351.82,290.36,42.87,1.44,0.64,-0.454,30,29.5,60,66.2,12.01,39.12,2283541.6,0,1.91,112017.24,13.61,42.87,2502351.82,0.0006250010246892,0.165678648528252,0.593239214611246,0.239283144296336,0.001798992564164,0.645752664222321,0.354247335777678,0.555665969913991,0.100178185930164,0.160847068498783,0.18330877565706,rxsummary2010.xlsx,https://www.health.state.mn.us/data/apcd/publicusefiles/docs/rxsummary2010.xlsx,2026-09-19,Drug,LAMOTRIGINE,58366,53,408,597,716,722,45,1180,5.3,54.1,123.06,19.64,134.62
2010,MINNESOTA HEALTH CARE PROGRAMS,levetiracetam,LEVETIRACETAM,Neuromuscular Drugs,28655,3901,2532604.86,649.21,88.38,3.01,0.57,-0.304,30,29.3,120,154.6,42.77,81.9,2346944.22,0,3.48,99984.72,44.69,88.38,2532604.86,0.0006325571887941,0.308637236084452,0.445192811027743,0.238806491013784,0.0073634618740184,0.495550514744372,0.504449485255627,0.623905077647879,0.092828476705636,0.11638457511778,0.166881870528703,rxsummary2010.xlsx,https://www.health.state.mn.us/data/apcd/publicusefiles/docs/rxsummary2010.xlsx,2026-09-19,Drug,LEVETIRACETAM,28655,51,248,433,513,754,93,1159,5.7,153.3,143.82,24.93,153.63
2010,MINNESOTA HEALTH CARE PROGRAMS,methsuximide,METHSUXIMIDE,Neuromuscular Drugs,344,41,31573.38,770.08,91.78,3.08,1.16,-0.003,30,29.7,90,78.6,85.57,86.73,29837.99,0,1.41,486.57,86.09,91.78,31573.38,7.8859394171e-06,0.450581395348837,0.473837209302325,0.0755813953488372,0,0.5,0.5,0.619186046511627,0.110465116279069,0.130813953488372,0.13953488372093,rxsummary2010.xlsx,https://www.health.state.mn.us/data/apcd/publicusefiles/docs/rxsummary2010.xlsx,2026-09-19,Drug,METHSUXIMIDE,344,716,219,428,508,598,802,744,2.4,30.3,52.83,12.89,51.67
2010,MINNESOTA HEALTH CARE PROGRAMS,oxcarbazepine,OXCARBAZEPINE,Neuromuscular Drugs,19796,3034,1611583.71,531.17,81.4,2.77,0.67,-0.202,30,29.3,84,119.7,51.44,77.08,1525922.01,0,2.39,47392.48,52.95,81.4,1611583.71,0.0004025179281635,0.426045665791068,0.409527177207516,0.162305516265912,0.0021216407355021,0.479945443523944,0.520054556476055,0.53778541119418,0.107344918165285,0.153364316023439,0.201505354617094,rxsummary2010.xlsx,https://www.health.state.mn.us/data/apcd/publicusefiles/docs/rxsummary2010.xlsx,2026-09-19,Drug,OXCARBAZEPINE,19796,89,288,450,531,705,120,1113,4.9,119.9,95.63,19.06,99.59
2010,MINNESOTA HEALTH CARE PROGRAMS,phenobarbital,PHENOBARBITAL,Central Nervous System Drugs,10319,1116,78834.02,70.63,7.63,0.26,0.05,0.261,30,29.2,60,133.2,3.96,6.69,69071.86,0,0.71,7423.38,4.25,7.63,78834.02,1.96900143643e-05,0.175889136544238,0.321833510999127,0.455179765481151,0.0470975869754821,0.517007461963368,0.482992538036631,0.584649675356139,0.0658978583196046,0.171722066091675,0.17773040023258,rxsummary2010.xlsx,https://www.health.state.mn.us/data/apcd/publicusefiles/docs/rxsummary2010.xlsx,2026-09-19,Drug,PHENOBARBITAL,10319,532,748,1126,1157,1195,197,128,6,185.6,15.8,1.75,15.76
2010,MINNESOTA HEALTH CARE PROGRAMS,phenytoin,PHENYTOIN,Neuromuscular Drugs,1906,292,74243.44,254.25,38.95,1.41,0.22,0.077,30,27.6,150,171.9,30.43,36.32,69244.28,0,1.78,3397.78,30.43,38.95,74243.44,1.85434460916e-05,0.156348373557187,0.4302203567681,0.386149003147953,0.0272822665267576,0.444910807974816,0.555089192025183,0.528856243441762,0.0986358866736621,0.164218258132214,0.20828961175236,rxsummary2010.xlsx,https://www.health.state.mn.us/data/apcd/publicusefiles/docs/rxsummary2010.xlsx,2026-09-19,Drug,PHENYTOIN,1906,543,436,627,722,974,473,432,7.6,143.1,26.17,6.63,26.98
2010,MINNESOTA HEALTH CARE PROGRAMS,phenytoin,PHENYTOIN SODIUM EXTENDED,Neuromuscular Drugs,13200,1798,512876.08,285.24,38.85,1.3,0.36,0.04,30,29.8,93,107.2,29.58,35.6,469949.35,1,3.01,39811.14,31.66,38.85,512876.08,0.0001280987241588,0.0152272727272727,0.38780303030303,0.58340909090909,0.013560606060606,0.431969696969696,0.568030303030303,0.567575757575757,0.0859090909090909,0.141439393939393,0.205075757575757,rxsummary2010.xlsx,https://www.health.state.mn.us/data/apcd/publicusefiles/docs/rxsummary2010.xlsx,2026-09-19,Drug,PHENYTOIN SODIUM EXTENDED,13200,200,414,630,746,844,168,575,7.6,53.9,34.83,10.08,35.39
2010,MINNESOTA HEALTH CARE PROGRAMS,primidone,PRIMIDONE,Neuromuscular Drugs,1618,261,44518.67,170.56,27.51,0.89,0.29,-0.047,30,30.6,62,93.1,20.93,24.2,39162.58,1,2.81,4559.56,24.35,27.51,44518.67,1.11192255802e-05,0.0562422744128553,0.334363411619283,0.587762669962917,0.0216316440049443,0.529666254635352,0.470333745364647,0.566131025957972,0.100741656365883,0.135352286773794,0.197775030902348,rxsummary2010.xlsx,https://www.health.state.mn.us/data/apcd/publicusefiles/docs/rxsummary2010.xlsx,2026-09-19,Drug,PRIMIDONE,1618,637,520,716,850,894,503,888,9.8,75.8,17.51,7.4,17.97
2010,MINNESOTA HEALTH CARE PROGRAMS,rescue_diazepam,DIAZEPAM (ANTICONVULSANT),Neuromuscular Drugs,2594,1295,1333609.52,1029.81,514.11,85.38,286.36,0.073,2,6,1,1.7,368.79,494.96,1283941.52,0,5.15,13373.95,368.79,514.11,1333609.52,0.0003330895799198,,,,,0.464148033924441,0.535851966075558,0.602544333076329,0.123361603700848,0.129915188897455,0.144178874325366,rxsummary2010.xlsx,https://www.health.state.mn.us/data/apcd/publicusefiles/docs/rxsummary2010.xlsx,2026-09-19,Drug,DIAZEPAM (ANTICONVULSANT),2594,110,178,97,36,29,405,444,8.5,1.4,435.97,50.44,435.76
2010,MINNESOTA HEALTH CARE PROGRAMS,rufinamide,RUFINAMIDE,Neuromuscular Drugs,824,109,360554.25,3307.83,437.56,16,3.79,0.294,30,27.3,120,115.3,322.82,421.12,347004.02,0,5.96,4914.27,340.25,437.56,360554.25,9.00539939687e-05,0.458737864077669,0.463592233009708,0.0776699029126213,0,0.410194174757281,0.589805825242718,0.667475728155339,0.0885922330097087,0.120145631067961,0.12378640776699,rxsummary2010.xlsx,https://www.health.state.mn.us/data/apcd/publicusefiles/docs/rxsummary2010.xlsx,2026-09-19,Drug,RUFINAMIDE,824,256,82,112,151,367,624,118,7.1,74.9,435.16,55.64,435.68
2010,MINNESOTA HEALTH CARE PROGRAMS,tiagabine,TIAGABINE HCL,Neuromuscular Drugs,563,87,214094.98,2460.86,380.27,13,4.6,0.125,30,29.2,60,82.5,329.44,370.4,208539,0,6.01,3386.07,350.2,380.27,214094.98,5.34735287066e-05,0.126110124333925,0.497335701598579,0.376554174067495,0,0.662522202486678,0.337477797513321,0.547069271758436,0.0817051509769094,0.174067495559502,0.19715808170515,rxsummary2010.xlsx,https://www.health.state.mn.us/data/apcd/publicusefiles/docs/rxsummary2010.xlsx,2026-09-19,Drug,TIAGABINE HCL,563,346,94,122,180,328,702,290,4.1,52.2,224.2,29.2,222.21
2010,MINNESOTA HEALTH CARE PROGRAMS,topiramate,TOPIRAMATE,Neuromuscular Drugs,38817,6961,1615056.56,232.01,41.6,1.4,0.53,-0.653,30,29.6,60,77.3,13.55,37.91,1471697.74,0,2.37,92348.58,15.14,41.6,1615056.56,0.0004033853261014,0.162712213720792,0.56330988999665,0.271092562537032,0.0028853337455238,0.746270963752994,0.253729036247005,0.557539222505603,0.0939536800886209,0.154571450653064,0.193935646752711,rxsummary2010.xlsx,https://www.health.state.mn.us/data/apcd/publicusefiles/docs/rxsummary2010.xlsx,2026-09-19,Drug,TOPIRAMATE,38817,88,458,605,725,763,75,1189,5.7,59.8,96.7,19.16,103.89
2010,MINNESOTA HEALTH CARE PROGRAMS,valproate,DIVALPROEX SODIUM,Neuromuscular Drugs,58226,8498,3327357.71,391.54,57.14,1.93,0.62,-0.415,30,29.5,62,91,36.13,53.77,3131162.17,0,2.16,126257.99,36.65,57.14,3327357.71,0.0008310589908407,0.198090200254181,0.535946140899254,0.260588053446913,0.0053756053996496,0.415536014838731,0.584463985161268,0.611616803489849,0.0926046783223989,0.140504242091162,0.155274276096589,rxsummary2010.xlsx,https://www.health.state.mn.us/data/apcd/publicusefiles/docs/rxsummary2010.xlsx,2026-09-19,Drug,DIVALPROEX SODIUM,58226,41,345,526,628,728,46,1175,5.1,71.7,70.2,13.25,73.05
2010,MINNESOTA HEALTH CARE PROGRAMS,valproate,VALPROATE SODIUM,Neuromuscular Drugs,2900,384,54631.29,142.26,18.83,0.68,0.04,-0.013,30,27.6,473,450.6,13.11,17.14,49711.35,0,0.49,1432.18,13.25,18.83,54631.29,1.36450086503e-05,0.493793103448275,0.409310344827586,0.093103448275862,0.0037931034482758,0.383103448275862,0.616896551724137,0.590689655172413,0.0958620689655172,0.161724137931034,0.151724137931034,rxsummary2010.xlsx,https://www.health.state.mn.us/data/apcd/publicusefiles/docs/rxsummary2010.xlsx,2026-09-19,Drug,VALPROATE SODIUM,2900,601,571,841,948,1213,391,781,6.1,283.8,14.73,3.69,15.7
2010,MINNESOTA HEALTH CARE PROGRAMS,valproate,VALPROIC ACID,Neuromuscular Drugs,794,172,29603.29,172.11,37.28,1.27,0.25,-0.129,30,29.3,120,145.9,30.65,34.16,27123.41,0.25,2.97,2365.98,32.45,37.28,29603.29,7.3938790046e-06,,,,,0.48992443324937,0.510075566750629,0.595717884130982,0.0365239294710327,0.124685138539042,0.243073047858942,rxsummary2010.xlsx,https://www.health.state.mn.us/data/apcd/publicusefiles/docs/rxsummary2010.xlsx,2026-09-19,Drug,VALPROIC ACID,794,727,519,641,753,942,634,1052,8,85.9,25.1,11.54,26.82
2010,MINNESOTA HEALTH CARE PROGRAMS,vigabatrin,VIGABATRIN,Neuromuscular Drugs,51,13,115446.68,8880.51,2263.66,75.45,26.72,,30,30,60,84.7,1769.69,2252.44,114874.55,0,0,0,1769.69,2263.66,115446.68,2.88345918109e-05,1,0,0,0,0.529411764705882,0.470588235294117,,,,,rxsummary2010.xlsx,https://www.health.state.mn.us/data/apcd/publicusefiles/docs/rxsummary2010.xlsx,2026-09-19,Drug,VIGABATRIN,51,455,28,24,43,99,1142,,0,28.6,1071.32,0,1076.44
2010,MINNESOTA HEALTH CARE PROGRAMS,zonisamide,ZONISAMIDE,Neuromuscular Drugs,4212,587,230246.49,392.24,54.66,1.83,0.48,-0.015,30,29.7,101,112.9,26.42,51.33,216212.35,0,2.06,8697.41,27.65,54.66,230246.49,5.75076178461e-05,0.225546058879392,0.583333333333333,0.191120607787274,0,0.564577397910731,0.435422602089268,0.57051282051282,0.0997150997150997,0.144586894586894,0.185185185185185,rxsummary2010.xlsx,https://www.health.state.mn.us/data/apcd/publicusefiles/docs/rxsummary2010.xlsx,2026-09-19,Drug,ZONISAMIDE,4212,333,344,546,645,782,323,785,6.1,67.4,110.12,12.82,112.83
2011,COMMERCIAL,carbamazepine,CARBAMAZEPINE,Neuromuscular Drugs,23956,4282,2404914.71,561.63,100.38,2.35,0.72,0.055,30,42.6,93,138.1,23.82,73.87,1769654.7,11.71,26.45,633777.65,51.96,100.38,2404914.71,0.0005894710051759,0.0369427283352813,0.358615795625313,0.5351895141092,0.0692519619302053,0.541826682250793,0.458173317749206,0.637376857572215,0.117465353147436,0.104733678410419,0.140424110869928,rxsummary2011.xlsx,https://www.health.state.mn.us/data/apcd/publicusefiles/docs/rxsummary2011.xlsx,2026-09-19,Drug,CARBAMAZEPINE,23956,167,387,605,748,930,204,607,25.3,116.2,116.42,44.41,132
2011,COMMERCIAL,ethosuximide,ETHOSUXIMIDE,Neuromuscular Drugs,1474,234,138163.99,590.44,93.73,2.51,0.45,0.077,30,37.2,150,204.6,50,74.63,110014.33,12,19.05,28091.32,63.83,93.73,138163.99,3.38655112074e-05,,,,,0.606512890094979,0.39348710990502,0.612618724559023,0.150610583446404,0.118724559023066,0.118046132971506,rxsummary2011.xlsx,https://www.health.state.mn.us/data/apcd/publicusefiles/docs/rxsummary2011.xlsx,2026-09-19,Drug,ETHOSUXIMIDE,1474,695,374,622,717,1031,660,531,19.9,150.7,78.64,26.9,83.84
2011,COMMERCIAL,felbamate,FELBAMATE,Neuromuscular Drugs,1443,222,1651138.56,7437.56,1144.24,29.2,4.82,0.776,30,39.1,180,237.3,878.82,1072.02,1546926.79,20,71.52,103216.75,918.42,1144.24,1651138.56,0.0004047121931604,0.493416493416493,0.328482328482328,0.164934164934164,0.0131670131670131,0.526680526680526,0.473319473319473,0.66042966042966,0.135828135828135,0.102564102564102,0.101178101178101,rxsummary2011.xlsx,https://www.health.state.mn.us/data/apcd/publicusefiles/docs/rxsummary2011.xlsx,2026-09-19,Drug,FELBAMATE,1443,224,63,94,129,434,666,40,23.3,203.1,785.84,196.1,787.12
2011,COMMERCIAL,lacosamide,LACOSAMIDE,Neuromuscular Drugs,1940,346,1190872.85,3441.82,613.85,17.55,6.76,0.076,30,34.9,60,90.7,434.72,561.5,1089322.28,30,51.84,100583.65,451.14,613.85,1190872.85,0.0002918960131963,0.171649484536082,0.441752577319587,0.351030927835051,0.0355670103092783,0.560824742268041,0.439175257731958,0.732474226804123,0.0974226804123711,0.052061855670103,0.118041237113402,rxsummary2011.xlsx,https://www.health.state.mn.us/data/apcd/publicusefiles/docs/rxsummary2011.xlsx,2026-09-19,Drug,LACOSAMIDE,1940,269,117,155,193,354,608,535,18.4,74.5,436.98,104.84,450.31
2011,COMMERCIAL,lamotrigine,LAMOTRIGINE,Neuromuscular Drugs,68241,11467,5937712.63,517.8,87.01,2.22,1.06,-0.208,30,39,60,82,9.12,71.95,4910569.25,10,15.03,1025691.65,18.87,87.01,5937712.63,0.0014553985710587,0.105200685804721,0.501003795372283,0.374745387670168,0.019050131152826,0.65591066953884,0.344089330461159,0.690318137190252,0.102240588502513,0.0981814451722571,0.109259829134977,rxsummary2011.xlsx,https://www.health.state.mn.us/data/apcd/publicusefiles/docs/rxsummary2011.xlsx,2026-09-19,Drug,LAMOTRIGINE,68241,83,403,647,766,814,89,1216,22.6,76.6,234.34,46.53,247.11
2011,COMMERCIAL,levetiracetam,LEVETIRACETAM,Neuromuscular Drugs,37163,6537,5798575.31,887.03,156.03,3.94,1.05,-0.171,30,39.5,120,147.3,43.72,132.62,4928735.86,10,23.36,868485.17,59.11,156.03,5798575.31,0.0014212944859796,0.196889379221268,0.340822861448214,0.382315744154131,0.0799720151763851,0.524015822188736,0.475984177811263,0.674218981244786,0.117966794930441,0.100691548045098,0.107122675779673,rxsummary2011.xlsx,https://www.health.state.mn.us/data/apcd/publicusefiles/docs/rxsummary2011.xlsx,2026-09-19,Drug,LEVETIRACETAM,37163,89,296,453,571,815,141,1189,22.9,134.2,296.78,62.58,313.8
2011,COMMERCIAL,methsuximide,METHSUXIMIDE,Neuromuscular Drugs,155,27,19259.35,713.3,124.25,3.48,1.57,0.209,30,35.6,60,79.1,92.68,110.3,17096.95,0,13.95,2162.4,101.14,124.25,19259.35,4.720678183e-06,0.677419354838709,0.135483870967741,0.187096774193548,0,0.619354838709677,0.380645161290322,,,,,rxsummary2011.xlsx,https://www.health.state.mn.us/data/apcd/publicusefiles/docs/rxsummary2011.xlsx,2026-09-19,Drug,METHSUXIMIDE,155,1016,344,540,620,727,1078,215,19.2,55,67.64,20.71,73.63
2011,COMMERCIAL,oxcarbazepine,OXCARBAZEPINE,Neuromuscular Drugs,15196,2725,1826509.12,670.27,120.19,3.14,0.89,-0.179,30,38.2,90,133.7,46.77,99.64,1514145.23,10,20.52,311961.61,60.33,120.19,1826509.12,0.0004476974432617,0.299289286654382,0.358515398789155,0.30909449855225,0.0331008160042116,0.539484074756514,0.460515925243485,0.627270334298499,0.122400631745196,0.102395367201895,0.147933666754409,rxsummary2011.xlsx,https://www.health.state.mn.us/data/apcd/publicusefiles/docs/rxsummary2011.xlsx,2026-09-19,Drug,OXCARBAZEPINE,15196,209,354,549,662,866,263,1192,21.5,122.7,183.67,39.85,194.31
2011,COMMERCIAL,phenobarbital,PHENOBARBITAL,Central Nervous System Drugs,5088,864,37594.28,43.51,7.38,0.17,0.06,0.38,30,42.2,90,116.9,0,2.16,11015.94,4.43,5.21,26550.66,6.02,7.38,37594.28,9.2147708724e-06,0.0988600628930817,0.185338050314465,0.618514150943396,0.0972877358490566,0.557389937106918,0.442610062893081,0.619300314465408,0.128930817610062,0.119496855345911,0.132272012578616,rxsummary2011.xlsx,https://www.health.state.mn.us/data/apcd/publicusefiles/docs/rxsummary2011.xlsx,2026-09-19,Drug,PHENOBARBITAL,5088,918,1107,1338,1368,1378,429,97,26.1,101.3,4.79,4.83,5.83
2011,COMMERCIAL,phenytoin,PHENYTOIN,Neuromuscular Drugs,1390,279,47795.09,171.3,34.38,0.88,0.36,0.15,30,39,41,94.5,1.88,15.85,22040.43,15.45,18.52,25743.92,20.13,34.38,47795.09,1.17151014244e-05,0.0661870503597122,0.217266187050359,0.536690647482014,0.179856115107913,0.330935251798561,0.669064748201438,0.558273381294964,0.120863309352517,0.120143884892086,0.200719424460431,rxsummary2011.xlsx,https://www.health.state.mn.us/data/apcd/publicusefiles/docs/rxsummary2011.xlsx,2026-09-19,Drug,PHENYTOIN,1390,884,734,953,1080,1090,673,323,22.9,119.7,28.78,16.25,34.64
2011,COMMERCIAL,phenytoin,PHENYTOIN SODIUM EXTENDED,Neuromuscular Drugs,21336,3238,1108791.92,342.43,51.96,1.2,0.32,0.082,30,43.2,120,158.2,19.88,28.38,605684.59,15,23.54,502387.75,39.86,51.96,1108791.92,0.0002717770758753,0.0077334083239595,0.22225346831646,0.656496062992125,0.113517060367454,0.364220097487814,0.635779902512185,0.606299212598425,0.107939632545931,0.119656917885264,0.166104236970378,rxsummary2011.xlsx,https://www.health.state.mn.us/data/apcd/publicusefiles/docs/rxsummary2011.xlsx,2026-09-19,Drug,PHENYTOIN SODIUM EXTENDED,21336,288,504,814,977,1117,217,516,25.8,115.5,32.88,26.23,42.11
2011,COMMERCIAL,primidone,PRIMIDONE,Neuromuscular Drugs,4390,879,234021.5,266.23,53.3,1.16,0.45,-0.08,30,45.7,90,118,14.26,38.96,171039.02,10,14.33,62929.3,24.83,53.3,234021.5,5.7361239575e-05,0.0077448747152619,0.0881548974943052,0.633029612756264,0.271070615034168,0.497722095671981,0.502277904328018,0.635763097949886,0.109339407744874,0.108428246013667,0.146469248291571,rxsummary2011.xlsx,https://www.health.state.mn.us/data/apcd/publicusefiles/docs/rxsummary2011.xlsx,2026-09-19,Drug,PRIMIDONE,4390,584,576,800,990,1034,451,1037,26.5,103.9,123.49,28.21,130.82
2011,COMMERCIAL,rescue_diazepam,DIAZEPAM (ANTICONVULSANT),Neuromuscular Drugs,937,634,494309.9,779.66,527.54,81.71,194.15,-0.146,2,6.4,1,2.7,319.13,487.95,457215.91,11,39.34,36863.21,332.79,527.54,494309.9,0.000121160784792,,,,,0.468516542155816,0.531483457844183,0.711846318036286,0.107790821771611,0.0779082177161152,0.102454642475987,rxsummary2011.xlsx,https://www.health.state.mn.us/data/apcd/publicusefiles/docs/rxsummary2011.xlsx,2026-09-19,Drug,DIAZEPAM (ANTICONVULSANT),937,437,324,173,60,42,742,1162,10.5,13.8,631.33,77.95,629.2
2011,COMMERCIAL,rufinamide,RUFINAMIDE,Neuromuscular Drugs,305,57,286592.27,5027.93,939.64,29.72,5.42,0.189,30,31.6,150,173,674.39,894.36,272780.03,0,44.28,13508.32,718.02,939.64,286592.27,7.02469126119e-05,,,,,0.518032786885245,0.481967213114754,0.747540983606557,0.150819672131147,0.0622950819672131,0.0393442622950819,rxsummary2011.xlsx,https://www.health.state.mn.us/data/apcd/publicusefiles/docs/rxsummary2011.xlsx,2026-09-19,Drug,RUFINAMIDE,305,542,90,112,127,406,954,245,14.1,120.9,746.27,134.88,759.01
2011,COMMERCIAL,tiagabine,TIAGABINE HCL,Neuromuscular Drugs,389,92,232340.54,2525.44,597.27,14.81,5.12,0.002,30,40.3,90,116.5,416.28,526.4,204771.18,35.66,70.34,27363.34,478.24,597.27,232340.54,5.69492178194e-05,,,,,0.660668380462724,0.339331619537275,0.760925449871465,0.0822622107969151,0.105398457583547,0.0514138817480719,rxsummary2011.xlsx,https://www.health.state.mn.us/data/apcd/publicusefiles/docs/rxsummary2011.xlsx,2026-09-19,Drug,TIAGABINE HCL,389,585,138,158,220,419,905,795,25.6,114.8,556.93,154.43,578.56
2011,COMMERCIAL,topiramate,TOPIRAMATE,Neuromuscular Drugs,59286,13201,3143038.1,238.09,53.01,1.31,0.54,-0.337,30,40.3,60,97.2,7.24,40.51,2401818.75,9.15,12.48,740156.7,16.46,53.01,3143038.1,0.0007703931538234,0.0633707789360051,0.473180852140471,0.448250851803123,0.0151975171203994,0.847670613635596,0.152329386364403,0.6425125662045,0.121698208683331,0.106854906723341,0.128934318388827,rxsummary2011.xlsx,https://www.health.state.mn.us/data/apcd/publicusefiles/docs/rxsummary2011.xlsx,2026-09-19,Drug,TOPIRAMATE,59286,133,614,804,945,993,98,1268,23.4,82.8,151.39,37.07,163.78
2011,COMMERCIAL,valproate,DIVALPROEX SODIUM,Neuromuscular Drugs,39675,7486,3041376.26,406.27,76.65,1.98,0.72,-0.255,30,38.5,90,106.1,26.85,59,2341156.12,10,17.61,698812.57,39.25,76.65,3041376.26,0.0007454747204322,0.133509766855702,0.388355387523629,0.412375551354757,0.0657592942659105,0.469590422180214,0.530409577819785,0.687511027095148,0.114959042218021,0.089880277252678,0.107649653434152,rxsummary2011.xlsx,https://www.health.state.mn.us/data/apcd/publicusefiles/docs/rxsummary2011.xlsx,2026-09-19,Drug,DIVALPROEX SODIUM,39675,138,468,681,810,933,135,1247,21.9,91.7,108.58,36.43,120.05
2011,COMMERCIAL,valproate,VALPROATE SODIUM,Neuromuscular Drugs,708,147,19951.2,135.72,28.17,0.89,0.06,-0.047,30,31.6,450,443.5,16.65,21.54,15252.2,5.37,6.63,4696.93,22.39,28.17,19951.2,4.8902582156e-06,0.610169491525423,0.168079096045197,0.100282485875706,0.121468926553672,0.375706214689265,0.624293785310734,0.639830508474576,0.137005649717514,0.103107344632768,0.120056497175141,rxsummary2011.xlsx,https://www.health.state.mn.us/data/apcd/publicusefiles/docs/rxsummary2011.xlsx,2026-09-19,Drug,VALPROATE SODIUM,708,1009,803,1017,1075,1377,794,969,15.6,262,23.82,8.15,23.86
2011,COMMERCIAL,valproate,VALPROIC ACID,Neuromuscular Drugs,634,159,33613.04,211.4,53.01,1.34,0.34,-0.102,30,39.4,120,153.4,21.79,37.16,23559.95,12,15.83,10037.83,33.25,53.01,33613.04,8.2389252281e-06,0.0425867507886435,0.358044164037854,0.542586750788643,0.056782334384858,0.443217665615141,0.556782334384858,0.572555205047318,0.0772870662460567,0.148264984227129,0.201892744479495,rxsummary2011.xlsx,https://www.health.state.mn.us/data/apcd/publicusefiles/docs/rxsummary2011.xlsx,2026-09-19,Drug,VALPROIC ACID,634,937,654,803,939,1101,811,1099,24,144.2,48.45,14.06,52.39
2011,COMMERCIAL,zonisamide,ZONISAMIDE,Neuromuscular Drugs,4461,862,337319.48,391.32,75.61,1.95,0.61,-0.084,30,38.6,90,122.4,22.4,61.3,273483.23,10,14.3,63804.52,32.51,75.61,337319.48,8.26807088476e-05,0.143241425689307,0.407083613539565,0.427258462228199,0.0224164985429275,0.688186505267877,0.311813494732122,0.680116565792423,0.0928043039677202,0.0840618695359784,0.143017260703878,rxsummary2011.xlsx,https://www.health.state.mn.us/data/apcd/publicusefiles/docs/rxsummary2011.xlsx,2026-09-19,Drug,ZONISAMIDE,4461,510,482,687,820,967,447,1052,21.6,107.9,184.64,34.37,197.13
2011,MEDICARE,carbamazepine,CARBAMAZEPINE,Neuromuscular Drugs,36791,4682,2308427.15,493.04,62.74,1.73,0.59,0.089,30,36.1,90,105.7,17.1,54.31,1998450.35,1.1,8.34,306975.04,21.96,62.74,2308427.15,0.0005658208446344,0,0.220977956565464,0.376994373623984,0.402027669810551,0.535538582805577,0.464461417194422,0.550569432741703,0.0897773912098067,0.153189638770351,0.206463537278138,rxsummary2011.xlsx,https://www.health.state.mn.us/data/apcd/publicusefiles/docs/rxsummary2011.xlsx,2026-09-19,Drug,CARBAMAZEPINE,36791,117,372,592,697,798,124,505,19.2,109.6,84.83,23.91,90.23
2011,MEDICARE,ethosuximide,ETHOSUXIMIDE,Neuromuscular Drugs,415,44,53119.85,1207.26,127.99,3.79,1.08,0.136,30,33.7,90,117.7,98.56,120.89,50173.32,1.1,7.02,2916.81,117.13,127.99,53119.85,1.30202585746e-05,0,0.453012048192771,0.349397590361445,0.197590361445783,0.706024096385542,0.293975903614457,0.44578313253012,0.12289156626506,0.072289156626506,0.359036144578313,rxsummary2011.xlsx,https://www.health.state.mn.us/data/apcd/publicusefiles/docs/rxsummary2011.xlsx,2026-09-19,Drug,ETHOSUXIMIDE,415,703,191,411,472,643,793,370,16,95,86.68,27.01,85.91
2011,MEDICARE,felbamate,FELBAMATE,Neuromuscular Drugs,2064,189,1755274.54,9287.16,850.42,27.83,6.87,0.615,30,30.5,90,123.6,828.32,831.64,1716525.25,0,18.11,37397.64,842.33,850.42,1755274.54,0.0004302370654357,0,0.483527131782945,0.441860465116279,0.0746124031007751,0.469476744186046,0.530523255813953,0.667635658914728,0.10125968992248,0.0741279069767441,0.156976744186046,rxsummary2011.xlsx,https://www.health.state.mn.us/data/apcd/publicusefiles/docs/rxsummary2011.xlsx,2026-09-19,Drug,FELBAMATE,2064,150,38,78,116,294,500,63,10.7,156,601,81.38,601.67
2011,MEDICARE,lacosamide,LACOSAMIDE,Neuromuscular Drugs,1825,216,801697.61,3711.56,439.28,14.46,7.44,0.241,30,30.3,60,59,427.02,413.78,755151.86,3.3,25.15,45903.96,435.15,439.28,801697.61,0.0001965048881146,0,0.460821917808219,0.376438356164383,0.162739726027397,0.430684931506849,0.56931506849315,0.658630136986301,0.0657534246575342,0.0958904109589041,0.17972602739726,rxsummary2011.xlsx,https://www.health.state.mn.us/data/apcd/publicusefiles/docs/rxsummary2011.xlsx,2026-09-19,Drug,LACOSAMIDE,1825,239,89,140,186,278,525,187,11.5,40.9,266.39,78.05,266.65
2011,MEDICARE,lamotrigine,LAMOTRIGINE,Neuromuscular Drugs,48441,5928,2461103.23,415.16,50.8,1.51,0.82,-0.213,30,33.5,56,61.5,15.16,46.53,2254063.34,1.1,4.2,203894.54,18.12,50.8,2461103.23,0.0006032434284665,0,0.350550153795338,0.441010714064532,0.208439132140129,0.637806816539708,0.362193183460291,0.571581924402881,0.0856299415784149,0.163745587415619,0.179042546603084,rxsummary2011.xlsx,https://www.health.state.mn.us/data/apcd/publicusefiles/docs/rxsummary2011.xlsx,2026-09-19,Drug,LAMOTRIGINE,48441,109,407,652,731,717,93,1124,15.5,56.3,148.45,20.84,153.56
2011,MEDICARE,levetiracetam,LEVETIRACETAM,Neuromuscular Drugs,43661,5971,3876663.66,649.24,88.79,2.53,0.85,-0.242,30,35,60,104.3,35.54,78.66,3434533.21,1.1,9.97,435680.48,43.84,88.79,3876663.66,0.0009502128349447,0,0.162272966720872,0.317926753853553,0.519800279425574,0.527106571081743,0.472893428918256,0.602688898559355,0.0934930487162456,0.128993838895123,0.174824213829275,rxsummary2011.xlsx,https://www.health.state.mn.us/data/apcd/publicusefiles/docs/rxsummary2011.xlsx,2026-09-19,Drug,LEVETIRACETAM,43661,75,321,504,603,709,105,1140,18.4,121.2,170.44,34.5,177.35
2011,MEDICARE,methsuximide,METHSUXIMIDE,Neuromuscular Drugs,183,20,24717.17,1235.85,135.06,3.76,1.93,0.428,30,35.8,60,69.8,102.43,118.62,21709.06,3.3,16.37,2997.48,110.59,135.06,24717.17,6.0584498004e-06,0,0.371584699453551,0.349726775956284,0.278688524590163,0.661202185792349,0.33879781420765,,,,,rxsummary2011.xlsx,https://www.health.state.mn.us/data/apcd/publicusefiles/docs/rxsummary2011.xlsx,2026-09-19,Drug,METHSUXIMIDE,183,833,185,389,473,562,924,97,18.9,45.7,77.65,38.37,88.39
2011,MEDICARE,oxcarbazepine,OXCARBAZEPINE,Neuromuscular Drugs,12859,1736,1131735.89,651.92,88.01,2.64,1.07,-0.077,30,33.2,60,82.1,50.96,82.61,1062333.24,1.1,5.32,68499.08,55.15,88.01,1131735.89,0.0002774008948833,0,0.340073100552142,0.394898514658993,0.265028384788863,0.522280115094486,0.477719884905513,0.573217201959716,0.0882650283847888,0.158721518002955,0.179796251652539,rxsummary2011.xlsx,https://www.health.state.mn.us/data/apcd/publicusefiles/docs/rxsummary2011.xlsx,2026-09-19,Drug,OXCARBAZEPINE,12859,196,320,506,589,651,232,1017,15.5,77.5,116.07,17.45,117.39
2011,MEDICARE,phenobarbital,PHENOBARBITAL,Central Nervous System Drugs,2850,368,20487.68,55.67,7.18,0.18,0.08,0.477,30,39,60,85,3.81,3.9,11121.92,0,3.25,9273.12,6.39,7.18,20487.68,5.021755355e-06,0,0.02,0.0540350877192982,0.925964912280701,0.588070175438596,0.411929824561403,0.45578947368421,0.147719298245614,0.162105263157894,0.23438596491228,rxsummary2011.xlsx,https://www.health.state.mn.us/data/apcd/publicusefiles/docs/rxsummary2011.xlsx,2026-09-19,Drug,PHENOBARBITAL,2850,870,920,1161,1185,1171,440,78,22.8,70.6,3.6,5.55,4.36
2011,MEDICARE,phenytoin,PHENYTOIN,Neuromuscular Drugs,6723,906,253798.2,280.13,37.75,1.25,0.3,0.102,30,30,60,124.2,21.79,30.9,207768.88,1.1,6.59,44363.25,27.66,37.75,253798.2,6.22087259243e-05,0,0.104566413803361,0.296296296296296,0.599137289900342,0.550944518816004,0.449055481183995,0.492190986166889,0.086271009965789,0.159006395954187,0.262531607913134,rxsummary2011.xlsx,https://www.health.state.mn.us/data/apcd/publicusefiles/docs/rxsummary2011.xlsx,2026-09-19,Drug,PHENYTOIN,6723,426,502,727,782,950,303,466,14.5,126.7,30.33,14.01,32.43
2011,MEDICARE,phenytoin,PHENYTOIN SODIUM EXTENDED,Neuromuscular Drugs,37848,4727,1308189.61,276.74,34.56,0.9,0.31,0.071,30,38.1,90,108.7,19.5,24.14,913785.69,2.5,10.33,391116.41,26.33,34.56,1308189.61,0.0003206516393953,0,0.0778905094060452,0.283872331430987,0.638237159162967,0.49796554639611,0.502034453603889,0.500792644261255,0.0991862185584443,0.154090044388078,0.245931092792221,rxsummary2011.xlsx,https://www.health.state.mn.us/data/apcd/publicusefiles/docs/rxsummary2011.xlsx,2026-09-19,Drug,PHENYTOIN SODIUM EXTENDED,37848,176,505,751,871,939,120,552,21.6,91.5,24.17,21.37,30.23
2011,MEDICARE,primidone,PRIMIDONE,Neuromuscular Drugs,11051,1848,362145.15,195.96,32.77,0.77,0.32,-0.098,30,42.2,62,100.2,16.17,24.38,269523.31,5,8.26,91365.27,23.49,32.77,362145.15,8.87657531896e-05,0,0.0299520405393177,0.164419509546647,0.805628449914034,0.571893946249208,0.428106053750791,0.515971405302687,0.108496968600126,0.140982716496244,0.234548909600941,rxsummary2011.xlsx,https://www.health.state.mn.us/data/apcd/publicusefiles/docs/rxsummary2011.xlsx,2026-09-19,Drug,PRIMIDONE,11051,361,590,772,926,928,249,1051,24.6,100.5,31.37,12.19,33.45
2011,MEDICARE,rufinamide,RUFINAMIDE,Neuromuscular Drugs,679,64,523126.75,8173.85,770.43,27.01,10.31,0.108,30,28.5,30,74.6,614.44,766.26,520294.38,0,3.89,2645.67,617.74,770.43,523126.75,0.0001282241111814,,,,,0.506627393225331,0.493372606774668,0.589101620029455,0.110456553755522,0.0854197349042709,0.215022091310751,rxsummary2011.xlsx,https://www.health.state.mn.us/data/apcd/publicusefiles/docs/rxsummary2011.xlsx,2026-09-19,Drug,RUFINAMIDE,679,298,46,84,121,236,703,446,8.4,86.6,655.6,27.52,656.81
2011,MEDICARE,tiagabine,TIAGABINE HCL,Neuromuscular Drugs,885,101,440082.41,4357.25,497.26,15.64,6.92,0.147,30,31.7,45,71.8,326.81,481.09,425771.3,3.3,15.71,13911.21,348.74,497.26,440082.41,0.0001078690314896,0,0.39774011299435,0.43502824858757,0.167231638418079,0.557062146892655,0.442937853107344,0.723163841807909,0.0971751412429378,0.101694915254237,0.0779661016949152,rxsummary2011.xlsx,https://www.health.state.mn.us/data/apcd/publicusefiles/docs/rxsummary2011.xlsx,2026-09-19,Drug,TIAGABINE HCL,885,332,81,128,180,292,661,344,11.8,95,517.82,58.86,518.89
2011,MEDICARE,topiramate,TOPIRAMATE,Neuromuscular Drugs,29991,4488,1395608.06,310.96,46.53,1.34,0.68,-0.333,30,34.7,60,68.1,17.15,42.19,1265412.66,1.1,4.28,128469.37,19.83,46.53,1395608.06,0.0003420788614827,0,0.349071388083091,0.427461571804874,0.223467040112033,0.729718915674702,0.270281084325297,0.577206495281917,0.0883264979493848,0.148244473342002,0.186222533426694,rxsummary2011.xlsx,https://www.health.state.mn.us/data/apcd/publicusefiles/docs/rxsummary2011.xlsx,2026-09-19,Drug,TOPIRAMATE,29991,171,473,669,766,773,142,1159,17.2,62.7,119.98,17.28,123.81
2011,MEDICARE,valproate,DIVALPROEX SODIUM,Neuromuscular Drugs,80513,9249,4834095.03,522.66,60.04,1.89,0.72,-0.18,30,31.7,60,82.4,33.22,55.04,4431794.76,1.1,4.91,395667.4,37.42,60.04,4834095.03,0.0011848897778376,0,0.255610895134947,0.398830002608274,0.345559102256778,0.475972824264404,0.524027175735595,0.613590351868642,0.0893023486890315,0.130811173350887,0.166296126091438,rxsummary2011.xlsx,https://www.health.state.mn.us/data/apcd/publicusefiles/docs/rxsummary2011.xlsx,2026-09-19,Drug,DIVALPROEX SODIUM,80513,58,359,606,658,749,61,1116,12.9,81.3,82.71,18.55,85.88
2011,MEDICARE,valproate,VALPROATE SODIUM,Neuromuscular Drugs,3335,402,95516.63,237.6,28.64,1.13,0.07,-0.077,30,25.2,473,405.2,22.13,25.62,85447.32,1.1,3,10011.06,25.3,28.64,95516.63,2.34121749361e-05,0,0.243178410794602,0.358020989505247,0.398800599700149,0.467466266866566,0.532533733133433,0.568815592203898,0.126836581709145,0.12863568215892,0.175712143928035,rxsummary2011.xlsx,https://www.health.state.mn.us/data/apcd/publicusefiles/docs/rxsummary2011.xlsx,2026-09-19,Drug,VALPROATE SODIUM,3335,596,539,816,804,1187,412,1018,9.5,342.7,18.59,8.99,21.57
2011,MEDICARE,valproate,VALPROIC ACID,Neuromuscular Drugs,1830,274,94755.68,345.82,51.77,1.46,0.37,0.034,30,35.4,120,137.8,37.89,46.11,84396.66,1.1,5.55,10161.3,41.98,51.77,94755.68,2.32256577347e-05,0,0.124590163934426,0.47103825136612,0.404371584699453,0.441530054644808,0.558469945355191,0.625136612021857,0.0486338797814207,0.152459016393442,0.173770491803278,rxsummary2011.xlsx,https://www.health.state.mn.us/data/apcd/publicusefiles/docs/rxsummary2011.xlsx,2026-09-19,Drug,VALPROIC ACID,1830,598,441,649,740,899,524,693,19.3,120.9,42.28,13.76,44.35
2011,MEDICARE,zonisamide,ZONISAMIDE,Neuromuscular Drugs,5262,634,361543.11,570.25,68.7,2.06,0.72,-0.017,30,33.2,62,94.9,35.55,63.25,332830.62,1.1,5.38,28334.15,41.14,68.7,361543.11,8.86181865743e-05,0,0.324211326491828,0.438806537438236,0.236982136069935,0.559103002660585,0.440896997339414,0.589889775750665,0.089129608513873,0.1345496009122,0.186431014823261,rxsummary2011.xlsx,https://www.health.state.mn.us/data/apcd/publicusefiles/docs/rxsummary2011.xlsx,2026-09-19,Drug,ZONISAMIDE,5262,362,342,571,635,752,341,874,14.9,85.4,125.59,35.55,136.43
2011,MINNESOTA HEALTH CARE PROGRAMS,carbamazepine,CARBAMAZEPINE,Neuromuscular Drugs,19479,2574,1348158.76,523.76,69.21,2.31,0.61,-0.013,30,29.9,90,112.9,30.76,65.19,1270024.04,0,2.61,50940.48,34.7,69.21,1348158.76,0.0003304485169846,0.127162585348323,0.551825042353303,0.314903229118537,0.0061091431798346,0.502233174187586,0.497766825812413,0.550952307613327,0.0881975460752605,0.159813132090969,0.201037014220442,rxsummary2011.xlsx,https://www.health.state.mn.us/data/apcd/publicusefiles/docs/rxsummary2011.xlsx,2026-09-19,Drug,CARBAMAZEPINE,19479,111,301,495,570,724,126,749,6.7,102.2,76.9,14.38,78.93
2011,MINNESOTA HEALTH CARE PROGRAMS,ethosuximide,ETHOSUXIMIDE,Neuromuscular Drugs,1209,162,83549.27,515.73,69.1,2.32,0.35,-0.114,30,29.7,120,195.9,58.33,66.03,79832.55,0,1.85,2236.88,60.41,69.1,83549.27,2.04788435797e-05,0.650124069478908,0.270471464019851,0.0794044665012406,0,0.60545905707196,0.394540942928039,0.564102564102564,0.110008271298593,0.174524400330851,0.15136476426799,rxsummary2011.xlsx,https://www.health.state.mn.us/data/apcd/publicusefiles/docs/rxsummary2011.xlsx,2026-09-19,Drug,ETHOSUXIMIDE,1209,533,302,496,567,846,551,1005,4.8,163.7,48.14,12.35,47.5
2011,MINNESOTA HEALTH CARE PROGRAMS,felbamate,FELBAMATE,Neuromuscular Drugs,3004,311,2407101.57,7739.87,801.29,27.07,3.34,0.783,30,29.6,180,239.8,729.53,769.61,2311912.97,0,6.8,20430.49,742.21,801.29,2407101.57,0.0005900070285771,0.484354194407456,0.455725699067909,0.0599201065246338,0,0.46005326231691,0.539946737683089,0.559587217043941,0.0838881491344873,0.142143808255659,0.214380825565912,rxsummary2011.xlsx,https://www.health.state.mn.us/data/apcd/publicusefiles/docs/rxsummary2011.xlsx,2026-09-19,Drug,FELBAMATE,3004,62,42,75,114,409,388,37,4.9,195.4,668.15,68.26,677.4
2011,MINNESOTA HEALTH CARE PROGRAMS,lacosamide,LACOSAMIDE,Neuromuscular Drugs,2426,303,898393.61,2964.99,370.31,12.71,4.74,0.046,30,29.1,60,78,411.65,358.03,868586.39,0,6.68,16211.11,411.65,370.31,898393.61,0.0002202061395891,0.279472382522671,0.599340478153338,0.12118713932399,0,0.518549051937345,0.481450948062654,0.624072547403132,0.0972794723825226,0.0952184666117065,0.183429513602638,rxsummary2011.xlsx,https://www.health.state.mn.us/data/apcd/publicusefiles/docs/rxsummary2011.xlsx,2026-09-19,Drug,LACOSAMIDE,2426,149,96,143,191,335,429,547,5,91.6,224.92,41.49,220.16
2011,MINNESOTA HEALTH CARE PROGRAMS,lamotrigine,LAMOTRIGINE,Neuromuscular Drugs,60062,9061,2412712.11,266.27,40.17,1.35,0.6,-0.063,30,29.6,60,65.9,11.38,37.39,2245736.7,0,1.47,88381.72,12.4,40.17,2412712.11,0.0005913822335437,0.165961839432586,0.592254670174153,0.240667976424361,0.0011155139688988,0.65798674702807,0.342013252971929,0.555958842529386,0.10284372814758,0.154939895441377,0.186257533881655,rxsummary2011.xlsx,https://www.health.state.mn.us/data/apcd/publicusefiles/docs/rxsummary2011.xlsx,2026-09-19,Drug,LAMOTRIGINE,60062,61,429,622,720,726,45,891,5.9,53.5,122.76,13.44,128
2011,MINNESOTA HEALTH CARE PROGRAMS,levetiracetam,LEVETIRACETAM,Neuromuscular Drugs,31183,4447,2586750.22,581.68,82.95,2.81,0.53,-0.061,30,29.4,120,155.3,41.59,77.5,2416719.04,0,2.91,91053.84,43.81,82.95,2586750.22,0.0006340408855175,0.314915178141936,0.430138216335824,0.245999422762402,0.008947182759837,0.502966359875573,0.497033640124426,0.621524548632267,0.0921976718083571,0.122630920693967,0.163646858865407,rxsummary2011.xlsx,https://www.health.state.mn.us/data/apcd/publicusefiles/docs/rxsummary2011.xlsx,2026-09-19,Drug,LEVETIRACETAM,31183,56,285,455,535,758,89,884,5.6,152.9,155.58,23.52,165.22
2011,MINNESOTA HEALTH CARE PROGRAMS,methsuximide,METHSUXIMIDE,Neuromuscular Drugs,304,35,31508.25,900.23,103.64,3.53,1.19,0.129,30,29.3,90,86.5,99.64,98.53,29955.91,0,0.21,65.49,110.59,103.64,31508.25,7.7230180852e-06,0.447368421052631,0.513157894736842,0.0394736842105263,0,0.483552631578947,0.516447368421052,0.631578947368421,0.121710526315789,0.115131578947368,0.131578947368421,rxsummary2011.xlsx,https://www.health.state.mn.us/data/apcd/publicusefiles/docs/rxsummary2011.xlsx,2026-09-19,Drug,METHSUXIMIDE,304,737,212,408,484,584,813,294,3.9,54.2,58.48,0.75,55.56
2011,MINNESOTA HEALTH CARE PROGRAMS,oxcarbazepine,OXCARBAZEPINE,Neuromuscular Drugs,20136,2993,1498267.52,500.59,74.4,2.54,0.62,-0.086,30,29.2,75,118.5,38.71,70.15,1412582.56,0,1.61,32467.77,39.71,74.4,1498267.52,0.0003672418224914,0.440802542709574,0.407628128724672,0.149682161303138,0.0018871672626142,0.480085419149781,0.519914580850218,0.543454509336511,0.104886769964243,0.153853794199443,0.197804926499801,rxsummary2011.xlsx,https://www.health.state.mn.us/data/apcd/publicusefiles/docs/rxsummary2011.xlsx,2026-09-19,Drug,OXCARBAZEPINE,20136,103,307,476,556,719,124,955,5.3,120.6,107.64,12.72,112.31
2011,MINNESOTA HEALTH CARE PROGRAMS,phenobarbital,PHENOBARBITAL,Central Nervous System Drugs,10233,1084,89151.63,82.24,8.71,0.29,0.06,0.14,30,29,62,136.7,4.25,7.71,78956.6,0,0.76,7856.55,4.67,8.71,89151.63,2.18520435384e-05,0.188507768982703,0.29766441903645,0.466236685234046,0.0475911267467995,0.519593472100068,0.480406527899931,0.570116290432913,0.0689924753249291,0.183523893286426,0.177367340955731,rxsummary2011.xlsx,https://www.health.state.mn.us/data/apcd/publicusefiles/docs/rxsummary2011.xlsx,2026-09-19,Drug,PHENOBARBITAL,10233,516,694,1087,1114,1169,199,264,6.2,189,16.49,1.85,16.47
2011,MINNESOTA HEALTH CARE PROGRAMS,phenytoin,PHENYTOIN,Neuromuscular Drugs,1738,264,72500.14,274.62,41.71,1.49,0.23,0.07,30,27.9,150,175.8,30.43,39.36,68420.15,0,1.41,2467.01,31.04,41.71,72500.14,1.77705804798e-05,0.164556962025316,0.468354430379746,0.346950517836593,0.0201380897583429,0.498849252013808,0.501150747986191,0.533371691599539,0.098964326812428,0.181242807825086,0.186421173762945,rxsummary2011.xlsx,https://www.health.state.mn.us/data/apcd/publicusefiles/docs/rxsummary2011.xlsx,2026-09-19,Drug,PHENYTOIN,1738,566,425,610,696,954,483,465,7.6,149.4,27.93,7.12,28.31
2011,MINNESOTA HEALTH CARE PROGRAMS,phenytoin,PHENYTOIN SODIUM EXTENDED,Neuromuscular Drugs,11927,1620,481038.75,296.93,40.33,1.35,0.37,0.038,30,29.7,93,106.5,29.62,37.19,443660.55,0,2.86,34216.92,32.88,40.33,481038.75,0.0001179078801888,0.0184455437243229,0.386098767502305,0.581956904502389,0.0134987842709818,0.418629999161566,0.581370000838433,0.589502808753248,0.0793158380145887,0.145887482183281,0.18529387104888,rxsummary2011.xlsx,https://www.health.state.mn.us/data/apcd/publicusefiles/docs/rxsummary2011.xlsx,2026-09-19,Drug,PHENYTOIN SODIUM EXTENDED,11927,216,403,620,721,829,179,579,7.9,57.2,33.16,10.61,33.25
2011,MINNESOTA HEALTH CARE PROGRAMS,primidone,PRIMIDONE,Neuromuscular Drugs,1595,237,40038.66,168.93,25.1,0.81,0.25,-0.087,30,30.7,75,100,18.17,21.64,34525.03,1,2.94,4701.28,21.17,25.1,40038.66,9.8139152536e-06,0.0463949843260188,0.341065830721003,0.591222570532915,0.0213166144200626,0.504075235109717,0.495924764890282,0.55423197492163,0.0827586206896551,0.174294670846394,0.188714733542319,rxsummary2011.xlsx,https://www.health.state.mn.us/data/apcd/publicusefiles/docs/rxsummary2011.xlsx,2026-09-19,Drug,PRIMIDONE,1595,685,516,745,883,943,499,960,9.6,85.3,18.58,8.33,18.72
2011,MINNESOTA HEALTH CARE PROGRAMS,rescue_diazepam,DIAZEPAM (ANTICONVULSANT),Neuromuscular Drugs,2683,1249,1185368.77,949.05,441.8,74.87,239.61,-0.14,2,5.9,1,1.8,319.13,428.78,1150428.44,0,4.18,11225.95,319.13,441.8,1185368.77,0.0002905469027448,0.694744688781215,0.212076034289973,0.0887066716362281,0.0044726052925829,0.478196049198658,0.521803950801341,0.599701826313827,0.124487513976891,0.13007827059262,0.14573238911666,rxsummary2011.xlsx,https://www.health.state.mn.us/data/apcd/publicusefiles/docs/rxsummary2011.xlsx,2026-09-19,Drug,DIAZEPAM (ANTICONVULSANT),2683,126,202,124,50,30,406,1043,8.4,2,347.11,39.38,342.07
2011,MINNESOTA HEALTH CARE PROGRAMS,rufinamide,RUFINAMIDE,Neuromuscular Drugs,888,113,616563.35,5456.31,694.32,23.9,4.84,0.586,30,29,120,143.2,493.8,672.42,597110.38,0,4.63,4117.06,493.8,694.32,616563.35,0.0001511264479226,0.481981981981981,0.454954954954954,0.063063063063063,0,0.432432432432432,0.567567567567567,0.631756756756756,0.0878378378378378,0.155405405405405,0.125,rxsummary2011.xlsx,https://www.health.state.mn.us/data/apcd/publicusefiles/docs/rxsummary2011.xlsx,2026-09-19,Drug,RUFINAMIDE,888,178,63,85,127,332,612,54,4.6,83,618.5,35.97,628.5
2011,MINNESOTA HEALTH CARE PROGRAMS,tiagabine,TIAGABINE HCL,Neuromuscular Drugs,297,47,123475.23,2627.13,415.74,13.99,4.4,0.093,30,29.7,60,94.3,298.77,409.03,121484.31,0,6.09,1809.17,298.77,415.74,123475.23,3.02651348256e-05,0.185185185185185,0.521885521885521,0.292929292929292,0,0.599326599326599,0.4006734006734,0.629629629629629,0.121212121212121,0.0875420875420875,0.161616161616161,rxsummary2011.xlsx,https://www.health.state.mn.us/data/apcd/publicusefiles/docs/rxsummary2011.xlsx,2026-09-19,Drug,TIAGABINE HCL,297,456,100,128,183,346,822,394,5.9,67.1,274.52,31.92,268.83
2011,MINNESOTA HEALTH CARE PROGRAMS,topiramate,TOPIRAMATE,Neuromuscular Drugs,40113,7394,1391702.1,188.22,34.69,1.16,0.45,-0.166,30,29.7,60,76.7,11.05,31.55,1265868.49,0,1.76,70886.19,12.05,34.69,1391702.1,0.0003411214677931,0.162715329195024,0.562361329244883,0.273103482661481,0.0018198588986114,0.757933836910727,0.242066163089272,0.561264427990925,0.103507591055268,0.146860120160546,0.188367860793259,rxsummary2011.xlsx,https://www.health.state.mn.us/data/apcd/publicusefiles/docs/rxsummary2011.xlsx,2026-09-19,Drug,TOPIRAMATE,40113,108,493,659,760,798,73,1068,6.2,59.6,102.22,18.41,112.95
2011,MINNESOTA HEALTH CARE PROGRAMS,valproate,DIVALPROEX SODIUM,Neuromuscular Drugs,55437,8214,2669417.89,324.98,48.15,1.62,0.53,-0.157,30,29.5,60,90.1,27.85,45.33,2513234.36,0,1.66,92232.94,28.85,48.15,2669417.89,0.0006543036392559,0.199397514295506,0.536338546458141,0.260421739993145,0.0038421992532063,0.405902195284737,0.594097804715262,0.608907408409545,0.100492450890199,0.139004635892995,0.151595504807258,rxsummary2011.xlsx,https://www.health.state.mn.us/data/apcd/publicusefiles/docs/rxsummary2011.xlsx,2026-09-19,Drug,DIVALPROEX SODIUM,55437,52,386,571,674,757,53,1059,5.5,71.7,70.7,11.28,74.3
2011,MINNESOTA HEALTH CARE PROGRAMS,valproate,VALPROATE SODIUM,Neuromuscular Drugs,2731,350,49453.73,141.29,18.1,0.65,0.04,-0.038,30,27.7,450,429.7,13.11,16.18,44211.31,0,0.5,1368.96,13.11,18.1,49453.73,1.21216523029e-05,,,,,0.433540827535701,0.566459172464298,0.603808128890516,0.0794580739655803,0.166239472720615,0.150494324423288,rxsummary2011.xlsx,https://www.health.state.mn.us/data/apcd/publicusefiles/docs/rxsummary2011.xlsx,2026-09-19,Drug,VALPROATE SODIUM,2731,635,558,857,951,1193,402,823,6.4,275.5,21.45,5.18,21.96
2011,MINNESOTA HEALTH CARE PROGRAMS,valproate,VALPROIC ACID,Neuromuscular Drugs,745,153,23981.71,156.74,32.19,1.11,0.23,-0.136,30,28.8,120,135,26.05,30.52,22744.24,0,1.57,1170.87,26.87,32.19,23981.71,5.8781804779e-06,,,,,0.488590604026845,0.511409395973154,0.565100671140939,0.0671140939597315,0.132885906040268,0.23489932885906,rxsummary2011.xlsx,https://www.health.state.mn.us/data/apcd/publicusefiles/docs/rxsummary2011.xlsx,2026-09-19,Drug,VALPROIC ACID,745,784,535,679,773,953,642,1038,6.5,82.2,22.01,4.76,22.12
2011,MINNESOTA HEALTH CARE PROGRAMS,zonisamide,ZONISAMIDE,Neuromuscular Drugs,4335,574,241491.02,420.71,55.7,1.85,0.47,0.019,30,29.9,120,118.3,26.05,52.99,229719.42,0,1.28,5571.51,27.65,55.7,241491.02,5.91921009541e-05,0.284429065743944,0.557324106113033,0.158246828143021,0,0.56632064590542,0.433679354094579,0.596078431372549,0.0964244521337946,0.112110726643598,0.195386389850057,rxsummary2011.xlsx,https://www.health.state.mn.us/data/apcd/publicusefiles/docs/rxsummary2011.xlsx,2026-09-19,Drug,ZONISAMIDE,4335,339,339,533,634,786,318,639,5.5,71.2,127.08,8.97,128.63
2012,COMMERCIAL,carbamazepine,CARBAMAZEPINE,Neuromuscular Drugs,23111,4346,2620520.59,602.97,113.38,2.56,0.73,0.129,30,44.2,120,153.6,28.52,84.65,1956515.9,12,28.65,662293.13,59.38,113.38,2620520.59,0.0005822565302836,0.033014581800874,0.359482497512007,0.529012158712301,0.0784907619748171,0.549089178313357,0.450910821686642,0.635065553199774,0.117087101380295,0.109644757907489,0.138202587512439,rxsummary2012.xlsx,https://www.health.state.mn.us/data/apcd/publicusefiles/docs/rxsummary2012.xlsx,2026-09-19,Drug,CARBAMAZEPINE,23111,185,420,627,766,942,205,762,26.3,133.8,139.92,56.01,158.68
2012,COMMERCIAL,clobazam,CLOBAZAM,Neuromuscular Drugs,327,66,131583.94,1993.69,402.39,12.65,4.51,,30,31.8,60,89.2,294.66,376.34,123064.37,0,25.78,8432.75,300.66,402.39,131583.94,2.92367892997e-05,,,,,0.565749235474006,0.434250764525993,0.663608562691131,0.0856269113149847,0.091743119266055,0.159021406727828,rxsummary2012.xlsx,https://www.health.state.mn.us/data/apcd/publicusefiles/docs/rxsummary2012.xlsx,2026-09-19,Drug,CLOBAZAM,327,735,193,252,290,479,963,,15.5,84.4,407.62,55.32,423.58
2012,COMMERCIAL,ethosuximide,ETHOSUXIMIDE,Neuromuscular Drugs,1584,262,171921.23,656.18,108.53,2.87,0.49,0.157,30,37.7,150,217.2,62.15,87.72,138957.47,10.72,20.74,32852.44,82.51,108.53,171921.23,3.81993788729e-05,0.764520202020202,0.0928030303030303,0.142676767676767,0,0.59280303030303,0.407196969696969,0.60290404040404,0.167297979797979,0.116161616161616,0.113636363636363,rxsummary2012.xlsx,https://www.health.state.mn.us/data/apcd/publicusefiles/docs/rxsummary2012.xlsx,2026-09-19,Drug,ETHOSUXIMIDE,1584,692,396,641,730,1036,646,672,20.9,188,106.07,35.15,113.91
2012,COMMERCIAL,felbamate,FELBAMATE,Neuromuscular Drugs,1557,253,1695279.69,6700.71,1088.81,28.53,4.67,-0.048,30,38.1,165,232.7,806.3,1023.69,1593896.3,10,64.12,99838.1,875.67,1088.81,1695279.69,0.0003766761741642,0.459858702633269,0.371226718047527,0.161849710982658,0.0070648683365446,0.597944765574823,0.402055234425176,0.660244059087989,0.120745022479126,0.0873474630700064,0.131663455362877,rxsummary2012.xlsx,https://www.health.state.mn.us/data/apcd/publicusefiles/docs/rxsummary2012.xlsx,2026-09-19,Drug,FELBAMATE,1557,252,88,120,160,463,652,1209,21.7,206.2,879.25,267.96,897.77
2012,COMMERCIAL,lacosamide,LACOSAMIDE,Neuromuscular Drugs,2439,399,1732550.5,4342.23,710.35,20.35,6.36,0.157,30,34.8,60,111.6,475.31,643.08,1568487.25,30,66.84,163024.27,496.04,710.35,1732550.5,0.000384957418965,0.220172201722017,0.43050430504305,0.305043050430504,0.044280442804428,0.63140631406314,0.368593685936859,0.67650676506765,0.109471094710947,0.065190651906519,0.148831488314883,rxsummary2012.xlsx,https://www.health.state.mn.us/data/apcd/publicusefiles/docs/rxsummary2012.xlsx,2026-09-19,Drug,LACOSAMIDE,2439,245,117,172,218,394,577,674,18.1,117.1,623.63,139.61,639.94
2012,COMMERCIAL,lamotrigine,LAMOTRIGINE,Neuromuscular Drugs,74376,13412,6574974.83,490.23,88.4,2.23,0.98,0.015,30,39.6,60,89.6,6.43,73.62,5476079.82,8.68,14.75,1097479.33,15.34,88.4,6574974.83,0.0014609013361037,0.0966575239324513,0.52555932021082,0.356916209529955,0.020866946326772,0.665107023771108,0.334892976228891,0.687412606217059,0.104738087555125,0.0946272991287512,0.113222007099064,rxsummary2012.xlsx,https://www.health.state.mn.us/data/apcd/publicusefiles/docs/rxsummary2012.xlsx,2026-09-19,Drug,LAMOTRIGINE,74376,87,466,696,817,854,82,1110,22.8,89.4,314.2,56.75,329.14
2012,COMMERCIAL,levetiracetam,LEVETIRACETAM,Neuromuscular Drugs,41318,7616,5710557.81,749.81,138.2,3.44,0.88,-0.114,30,40.1,120,156.4,34.1,115.38,4767641.41,10,22.77,940957.23,48.74,138.2,5710557.81,0.001268835508915,0.194709327653807,0.345031221259499,0.370492279393968,0.0897671716927247,0.513698630136986,0.486301369863013,0.672685028316956,0.114235926230698,0.0994239798634977,0.113655065588847,rxsummary2012.xlsx,https://www.health.state.mn.us/data/apcd/publicusefiles/docs/rxsummary2012.xlsx,2026-09-19,Drug,LEVETIRACETAM,41318,103,370,570,677,889,131,1261,23.4,143.6,349.09,74.68,370.92
2012,COMMERCIAL,methsuximide,METHSUXIMIDE,Neuromuscular Drugs,158,29,29220.34,1007.59,184.93,5.16,2.04,0.488,30,35.8,90,90.2,160.87,155.25,24530.77,0,26.47,4182.29,169.55,184.93,29220.34,6.4925014697e-06,0.575949367088607,0.291139240506329,0.132911392405063,0,0.569620253164556,0.430379746835443,0.613924050632911,0.0822784810126582,0.177215189873417,0.126582278481012,rxsummary2012.xlsx,https://www.health.state.mn.us/data/apcd/publicusefiles/docs/rxsummary2012.xlsx,2026-09-19,Drug,METHSUXIMIDE,158,1000,314,465,547,683,1092,138,19.2,66.4,103.54,39.21,135.45
2012,COMMERCIAL,oxcarbazepine,OXCARBAZEPINE,Neuromuscular Drugs,15571,3037,1909111.53,628.61,122.6,3.16,0.86,0.02,30,38.7,90,141,44.5,101.53,1580976.98,10,21.03,327593.47,58.53,122.6,1909111.53,0.0004241877204186,0.278530601759681,0.386295035643182,0.298760516344486,0.0364138462526491,0.531436645045276,0.468563354954723,0.625264915548134,0.129664119195941,0.0925438314816004,0.152527133774324,rxsummary2012.xlsx,https://www.health.state.mn.us/data/apcd/publicusefiles/docs/rxsummary2012.xlsx,2026-09-19,Drug,OXCARBAZEPINE,15571,231,406,605,704,896,263,1101,22.2,129.6,216.43,46.47,231.84
2012,COMMERCIAL,phenobarbital,PHENOBARBITAL,Central Nervous System Drugs,5389,954,67820,71.09,12.58,0.3,0.09,0.703,30,41.8,90,131.3,0.2,5.3,28594.79,5.96,7.26,39173.65,9.64,12.58,67820,1.5069005004e-05,0.0992763035813694,0.177583967340879,0.613843013546112,0.109296715531638,0.528112822416032,0.471887177583967,0.604008164780107,0.123028391167192,0.11504917424383,0.157914269808869,rxsummary2012.xlsx,https://www.health.state.mn.us/data/apcd/publicusefiles/docs/rxsummary2012.xlsx,2026-09-19,Drug,PHENOBARBITAL,5389,858,1020,1272,1341,1369,422,76,25.3,130.3,9.11,7.87,10.77
2012,COMMERCIAL,phenytoin,PHENYTOIN,Neuromuscular Drugs,1268,259,57443.2,221.78,45.3,1.13,0.36,0.317,30,39.9,60,122.9,11.62,24.62,31219.61,16.43,20.67,26213.32,32.15,45.3,57443.2,1.27633716934e-05,0.0591482649842271,0.214511041009463,0.536277602523659,0.190063091482649,0.39589905362776,0.604100946372239,0.514195583596214,0.117507886435331,0.115930599369085,0.252365930599369,rxsummary2012.xlsx,https://www.health.state.mn.us/data/apcd/publicusefiles/docs/rxsummary2012.xlsx,2026-09-19,Drug,PHENYTOIN,1268,895,691,924,1038,1112,698,291,24.3,150,40.62,22.41,49.26
2012,COMMERCIAL,phenytoin,PHENYTOIN SODIUM EXTENDED,Neuromuscular Drugs,19589,3140,1159245.74,369.18,59.17,1.3,0.32,0.138,30,45.2,120,181.5,20.22,32.28,632336.34,15.76,26.86,526324.39,41.44,59.17,1159245.74,0.000257574164803,0.0055643473377916,0.214559191382918,0.645004849660523,0.134871611618765,0.373474909387921,0.626525090612078,0.599315942620858,0.112920516616468,0.119352697942722,0.168410842819949,rxsummary2012.xlsx,https://www.health.state.mn.us/data/apcd/publicusefiles/docs/rxsummary2012.xlsx,2026-09-19,Drug,PHENYTOIN SODIUM EXTENDED,19589,313,544,827,985,1145,230,730,26.9,144.9,41.14,34.67,54.72
2012,COMMERCIAL,primidone,PRIMIDONE,Neuromuscular Drugs,4419,929,261629.41,281.62,59.2,1.24,0.43,0.11,30,47.4,90,136.9,11.89,43.08,190380.32,10,16.12,71235.56,23.43,59.2,261629.41,5.81317441534e-05,0.0031681375876895,0.0721882778909255,0.625028286942747,0.299615297578637,0.484498755374519,0.51550124462548,0.611450554424077,0.125594025797691,0.102511880515953,0.160443539262276,rxsummary2012.xlsx,https://www.health.state.mn.us/data/apcd/publicusefiles/docs/rxsummary2012.xlsx,2026-09-19,Drug,PRIMIDONE,4419,597,626,826,1000,1070,462,843,27.5,133.2,160.83,34.67,169.04
2012,COMMERCIAL,rescue_diazepam,DIAZEPAM (ANTICONVULSANT),Neuromuscular Drugs,990,643,503381.65,782.86,508.46,68.9,203.63,-0.036,2,7.3,1,2.4,317.02,460.38,455784.82,11,47.27,46801.42,336.39,508.46,503381.65,0.0001118469566909,,,,,0.489898989898989,0.51010101010101,0.645454545454545,0.127272727272727,0.121212121212121,0.106060606060606,rxsummary2012.xlsx,https://www.health.state.mn.us/data/apcd/publicusefiles/docs/rxsummary2012.xlsx,2026-09-19,Drug,DIAZEPAM (ANTICONVULSANT),990,479,360,212,92,44,745,1198,11.2,5.3,432.56,107.42,426.36
2012,COMMERCIAL,rufinamide,RUFINAMIDE,Neuromuscular Drugs,327,66,457230.84,6927.74,1398.25,40.59,6.02,0.488,30,34.4,180,231.9,864.18,1342.78,439089.91,0,53.01,17335.94,865.55,1398.25,457230.84,0.0001015926543195,,,,,0.474006116207951,0.525993883792048,0.608562691131498,0.155963302752293,0.131498470948012,0.103975535168195,rxsummary2012.xlsx,https://www.health.state.mn.us/data/apcd/publicusefiles/docs/rxsummary2012.xlsx,2026-09-19,Drug,RUFINAMIDE,327,501,86,104,124,408,963,139,17.6,180.7,1195.75,188.79,1206.4
2012,COMMERCIAL,tiagabine,TIAGABINE HCL,Neuromuscular Drugs,306,76,292937.63,3854.44,957.31,21.59,6.55,0.602,30,44.3,90,146,549.47,868.25,265686.56,40,88.26,27008.54,593.91,957.31,292937.63,6.50881541187e-05,,,,,0.673202614379084,0.326797385620915,0.820261437908496,0.0457516339869281,0.0849673202614379,0.0490196078431372,rxsummary2012.xlsx,https://www.health.state.mn.us/data/apcd/publicusefiles/docs/rxsummary2012.xlsx,2026-09-19,Drug,TIAGABINE HCL,306,580,129,137,201,386,976,94,28.2,161.4,981.45,184.72,1015.82
2012,COMMERCIAL,topiramate,TOPIRAMATE,Neuromuscular Drugs,65160,15442,2798750.07,181.24,42.95,1.03,0.4,-0.189,30,41.4,75,106.8,5.68,31.35,2043370.91,8.38,11.57,754114.71,14.3,42.95,2798750.07,0.0006218575465913,0.0599600982197667,0.492249846531614,0.429373848987108,0.0184162062615101,0.845441988950276,0.154558011049723,0.626258440761203,0.122943523634131,0.114257213014119,0.136540822590546,rxsummary2012.xlsx,https://www.health.state.mn.us/data/apcd/publicusefiles/docs/rxsummary2012.xlsx,2026-09-19,Drug,TOPIRAMATE,65160,172,762,937,1072,1094,89,1285,24.2,94.1,135.28,24.86,143.23
2012,COMMERCIAL,valproate,DIVALPROEX SODIUM,Neuromuscular Drugs,40119,8168,2952246.76,361.44,73.58,1.87,0.63,-0.04,30,39.2,90,116.3,25.51,56.13,2252202.61,10,17.4,698450.68,36.68,73.58,2952246.76,0.0006559631554044,0.125127744958747,0.4033749594955,0.405842618210822,0.0656546773349285,0.467135272564121,0.532864727435878,0.681572322341035,0.118298063261796,0.0905306712530222,0.109598943144146,rxsummary2012.xlsx,https://www.health.state.mn.us/data/apcd/publicusefiles/docs/rxsummary2012.xlsx,2026-09-19,Drug,DIVALPROEX SODIUM,40119,164,555,753,872,981,135,1203,22.8,108,115.13,38.15,128.31
2012,COMMERCIAL,valproate,VALPROATE SODIUM,Neuromuscular Drugs,765,154,18622.04,120.92,24.34,0.78,0.05,-0.136,30,31,450,420.6,12.59,17.34,13268.99,5.66,6.98,5341.02,19.52,24.34,18622.04,4.1376528154e-06,0.613071895424836,0.226143790849673,0.0771241830065359,0.0836601307189542,0.37516339869281,0.624836601307189,0.611764705882352,0.122875816993464,0.103267973856209,0.162091503267973,rxsummary2012.xlsx,https://www.health.state.mn.us/data/apcd/publicusefiles/docs/rxsummary2012.xlsx,2026-09-19,Drug,VALPROATE SODIUM,765,1058,876,1117,1158,1415,790,1271,15.7,261.4,21.13,8.42,20.51
2012,COMMERCIAL,valproate,VALPROIC ACID,Neuromuscular Drugs,639,163,31468.47,193.05,49.24,1.23,0.3,-0.071,30,40,120,161.5,16.88,32.56,20811.96,12,16.65,10640.85,32,49.24,31468.47,6.9920160999e-06,0.0657276995305164,0.306729264475743,0.579029733959311,0.0485133020344287,0.405320813771517,0.594679186228482,0.544600938967136,0.111111111111111,0.106416275430359,0.237871674491392,rxsummary2012.xlsx,https://www.health.state.mn.us/data/apcd/publicusefiles/docs/rxsummary2012.xlsx,2026-09-19,Drug,VALPROIC ACID,639,989,741,894,1007,1158,835,1234,26.5,156,47.87,16.33,54.75
2012,COMMERCIAL,zonisamide,ZONISAMIDE,Neuromuscular Drugs,4741,985,364693.05,370.24,76.92,2,0.58,0.017,30,38.4,90,132.3,20.14,61.05,289447.06,10,15.86,75201.17,30.98,76.92,364693.05,8.10315746885e-05,0.157983547774731,0.396329888209238,0.418055262602826,0.0276313014132039,0.709554946213878,0.290445053786121,0.700063277789495,0.0788863109048723,0.0953385361738029,0.125711875131828,rxsummary2012.xlsx,https://www.health.state.mn.us/data/apcd/publicusefiles/docs/rxsummary2012.xlsx,2026-09-19,Drug,ZONISAMIDE,4741,537,543,738,854,1000,453,1106,21.7,117.4,214.11,38.4,229.29
2012,MEDICARE,carbamazepine,CARBAMAZEPINE,Neuromuscular Drugs,36348,4831,2626236.43,543.62,72.25,1.96,0.6,0.151,30,36.7,90,119,20.3,63.64,2313290.88,0,8.52,309981.69,25.77,72.25,2626236.43,0.0005835265394485,0,0.216105425332893,0.383239793111037,0.400654781556069,0.532436447672499,0.4675635523275,0.552740178276658,0.0875426433366347,0.150599757895895,0.209117420490811,rxsummary2012.xlsx,https://www.health.state.mn.us/data/apcd/publicusefiles/docs/rxsummary2012.xlsx,2026-09-19,Drug,CARBAMAZEPINE,36348,120,377,592,682,824,125,406,20.2,117.5,98.09,31.26,107.64
2012,MEDICARE,ethosuximide,ETHOSUXIMIDE,Neuromuscular Drugs,460,48,61862.32,1288.79,134.48,4.06,1.1,0.05,30,33,112,121.5,115.51,126.4,58145.07,0,8.01,3688.46,116.26,134.48,61862.32,1.37452611271e-05,0,0.463043478260869,0.343478260869565,0.193478260869565,0.684782608695652,0.315217391304347,0.42391304347826,0.0869565217391304,0.145652173913043,0.343478260869565,rxsummary2012.xlsx,https://www.health.state.mn.us/data/apcd/publicusefiles/docs/rxsummary2012.xlsx,2026-09-19,Drug,ETHOSUXIMIDE,460,704,211,440,494,675,779,703,14.1,70.2,77.24,37.71,87.7
2012,MEDICARE,felbamate,FELBAMATE,Neuromuscular Drugs,1932,192,1879442.01,9788.76,972.79,30.38,6.48,0.143,30,32,135,149.9,811.04,920.42,1778266.23,0,51.98,100439.64,820,972.79,1879442.01,0.0004175954151201,0,0.478260869565217,0.434782608695652,0.0869565217391304,0.477743271221532,0.522256728778467,0.66511387163561,0.111283643892339,0.0740165631469979,0.149585921325051,rxsummary2012.xlsx,https://www.health.state.mn.us/data/apcd/publicusefiles/docs/rxsummary2012.xlsx,2026-09-19,Drug,FELBAMATE,1932,157,49,82,127,320,528,425,12.6,112.4,621.89,281.37,730.76
2012,MEDICARE,lacosamide,LACOSAMIDE,Neuromuscular Drugs,2740,335,1566471.91,4676.03,571.7,18.57,7.45,0.301,30,30.7,60,76.6,477.91,534.26,1463881.32,0,36.84,100965.3,485.61,571.7,1566471.91,0.000348056223097,0,0.416058394160583,0.412043795620437,0.171897810218978,0.460218978102189,0.53978102189781,0.67919708029197,0.07992700729927,0.103284671532846,0.137591240875912,rxsummary2012.xlsx,https://www.health.state.mn.us/data/apcd/publicusefiles/docs/rxsummary2012.xlsx,2026-09-19,Drug,LACOSAMIDE,2740,182,91,127,184,290,465,153,11.4,87.9,389.81,167.18,447.27
2012,MEDICARE,lamotrigine,LAMOTRIGINE,Neuromuscular Drugs,55769,7029,2935939.29,417.68,52.64,1.53,0.74,0.036,30,34.4,60,70.7,11.85,47.76,2663685.73,1,4.82,269311.08,14.6,52.64,2935939.29,0.0006523397796004,0,0.351898007853825,0.438128709498108,0.209973282648066,0.632125374311893,0.367874625688106,0.581165163442055,0.0799548136061252,0.159066865104269,0.179813157847549,rxsummary2012.xlsx,https://www.health.state.mn.us/data/apcd/publicusefiles/docs/rxsummary2012.xlsx,2026-09-19,Drug,LAMOTRIGINE,55769,105,442,674,759,783,83,755,16.9,62.8,190.93,44.95,206.62
2012,MEDICARE,levetiracetam,LEVETIRACETAM,Neuromuscular Drugs,49531,7014,4530114.59,645.86,91.46,2.53,0.78,0.03,30,36,60,116.2,36,81.58,4040754.56,1.1,9.75,483120.84,43.88,91.46,4530114.59,0.0010065514512751,,,,,0.530697946740425,0.469302053259574,0.60247117966526,0.0928711312107568,0.126647957844582,0.1780097312794,rxsummary2012.xlsx,https://www.health.state.mn.us/data/apcd/publicusefiles/docs/rxsummary2012.xlsx,2026-09-19,Drug,LEVETIRACETAM,49531,71,338,535,619,765,94,773,19.8,125.9,208.42,64.65,235.16
2012,MEDICARE,methsuximide,METHSUXIMIDE,Neuromuscular Drugs,154,19,24811.75,1305.88,161.11,4.46,1.89,0.192,30,36,62,85.1,156.29,147.8,22761.97,0,11.1,1710.06,161.74,161.11,24811.75,5.512951709e-06,0,0.454545454545454,0.259740259740259,0.285714285714285,0.714285714285714,0.285714285714285,,,,,rxsummary2012.xlsx,https://www.health.state.mn.us/data/apcd/publicusefiles/docs/rxsummary2012.xlsx,2026-09-19,Drug,METHSUXIMIDE,154,856,208,380,474,585,960,316,17.5,56.9,70.29,35.03,93.65
2012,MEDICARE,oxcarbazepine,OXCARBAZEPINE,Neuromuscular Drugs,14210,1894,1112036.31,587.13,78.25,2.33,0.84,-0.11,30,33.5,60,93.1,42.48,72.43,1029360.02,0,5.73,81537.13,45.31,78.25,1112036.31,0.0002470846464175,0,0.352779732582688,0.3890218156228,0.25819845179451,0.518859957776213,0.481140042223786,0.559887403237156,0.0983814215341308,0.170935960591133,0.170795214637579,rxsummary2012.xlsx,https://www.health.state.mn.us/data/apcd/publicusefiles/docs/rxsummary2012.xlsx,2026-09-19,Drug,OXCARBAZEPINE,14210,225,360,575,640,745,221,1080,15.9,88.8,135.54,28.58,142.36
2012,MEDICARE,phenobarbital,PHENOBARBITAL,Central Nervous System Drugs,2694,396,30521.73,77.07,11.32,0.28,0.12,0.576,30,40.1,60,87.7,4.7,5.19,13983.74,0,6.08,16382.61,8.99,11.32,30521.73,6.7816588336e-06,0,0.0070527097253155,0.0556792873051224,0.937268002969561,0.593541202672605,0.406458797327394,0.445434298440979,0.138084632516703,0.181143281365998,0.235337787676317,rxsummary2012.xlsx,https://www.health.state.mn.us/data/apcd/publicusefiles/docs/rxsummary2012.xlsx,2026-09-19,Drug,PHENOBARBITAL,2694,822,852,1074,1136,1124,470,65,24.3,71.8,6.68,9.96,9.04
2012,MEDICARE,phenytoin,PHENYTOIN,Neuromuscular Drugs,6255,824,297640.29,361.21,47.58,1.56,0.33,0.26,30,30.3,90,141.1,29.36,39.82,249097.41,0,7.47,46765.66,32.68,47.58,297640.29,6.61330436361e-05,0,0.110471622701838,0.282813749000799,0.606714628297362,0.554596322941646,0.445403677058353,0.482653876898481,0.0975219824140687,0.168345323741007,0.251478816946442,rxsummary2012.xlsx,https://www.health.state.mn.us/data/apcd/publicusefiles/docs/rxsummary2012.xlsx,2026-09-19,Drug,PHENYTOIN,6255,436,469,701,755,938,314,190,15,133.4,39.12,18.67,43.48
2012,MEDICARE,phenytoin,PHENYTOIN SODIUM EXTENDED,Neuromuscular Drugs,36221,4533,1414572.9,312.06,39.05,0.99,0.33,0.129,30,39.1,90,118.1,21.3,29.14,1055708.8,1.1,9.83,356138.36,28.14,39.05,1414572.9,0.0003143056046689,0,0.0748460837635625,0.294442450512133,0.630711465724303,0.499323596808481,0.500676403191518,0.514314900196018,0.0965738107727561,0.152038872477292,0.237072416553932,rxsummary2012.xlsx,https://www.health.state.mn.us/data/apcd/publicusefiles/docs/rxsummary2012.xlsx,2026-09-19,Drug,PHENYTOIN SODIUM EXTENDED,36221,194,502,758,862,943,126,463,22.6,97.9,53.77,22.69,57.79
2012,MEDICARE,primidone,PRIMIDONE,Neuromuscular Drugs,11279,1991,384047.81,192.89,34.04,0.76,0.3,0.039,30,44.3,90,112.9,16.78,25.68,289697.99,4,8.28,93444.25,24.85,34.04,384047.81,8.53320314165e-05,0,0.030233176700062,0.172621686319709,0.797145136980228,0.563259154180335,0.436740845819664,0.529302243106658,0.103998581434524,0.146112243993261,0.220586931465555,rxsummary2012.xlsx,https://www.health.state.mn.us/data/apcd/publicusefiles/docs/rxsummary2012.xlsx,2026-09-19,Drug,PRIMIDONE,11279,388,627,795,943,962,249,743,26.3,114,31.79,13.07,34.56
2012,MEDICARE,rufinamide,RUFINAMIDE,Neuromuscular Drugs,719,73,1072648.4,14693.81,1491.86,50.01,10.35,0.936,30,29.8,120,144,1258.75,1440.69,1035856.23,0,51.01,36677.87,1258.75,1491.86,1072648.4,0.0002383330006952,0,0.44923504867872,0.522948539638386,0.0278164116828929,0.492350486787204,0.507649513212795,0.579972183588317,0.129346314325452,0.0987482614742698,0.191933240611961,rxsummary2012.xlsx,https://www.health.state.mn.us/data/apcd/publicusefiles/docs/rxsummary2012.xlsx,2026-09-19,Drug,RUFINAMIDE,719,230,35,54,84,244,707,32,8.6,125.5,1162.41,469.67,1372.78
2012,MEDICARE,tiagabine,TIAGABINE HCL,Neuromuscular Drugs,862,104,638585.57,6140.24,740.81,23.08,8.28,0.489,30,32,60,89.3,524.97,714.35,615776.97,0,25.51,21994.35,573.51,740.81,638585.57,0.0001418880735745,0,0.374709976798143,0.451276102088167,0.174013921113689,0.588167053364269,0.41183294663573,0.682134570765661,0.0800464037122969,0.116009280742459,0.121809744779582,rxsummary2012.xlsx,https://www.health.state.mn.us/data/apcd/publicusefiles/docs/rxsummary2012.xlsx,2026-09-19,Drug,TIAGABINE HCL,862,298,71,99,150,274,670,80,12.9,119.3,837.43,117.81,851.34
2012,MEDICARE,topiramate,TOPIRAMATE,Neuromuscular Drugs,34159,5291,1622199.18,306.59,47.48,1.32,0.61,0.02,30,35.7,60,76.6,19.18,43.56,1488010.94,1,3.88,132825.92,21.68,47.48,1622199.18,0.0003604383302997,0,0.342632981059164,0.444011827044117,0.213355191896718,0.727509587517198,0.272490412482801,0.584121315026786,0.0824380104804004,0.146930530753242,0.18651014373957,rxsummary2012.xlsx,https://www.health.state.mn.us/data/apcd/publicusefiles/docs/rxsummary2012.xlsx,2026-09-19,Drug,TOPIRAMATE,34159,177,513,704,791,821,133,796,18.7,68.4,141.82,24.97,148.31
2012,MEDICARE,valproate,DIVALPROEX SODIUM,Neuromuscular Drugs,86141,10208,4799324.74,470.15,55.71,1.73,0.58,-0.072,30,32,60,94.8,31.08,51,4393877.26,0,4.63,399563.83,34.4,55.71,4799324.74,0.0010663675689024,0,0.253758372900244,0.398625509339338,0.347616117760416,0.475278903193601,0.524721096806398,0.613923683263486,0.0868343761971651,0.138505473584007,0.16073646695534,rxsummary2012.xlsx,https://www.health.state.mn.us/data/apcd/publicusefiles/docs/rxsummary2012.xlsx,2026-09-19,Drug,DIVALPROEX SODIUM,86141,64,416,656,729,831,58,1036,13.9,88.7,81.83,20.92,87.33
2012,MEDICARE,valproate,VALPROATE SODIUM,Neuromuscular Drugs,3223,426,101927.91,239.26,31.62,1.23,0.07,0.104,30,25.6,473,434.5,26.94,29.29,94421.32,0,2.31,7451.32,28,31.62,101927.91,2.264748136e-05,0,0.229910021718895,0.372944461681663,0.397145516599441,0.447098976109215,0.552901023890784,0.561898852001241,0.130003102699348,0.114489605957182,0.193608439342227,rxsummary2012.xlsx,https://www.health.state.mn.us/data/apcd/publicusefiles/docs/rxsummary2012.xlsx,2026-09-19,Drug,VALPROATE SODIUM,3223,618,570,816,806,1198,430,546,10.3,352.9,20.53,7.53,22.24
2012,MEDICARE,valproate,VALPROIC ACID,Neuromuscular Drugs,1699,268,87603.58,326.87,51.56,1.43,0.34,-0.004,30,35.8,120,148.2,38,46.46,78941.34,0,5.03,8551.63,42.02,51.56,87603.58,1.94647417485e-05,0,0.120659211300765,0.439081812831077,0.440258975868157,0.458505002942907,0.541494997057092,0.635079458505002,0.0347263095938787,0.155974102413184,0.174220129487934,rxsummary2012.xlsx,https://www.health.state.mn.us/data/apcd/publicusefiles/docs/rxsummary2012.xlsx,2026-09-19,Drug,VALPROIC ACID,1699,650,489,679,771,929,552,873,19.7,115,35.2,14.25,38.13
2012,MEDICARE,zonisamide,ZONISAMIDE,Neuromuscular Drugs,5393,667,478006.26,716.65,88.63,2.58,0.74,0.29,30,34.3,90,119.3,44.8,82.86,446877.5,0,5.7,30746.21,48.06,88.63,478006.26,0.000106208769152,0,0.327276098646393,0.432226960875208,0.240496940478397,0.569998145744483,0.430001854255516,0.590024105321713,0.0719451140367142,0.143333951418505,0.194696829223066,rxsummary2012.xlsx,https://www.health.state.mn.us/data/apcd/publicusefiles/docs/rxsummary2012.xlsx,2026-09-19,Drug,ZONISAMIDE,5393,343,321,543,617,784,339,161,16.6,102.1,189.91,42.04,203.97
2012,MINNESOTA HEALTH CARE PROGRAMS,carbamazepine,CARBAMAZEPINE,Neuromuscular Drugs,17431,2417,1242447.99,514.04,71.27,2.38,0.65,0.029,30,29.8,90,108.7,35.39,68.17,1188418.03,0,2.91,50872.2,39.22,71.27,1242447.99,0.0002760609698988,0.116516550972405,0.544948654695657,0.330847340944294,0.0076874533876427,0.489415409328208,0.510584590671791,0.565199931157133,0.0791119270265618,0.151282198382192,0.204405943434111,rxsummary2012.xlsx,https://www.health.state.mn.us/data/apcd/publicusefiles/docs/rxsummary2012.xlsx,2026-09-19,Drug,CARBAMAZEPINE,17431,118,307,497,575,715,134,625,7.1,107,79.73,14.56,80.87
2012,MINNESOTA HEALTH CARE PROGRAMS,clobazam,CLOBAZAM,Neuromuscular Drugs,539,101,136530.93,1351.79,253.3,8.86,3.93,,30,28.5,60,64.3,194.9,252.03,135845.78,0,1.07,577.33,199.63,253.3,136530.93,3.03359667852e-05,0.727272727272727,0.24860853432282,0.0241187384044526,0,0.59925788497217,0.400742115027829,0.578849721706864,0.150278293135435,0.0816326530612244,0.189239332096474,rxsummary2012.xlsx,https://www.health.state.mn.us/data/apcd/publicusefiles/docs/rxsummary2012.xlsx,2026-09-19,Drug,CLOBAZAM,539,433,151,202,263,389,691,,5.1,37.3,196,4.39,196.14
2012,MINNESOTA HEALTH CARE PROGRAMS,ethosuximide,ETHOSUXIMIDE,Neuromuscular Drugs,1133,159,81955.7,515.44,72.33,2.41,0.41,0.046,30,29.9,120,174.1,60.41,68.52,77636.47,0,3.53,4005.94,60.93,72.33,81955.7,1.82098326954e-05,0.626654898499558,0.278905560458958,0.0944395410414827,0,0.633715798764342,0.366284201235657,0.568402471315092,0.139452780229479,0.162400706090026,0.129744042365401,rxsummary2012.xlsx,https://www.health.state.mn.us/data/apcd/publicusefiles/docs/rxsummary2012.xlsx,2026-09-19,Drug,ETHOSUXIMIDE,1133,532,304,492,568,813,557,570,5.5,159,56.16,16.65,55.51
2012,MINNESOTA HEALTH CARE PROGRAMS,felbamate,FELBAMATE,Neuromuscular Drugs,2780,300,2272230.01,7574.1,817.34,27.66,4.11,0.02,30,29.5,150,198.5,770.43,805.11,2238216.47,0,11.37,31612.37,773.43,817.34,2272230.01,0.0005048694395601,0.46115107913669,0.465827338129496,0.0730215827338129,0,0.466546762589928,0.533453237410071,0.585971223021582,0.0719424460431654,0.126978417266187,0.215107913669064,rxsummary2012.xlsx,https://www.health.state.mn.us/data/apcd/publicusefiles/docs/rxsummary2012.xlsx,2026-09-19,Drug,FELBAMATE,2780,64,49,78,115,374,385,658,5.5,188.3,567.65,63.11,564.27
2012,MINNESOTA HEALTH CARE PROGRAMS,lacosamide,LACOSAMIDE,Neuromuscular Drugs,2757,347,1138220.81,3280.17,412.84,14.15,4.51,0.114,30,29.1,60,91.3,458.39,406.54,1120832.84,0,5.15,14217.2,467.53,412.84,1138220.81,0.0002529026110522,0.329343489299963,0.525208560029017,0.145447950671019,0,0.531737395719985,0.468262604280014,0.657236126224156,0.0946681175190424,0.0826985854189336,0.165397170837867,rxsummary2012.xlsx,https://www.health.state.mn.us/data/apcd/publicusefiles/docs/rxsummary2012.xlsx,2026-09-19,Drug,LACOSAMIDE,2757,127,89,137,191,357,390,336,4.7,135.5,232.4,34.87,233.33
2012,MINNESOTA HEALTH CARE PROGRAMS,lamotrigine,LAMOTRIGINE,Neuromuscular Drugs,58263,9480,2546786.82,268.64,43.71,1.46,0.7,0.088,30,29.7,60,62,11.28,41.91,2442332.07,0,1.65,96354.89,11.73,43.71,2546786.82,0.0005658735378169,0.152875753050821,0.599969105607332,0.245610421708459,0.0015447196333865,0.659183358220482,0.340816641779517,0.555052091378748,0.105075262173248,0.148155776393251,0.191716870054751,rxsummary2012.xlsx,https://www.health.state.mn.us/data/apcd/publicusefiles/docs/rxsummary2012.xlsx,2026-09-19,Drug,LAMOTRIGINE,58263,54,422,607,694,707,47,436,6.3,50.4,145.59,16.05,147.75
2012,MINNESOTA HEALTH CARE PROGRAMS,levetiracetam,LEVETIRACETAM,Neuromuscular Drugs,31565,4624,2386689.55,516.15,75.61,2.55,0.52,-0.088,30,29.5,90,144.1,33.67,72.48,2288121.59,0,2.84,89823.07,35.57,75.61,2386689.55,0.000530301338425,0.317852051322667,0.419230159987327,0.253381910343735,0.0095358783462696,0.490353239347378,0.509646760652621,0.626770156819261,0.0959607159828924,0.115634405195628,0.161634722002217,rxsummary2012.xlsx,https://www.health.state.mn.us/data/apcd/publicusefiles/docs/rxsummary2012.xlsx,2026-09-19,Drug,LEVETIRACETAM,31565,60,303,479,554,771,87,965,6.4,154.5,165.87,21.34,169.11
2012,MINNESOTA HEALTH CARE PROGRAMS,methsuximide,METHSUXIMIDE,Neuromuscular Drugs,270,34,30881.2,908.27,114.37,3.94,1.48,0.103,30,29,71.5,76.7,114.42,113.74,30709.99,0,0.24,67.09,114.42,114.37,30881.2,6.8615298928e-06,0.481481481481481,0.47037037037037,0.0481481481481481,0,0.5,0.5,0.611111111111111,0.151851851851851,0.0518518518518518,0.185185185185185,rxsummary2012.xlsx,https://www.health.state.mn.us/data/apcd/publicusefiles/docs/rxsummary2012.xlsx,2026-09-19,Drug,METHSUXIMIDE,270,734,212,389,457,554,813,376,4,38,70.03,0.82,70.19
2012,MINNESOTA HEALTH CARE PROGRAMS,oxcarbazepine,OXCARBAZEPINE,Neuromuscular Drugs,18992,2935,1616676.12,550.82,85.12,2.91,0.75,0.144,30,29.2,62,112.5,39.71,83.24,1580943.42,0,1.63,31103.7,39.71,85.12,1616676.12,0.0003592111551482,0.412805391743892,0.425021061499578,0.160541280539174,0.0016322662173546,0.494892586352148,0.505107413647851,0.540016849199663,0.111520640269587,0.142744313395113,0.205718197135636,rxsummary2012.xlsx,https://www.health.state.mn.us/data/apcd/publicusefiles/docs/rxsummary2012.xlsx,2026-09-19,Drug,OXCARBAZEPINE,18992,90,295,452,533,685,124,285,5.7,117.7,129.87,15.4,132.02
2012,MINNESOTA HEALTH CARE PROGRAMS,phenobarbital,PHENOBARBITAL,Central Nervous System Drugs,9025,1096,105682.48,96.42,11.7,0.4,0.09,0.344,30,29,60,122.8,6.03,10.75,97072.68,0,0.92,8385.88,7.38,11.7,105682.48,2.34817136531e-05,0.196343490304709,0.294847645429362,0.441994459833795,0.0668144044321329,0.526648199445983,0.473351800554016,0.576842105263157,0.0668144044321329,0.183157894736842,0.173185595567867,rxsummary2012.xlsx,https://www.health.state.mn.us/data/apcd/publicusefiles/docs/rxsummary2012.xlsx,2026-09-19,Drug,PHENOBARBITAL,9025,483,656,982,1045,1126,210,100,6.5,176.9,21.63,2.73,21.56
2012,MINNESOTA HEALTH CARE PROGRAMS,phenytoin,PHENYTOIN,Neuromuscular Drugs,1587,228,64797.72,284.2,40.83,1.43,0.27,-0.021,30,28.4,120,146.7,30.43,39.3,62375.95,0,1.44,2296.47,30.43,40.83,64797.72,1.43974810812e-05,0.180214240705734,0.466288594833018,0.330812854442344,0.0226843100189035,0.48456206679269,0.515437933207309,0.531821045998739,0.0989287964713295,0.172652804032766,0.196597353497164,rxsummary2012.xlsx,https://www.health.state.mn.us/data/apcd/publicusefiles/docs/rxsummary2012.xlsx,2026-09-19,Drug,PHENYTOIN,1587,582,408,626,701,920,486,783,7.8,135.7,30.87,6.79,30.8
2012,MINNESOTA HEALTH CARE PROGRAMS,phenytoin,PHENYTOIN SODIUM EXTENDED,Neuromuscular Drugs,10490,1483,394274.16,265.86,37.58,1.25,0.36,-0.068,30,29.9,90,103.7,26.49,34.6,362958.47,0,2.87,30165.87,27.8,37.58,394274.16,8.76042360659e-05,0.0187797902764537,0.36930409914204,0.594184938036224,0.0177311725452812,0.406768350810295,0.593231649189704,0.602955195424213,0.079027645376549,0.139942802669208,0.178074356530028,rxsummary2012.xlsx,https://www.health.state.mn.us/data/apcd/publicusefiles/docs/rxsummary2012.xlsx,2026-09-19,Drug,PHENYTOIN SODIUM EXTENDED,10490,257,424,640,735,852,186,914,8,58.8,35.85,11.61,36.45
2012,MINNESOTA HEALTH CARE PROGRAMS,primidone,PRIMIDONE,Neuromuscular Drugs,1520,251,36852.7,146.82,24.24,0.78,0.25,-0.034,30,30.8,75,94.8,17.07,21.28,32350.03,1,2.9,4413.34,19.27,24.24,36852.7,8.1883444516e-06,0.0381578947368421,0.311842105263157,0.619078947368421,0.0309210526315789,0.510526315789473,0.489473684210526,0.576973684210526,0.0763157894736842,0.161842105263157,0.184868421052631,rxsummary2012.xlsx,https://www.health.state.mn.us/data/apcd/publicusefiles/docs/rxsummary2012.xlsx,2026-09-19,Drug,PRIMIDONE,1520,691,545,756,883,937,503,816,10,81.8,18.6,9.96,20.7
2012,MINNESOTA HEALTH CARE PROGRAMS,rescue_diazepam,DIAZEPAM (ANTICONVULSANT),Neuromuscular Drugs,2204,1118,954834.01,854.05,433.22,72.99,194.9,-0.019,2,5.9,1,2.2,319.13,429.64,946934.77,0,2.88,6365.19,319.13,433.22,954834.01,0.0002121556837908,0.710526315789473,0.199183303085299,0.0839382940108892,0.0063520871143375,0.493194192377495,0.506805807622504,0.607078039927404,0.123411978221415,0.12568058076225,0.143829401088929,rxsummary2012.xlsx,https://www.health.state.mn.us/data/apcd/publicusefiles/docs/rxsummary2012.xlsx,2026-09-19,Drug,DIAZEPAM (ANTICONVULSANT),2204,138,220,129,59,32,433,779,8.5,3.7,369.33,25.27,368.36
2012,MINNESOTA HEALTH CARE PROGRAMS,rufinamide,RUFINAMIDE,Neuromuscular Drugs,879,104,782118.95,7520.37,889.78,30.55,5.36,0.281,30,29.1,120,165.8,703.91,881.54,774878.5,0,6.24,5490.13,703.91,889.78,782118.95,0.000173779922903,0.516496018202502,0.430034129692832,0.0534698521046643,0,0.399317406143344,0.600682593856655,0.63367463026166,0.109215017064846,0.102389078498293,0.154721274175199,rxsummary2012.xlsx,https://www.health.state.mn.us/data/apcd/publicusefiles/docs/rxsummary2012.xlsx,2026-09-19,Drug,RUFINAMIDE,879,159,50,73,109,315,597,129,4.1,158,763.85,70.45,769.6
2012,MINNESOTA HEALTH CARE PROGRAMS,tiagabine,TIAGABINE HCL,Neuromuscular Drugs,222,40,121632.73,3040.81,547.89,19.05,6.83,0.317,30,28.7,60,80.1,388.14,539.68,119810.95,0,7.31,1623.97,390.79,547.89,121632.73,2.70257183282e-05,0.135135135135135,0.522522522522522,0.342342342342342,0,0.531531531531531,0.468468468468468,,,,,rxsummary2012.xlsx,https://www.health.state.mn.us/data/apcd/publicusefiles/docs/rxsummary2012.xlsx,2026-09-19,Drug,TIAGABINE HCL,222,452,93,112,156,278,845,107,6.3,49.1,326.09,41.99,321.55
2012,MINNESOTA HEALTH CARE PROGRAMS,topiramate,TOPIRAMATE,Neuromuscular Drugs,39350,7654,1199249.59,156.68,30.47,1.02,0.41,-0.121,30,29.8,60,72.9,10.2,28.86,1136033.48,0,1.49,58632.84,11.1,30.47,1199249.59,0.0002664626669533,0.148081321473951,0.558729351969504,0.29133418043202,0.0018551461245235,0.767979669631512,0.232020330368487,0.564447268106734,0.107801778907242,0.139567979669631,0.188182973316391,rxsummary2012.xlsx,https://www.health.state.mn.us/data/apcd/publicusefiles/docs/rxsummary2012.xlsx,2026-09-19,Drug,TOPIRAMATE,39350,123,529,694,795,807,71,1011,6.9,56,113.14,20.74,116.25
2012,MINNESOTA HEALTH CARE PROGRAMS,valproate,DIVALPROEX SODIUM,Neuromuscular Drugs,50607,7962,2413858.02,303.17,47.69,1.61,0.55,-0.009,30,29.5,60,85.7,27.85,45.81,2318493.49,0,1.74,88088.89,28.85,47.69,2413858.02,0.0005363379325031,0.184934890430177,0.53423439445136,0.274467958978006,0.0063627561404548,0.403323650878336,0.596676349121663,0.605983361985496,0.107297409449285,0.134447803663524,0.152271424901693,rxsummary2012.xlsx,https://www.health.state.mn.us/data/apcd/publicusefiles/docs/rxsummary2012.xlsx,2026-09-19,Drug,DIVALPROEX SODIUM,50607,59,391,582,674,756,56,747,5.6,71,75.4,11.36,77.28
2012,MINNESOTA HEALTH CARE PROGRAMS,valproate,VALPROATE SODIUM,Neuromuscular Drugs,2616,340,50895.12,149.69,19.45,0.69,0.05,0.074,30,28.1,360,378.6,13.11,18.92,49503.3,0,0.49,1293.3,13.11,19.45,50895.12,1.13084461509e-05,0.519495412844036,0.426223241590214,0.0542813455657492,0,0.40940366972477,0.590596330275229,0.599770642201834,0.0856269113149847,0.171636085626911,0.142966360856269,rxsummary2012.xlsx,https://www.health.state.mn.us/data/apcd/publicusefiles/docs/rxsummary2012.xlsx,2026-09-19,Drug,VALPROATE SODIUM,2616,631,537,825,917,1176,405,484,6.1,301.7,26.02,3.71,26.48
2012,MINNESOTA HEALTH CARE PROGRAMS,valproate,VALPROIC ACID,Neuromuscular Drugs,600,137,20303.27,148.19,33.83,1.15,0.25,0.051,30,29.3,120,133.1,25.81,31.35,18815.79,0,2.37,1424.85,27.65,33.83,20303.27,4.5112072726e-06,0.055,0.51,0.415,0.02,0.466666666666666,0.533333333333333,0.603333333333333,0.0633333333333333,0.141666666666666,0.191666666666666,rxsummary2012.xlsx,https://www.health.state.mn.us/data/apcd/publicusefiles/docs/rxsummary2012.xlsx,2026-09-19,Drug,VALPROIC ACID,600,810,540,662,754,940,666,553,6,87.4,21.42,9.63,22.32
2012,MINNESOTA HEALTH CARE PROGRAMS,zonisamide,ZONISAMIDE,Neuromuscular Drugs,4301,621,258620.44,416.45,60.13,1.99,0.54,0.079,30,30.1,120,110.5,22.16,58.27,250653.07,0,1.69,7271.4,22.98,60.13,258620.44,5.74631775951e-05,,,,,0.544292025110439,0.45570797488956,0.597302952801674,0.105324343176005,0.103696814694257,0.193675889328063,rxsummary2012.xlsx,https://www.health.state.mn.us/data/apcd/publicusefiles/docs/rxsummary2012.xlsx,2026-09-19,Drug,ZONISAMIDE,4301,322,336,523,613,764,308,470,6.5,79.6,153.51,11.2,154.3
2013,COMMERCIAL,carbamazepine,CARBAMAZEPINE,Neuromuscular Drugs,22434,4313,2711784.45,628.74,120.87,2.71,0.77,0.066,30,44.5,120,155.9,33.68,93.01,2086736.59,10,27.75,622546.12,69.53,120.87,2711784.45,0.0005781203552651,0.0312917892484621,0.365873228135865,0.537888918605687,0.0649460640099848,0.541321208879379,0.45867879112062,0.649950967281804,0.111437995899081,0.105643220112329,0.132967816706784,rxsummary2013.xlsx,https://www.health.state.mn.us/data/apcd/publicusefiles/docs/rxsummary2013.xlsx,2026-09-19,Drug,CARBAMAZEPINE,22434,186,437,631,770,939,210,500,26.5,132.2,140.87,60.44,159.1
2013,COMMERCIAL,clobazam,CLOBAZAM,Neuromuscular Drugs,695,128,340715.13,2661.83,490.23,15.14,5.68,0.218,30,32.3,60,86.2,384.92,459.81,319572.71,0,29.72,20657.75,420.92,490.23,340715.13,7.2636433917e-05,0.755395683453237,0.228776978417266,0.0158273381294964,0,0.510791366906474,0.489208633093525,0.684892086330935,0.0719424460431654,0.116546762589928,0.126618705035971,rxsummary2013.xlsx,https://www.health.state.mn.us/data/apcd/publicusefiles/docs/rxsummary2013.xlsx,2026-09-19,Drug,CLOBAZAM,695,564,165,233,289,446,836,189,15.6,71.8,435.73,70.42,438.55
2013,COMMERCIAL,ethosuximide,ETHOSUXIMIDE,Neuromuscular Drugs,1752,282,219724.86,779.16,125.41,3.29,0.56,0.155,30,38,150,223.9,83.5,102.3,179230.45,10,23.05,40389.5,102.37,125.41,219724.86,4.68427400724e-05,,,,,0.59417808219178,0.405821917808219,0.610730593607305,0.150114155251141,0.128995433789954,0.110159817351598,rxsummary2013.xlsx,https://www.health.state.mn.us/data/apcd/publicusefiles/docs/rxsummary2013.xlsx,2026-09-19,Drug,ETHOSUXIMIDE,1752,649,380,618,704,1015,639,275,22,183.9,101.82,42.74,108.25
2013,COMMERCIAL,felbamate,FELBAMATE,Neuromuscular Drugs,1714,246,1711089.84,6955.64,998.3,26.37,4.53,-0.083,30,37.8,165,220.1,739.74,948.06,1624984.29,7.5,48.27,82748.22,794.17,998.3,1711089.84,0.0003647841059754,0.400816802800466,0.455075845974329,0.136522753792298,0.0075845974329054,0.54784130688448,0.452158693115519,0.701866977829638,0.0980163360560093,0.0700116686114352,0.130105017502917,rxsummary2013.xlsx,https://www.health.state.mn.us/data/apcd/publicusefiles/docs/rxsummary2013.xlsx,2026-09-19,Drug,FELBAMATE,1714,249,100,145,193,522,645,992,21.2,194.3,798.8,204.69,819.49
2013,COMMERCIAL,lacosamide,LACOSAMIDE,Neuromuscular Drugs,3230,490,2589989.68,5285.69,801.85,23.01,6.9,0.128,30,34.8,60,116,560.12,740.85,2392957.96,18,60.63,195849.31,583.25,801.85,2589989.68,0.0005521551515404,0.24860681114551,0.435603715170278,0.285758513931888,0.0300309597523219,0.552321981424148,0.447678018575851,0.694427244582043,0.0941176470588235,0.0780185758513931,0.133436532507739,rxsummary2013.xlsx,https://www.health.state.mn.us/data/apcd/publicusefiles/docs/rxsummary2013.xlsx,2026-09-19,Drug,LACOSAMIDE,3230,192,116,174,218,407,514,337,17.7,128.4,618.33,148.43,628.65
2013,COMMERCIAL,lamotrigine,LAMOTRIGINE,Neuromuscular Drugs,81986,14651,6455927.95,440.64,78.74,1.99,0.89,-0.109,30,39.4,60,87.9,5.19,66.45,5448252.87,7.03,12.19,999545.86,12.18,78.74,6455927.95,0.0013763274437318,0.0894908886883126,0.547995999316956,0.34303417656673,0.0194789354279999,0.672907569585051,0.327092430414948,0.683982631180933,0.108396555509477,0.0946259117410289,0.11299490156856,rxsummary2013.xlsx,https://www.health.state.mn.us/data/apcd/publicusefiles/docs/rxsummary2013.xlsx,2026-09-19,Drug,LAMOTRIGINE,81986,90,526,746,863,891,76,1064,22.7,83,329.41,51.28,341.68
2013,COMMERCIAL,levetiracetam,LEVETIRACETAM,Neuromuscular Drugs,45359,8089,5158089.95,637.66,113.71,2.81,0.71,-0.177,30,40.3,120,158.5,26.95,94.62,4291977.04,10,19.05,864192,40.74,113.71,5158089.95,0.0010996437398937,0.202010626336559,0.364734672281134,0.356092506448554,0.0771621949337507,0.503295928040741,0.496704071959258,0.676514032496307,0.115258272889613,0.0947110826958266,0.113516611918252,rxsummary2013.xlsx,https://www.health.state.mn.us/data/apcd/publicusefiles/docs/rxsummary2013.xlsx,2026-09-19,Drug,LEVETIRACETAM,45359,108,434,646,753,961,123,1211,23.6,145.6,319.91,55.69,334.17
2013,COMMERCIAL,methsuximide,METHSUXIMIDE,Neuromuscular Drugs,147,24,31542.72,1314.28,214.57,5.91,2.15,0.16,30,36.2,60,99.6,129.5,182.73,26862.14,0,26.76,3934.76,129.5,214.57,31542.72,6.7245346481e-06,0.5578231292517,0.319727891156462,0.122448979591836,0,0.625850340136054,0.374149659863945,,,,,rxsummary2013.xlsx,https://www.health.state.mn.us/data/apcd/publicusefiles/docs/rxsummary2013.xlsx,2026-09-19,Drug,METHSUXIMIDE,147,1002,281,453,529,698,1129,262,18.4,82.2,149.79,44.59,183.4
2013,COMMERCIAL,oxcarbazepine,OXCARBAZEPINE,Neuromuscular Drugs,16701,3121,1800166.97,576.79,107.78,2.8,0.75,-0.12,30,38.4,90,143.1,35.66,89.87,1501016.96,10,17.87,298463.12,48.03,107.78,1800166.97,0.0003837742960112,0.293036345129034,0.400095802646548,0.279264714687743,0.0276031375366744,0.537512723788994,0.462487276211005,0.634333273456679,0.134782348362373,0.0808334830249685,0.150050895155978,rxsummary2013.xlsx,https://www.health.state.mn.us/data/apcd/publicusefiles/docs/rxsummary2013.xlsx,2026-09-19,Drug,OXCARBAZEPINE,16701,243,452,662,755,947,259,1099,21.8,129.5,207.15,50.54,219.19
2013,COMMERCIAL,phenobarbital,PHENOBARBITAL,Central Nervous System Drugs,4812,856,115030.79,134.38,23.9,0.56,0.17,0.899,30,42.6,90,135.4,6.13,12.98,62484.67,8.98,10.9,52456.34,16.92,23.9,115030.79,2.45232032292e-05,0.113050706566916,0.176226101413133,0.619700748129675,0.0910224438902743,0.544887780548628,0.455112219451371,0.594347464671654,0.121986699916874,0.112427265170407,0.171238570241064,rxsummary2013.xlsx,https://www.health.state.mn.us/data/apcd/publicusefiles/docs/rxsummary2013.xlsx,2026-09-19,Drug,PHENOBARBITAL,4812,782,853,1105,1242,1283,447,35,25.9,138,25,12.16,25.87
2013,COMMERCIAL,phenytoin,PHENYTOIN,Neuromuscular Drugs,1074,217,50042.17,230.6,46.59,1.15,0.35,0.028,30,40.2,90,131.6,14.95,28.98,31129.31,10,17.59,18901,32.02,46.59,50042.17,1.06683984778e-05,0.0698324022346368,0.230912476722532,0.527001862197392,0.172253258845437,0.368715083798882,0.631284916201117,0.569832402234636,0.0949720670391061,0.113594040968342,0.221601489757914,rxsummary2013.xlsx,https://www.health.state.mn.us/data/apcd/publicusefiles/docs/rxsummary2013.xlsx,2026-09-19,Drug,PHENYTOIN,1074,935,698,906,1013,1132,749,627,25.7,157.4,47.74,24.97,56.5
2013,COMMERCIAL,phenytoin,PHENYTOIN SODIUM EXTENDED,Neuromuscular Drugs,17996,2853,968843.2,339.58,53.83,1.17,0.29,-0.09,30,45.9,120,179.8,15.44,28.88,519830.56,14.8,24.92,448532.05,35.36,53.83,968843.2,0.0002065459055863,0.0043898644143142,0.237441653700822,0.647143809735496,0.111024672149366,0.364692153811958,0.635307846188041,0.605634585463436,0.116303623027339,0.117414981106912,0.160646810402311,rxsummary2013.xlsx,https://www.health.state.mn.us/data/apcd/publicusefiles/docs/rxsummary2013.xlsx,2026-09-19,Drug,PHENYTOIN SODIUM EXTENDED,17996,358,596,858,1011,1161,242,1018,27.3,133.4,41.15,32.45,52.93
2013,COMMERCIAL,primidone,PRIMIDONE,Neuromuscular Drugs,4362,906,154050.16,170.03,35.31,0.73,0.26,-0.403,30,48.2,90,133.3,10.68,22.64,98790.69,10,12.66,55249.36,21.58,35.31,154050.16,3.28416711836e-05,0.0064190738193489,0.0793214121962402,0.632508023842274,0.281751490142136,0.465612104539202,0.534387895460797,0.660476845483723,0.102246675836772,0.0983493810178817,0.138927097661623,rxsummary2013.xlsx,https://www.health.state.mn.us/data/apcd/publicusefiles/docs/rxsummary2013.xlsx,2026-09-19,Drug,PRIMIDONE,4362,730,795,981,1168,1187,465,1341,27.8,123.7,39.07,17.86,45.03
2013,COMMERCIAL,rescue_diazepam,DIAZEPAM (ANTICONVULSANT),Neuromuscular Drugs,1078,689,526225.18,763.75,488.14,68.26,206.2,-0.039,2,7.1,1,2.3,293.33,451.47,486690.08,4,36.38,39222.95,323.09,488.14,526225.18,0.000112184981373,,,,,0.461038961038961,0.538961038961038,0.632653061224489,0.128942486085343,0.0881261595547309,0.150278293135435,rxsummary2013.xlsx,https://www.health.state.mn.us/data/apcd/publicusefiles/docs/rxsummary2013.xlsx,2026-09-19,Drug,DIAZEPAM (ANTICONVULSANT),1078,476,385,234,102,55,745,837,9.7,3.8,371.23,93.91,363.32
2013,COMMERCIAL,rufinamide,RUFINAMIDE,Neuromuscular Drugs,425,69,842089.83,12204.2,1981.38,56.42,8.01,0.417,30,35.1,195,247.3,1229.11,1875.76,797200.62,0,103.23,43873.19,1294.82,1981.38,842089.83,0.0001795235870184,0.44235294117647,0.475294117647058,0.0823529411764705,0,0.512941176470588,0.487058823529411,0.64235294117647,0.16,0.0847058823529411,0.112941176470588,rxsummary2013.xlsx,https://www.health.state.mn.us/data/apcd/publicusefiles/docs/rxsummary2013.xlsx,2026-09-19,Drug,RUFINAMIDE,425,388,73,89,114,375,933,91,17.4,205,2248.22,591.55,2359.18
2013,COMMERCIAL,tiagabine,TIAGABINE HCL,Neuromuscular Drugs,278,81,194143.2,2396.82,698.35,15.53,5.08,-0.27,30,44.9,90,137.3,469.7,649.92,180679.72,10,46.81,13013.82,507.06,698.35,194143.2,4.13890328769e-05,,,,,0.66546762589928,0.334532374100719,0.798561151079136,0.0539568345323741,0.0719424460431654,0.0755395683453237,rxsummary2013.xlsx,https://www.health.state.mn.us/data/apcd/publicusefiles/docs/rxsummary2013.xlsx,2026-09-19,Drug,TIAGABINE HCL,278,676,180,185,284,491,1004,1302,28.4,138.3,597.73,134.92,611.41
2013,COMMERCIAL,topiramate,TOPIRAMATE,Neuromuscular Drugs,73524,17273,2435562.66,141,33.12,0.79,0.31,-0.228,30,41.8,90,106.4,3.85,23.39,1719908.52,7.19,9.71,714632.15,11.7,33.12,2435562.66,0.0005192331382642,0.0588515314727163,0.494804417605135,0.428417931559762,0.017926119362385,0.840269843860508,0.159730156139491,0.630447200913987,0.12183776725967,0.109365649311789,0.138349382514553,rxsummary2013.xlsx,https://www.health.state.mn.us/data/apcd/publicusefiles/docs/rxsummary2013.xlsx,2026-09-19,Drug,TOPIRAMATE,73524,199,841,999,1145,1157,84,1271,24.5,90.3,127.35,21.23,133.93
2013,COMMERCIAL,valproate,DIVALPROEX SODIUM,Neuromuscular Drugs,41734,8251,4530672.76,549.1,108.56,2.76,0.92,0.475,30,39.2,90,117.2,33.15,91.62,3823916.2,10,16.84,702819.02,46.38,108.56,4530672.76,0.0009658858194283,0.1248622226482,0.420951741984952,0.401231609718694,0.0529544256481525,0.449681314994968,0.550318685005031,0.690779700004792,0.122585901183687,0.0839603201226817,0.102674078688838,rxsummary2013.xlsx,https://www.health.state.mn.us/data/apcd/publicusefiles/docs/rxsummary2013.xlsx,2026-09-19,Drug,DIVALPROEX SODIUM,41734,118,470,659,759,881,133,74,22.7,103.9,158.58,40.6,168.45
2013,COMMERCIAL,valproate,VALPROATE SODIUM,Neuromuscular Drugs,872,165,22552.95,136.68,25.86,0.84,0.06,0.062,30,30.6,423.5,403.2,13.78,20.17,17593.88,0,5.6,4884.64,19.28,25.86,22552.95,4.8080220632e-06,0.587155963302752,0.290137614678899,0.0871559633027522,0.0355504587155963,0.369266055045871,0.630733944954128,0.682339449541284,0.0928899082568807,0.10091743119266,0.123853211009174,rxsummary2013.xlsx,https://www.health.state.mn.us/data/apcd/publicusefiles/docs/rxsummary2013.xlsx,2026-09-19,Drug,VALPROATE SODIUM,872,1055,847,1073,1123,1418,794,516,13.6,291.7,22.47,9.1,22.27
2013,COMMERCIAL,valproate,VALPROIC ACID,Neuromuscular Drugs,644,163,27624.35,169.47,42.89,1.1,0.24,-0.128,30,38.8,120,174.9,17.02,29.09,18740.31,10,13.78,8879.95,28.65,42.89,27624.35,5.8891845315e-06,0.0838509316770186,0.343167701863354,0.534161490683229,0.0388198757763975,0.413043478260869,0.58695652173913,0.619565217391304,0.114906832298136,0.0822981366459627,0.183229813664596,rxsummary2013.xlsx,https://www.health.state.mn.us/data/apcd/publicusefiles/docs/rxsummary2013.xlsx,2026-09-19,Drug,VALPROIC ACID,644,1025,797,930,1036,1203,854,1121,23.1,155,35.44,17.14,42.12
2013,COMMERCIAL,vigabatrin,VIGABATRIN,Neuromuscular Drugs,124,15,1241590.21,82772.68,10012.82,333.76,59.16,,30,30,165,169.2,8899.9,9758.92,1210107.23,0,253.89,31482.98,9649.9,10012.82,1241590.21,0.0002646923406094,0.75,0.25,0,0,0.669354838709677,0.330645161290322,,,,,rxsummary2013.xlsx,https://www.health.state.mn.us/data/apcd/publicusefiles/docs/rxsummary2013.xlsx,2026-09-19,Drug,VIGABATRIN,124,309,8,13,17,120,1163,,0,76.9,4501.77,674.2,4517.48
2013,COMMERCIAL,zonisamide,ZONISAMIDE,Neuromuscular Drugs,5188,1005,379114.51,377.22,73.07,1.88,0.51,-0.05,30,38.7,120,140.9,16.79,59.16,306926.54,10,13.9,72148.91,26.32,73.07,379114.51,8.082272734e-05,0.145913646877409,0.441981495759444,0.387239784117193,0.0248650732459521,0.69988434849653,0.300115651503469,0.700462606013878,0.0855821125674633,0.0913646877409406,0.122590593677717,rxsummary2013.xlsx,https://www.health.state.mn.us/data/apcd/publicusefiles/docs/rxsummary2013.xlsx,2026-09-19,Drug,ZONISAMIDE,5188,543,568,763,873,1037,433,877,22,120.6,224.54,34.68,240.52
2013,MEDICARE,carbamazepine,CARBAMAZEPINE,Neuromuscular Drugs,36967,4820,2895374.29,600.7,78.32,2.11,0.65,0.084,30,37,90,120,22.6,69.5,2569524.18,0,8.72,322415.86,29.78,78.32,2895374.29,0.0006172595366716,0,0.207455297968458,0.377742310709551,0.414802391321989,0.530960045445938,0.469039954554061,0.544972543078962,0.0937592988340952,0.148700192063191,0.21256796602375,rxsummary2013.xlsx,https://www.health.state.mn.us/data/apcd/publicusefiles/docs/rxsummary2013.xlsx,2026-09-19,Drug,CARBAMAZEPINE,36967,120,394,599,692,827,129,438,20.8,114.4,105.73,27.51,111.54
2013,MEDICARE,clobazam,CLOBAZAM,Neuromuscular Drugs,159,24,53179.13,2215.79,334.45,11.45,5.5,,30,29.2,60,60.7,232.49,334.21,53140.63,0,0.24,38.5,232.49,334.45,53179.13,1.13371612291e-05,,,,,0.364779874213836,0.635220125786163,,,,,rxsummary2013.xlsx,https://www.health.state.mn.us/data/apcd/publicusefiles/docs/rxsummary2013.xlsx,2026-09-19,Drug,CLOBAZAM,159,770,164,231,280,394,971,,11.6,46.3,303.29,0.89,303.19
2013,MEDICARE,ethosuximide,ETHOSUXIMIDE,Neuromuscular Drugs,479,52,66730.22,1283.27,139.31,4.03,1.11,0.035,30,34.5,112,125.4,121.65,130.99,62745.83,0,8.25,3954.89,123.63,139.31,66730.22,1.42260932624e-05,0,0.478079331941544,0.325678496868475,0.196242171189979,0.68893528183716,0.311064718162839,0.427974947807933,0.0521920668058455,0.152400835073068,0.367432150313152,rxsummary2013.xlsx,https://www.health.state.mn.us/data/apcd/publicusefiles/docs/rxsummary2013.xlsx,2026-09-19,Drug,ETHOSUXIMIDE,479,725,244,468,545,701,792,607,17.2,69.5,77.99,25.02,77.13
2013,MEDICARE,felbamate,FELBAMATE,Neuromuscular Drugs,2027,206,1784784.45,8664,880.5,27.03,6.03,-0.094,30,32.5,150,145.8,809.44,861.83,1746934.24,0,18.47,37447.95,809.44,880.5,1784784.45,0.0003804949247738,0,0.467192895905278,0.427232363098174,0.105574740996546,0.484459792797237,0.515540207202762,0.616181549087321,0.111494819930932,0.0981746423285643,0.174148988653182,rxsummary2013.xlsx,https://www.health.state.mn.us/data/apcd/publicusefiles/docs/rxsummary2013.xlsx,2026-09-19,Drug,FELBAMATE,2027,183,74,99,157,369,528,1022,13.4,104.1,513.89,95.17,508.08
2013,MEDICARE,lacosamide,LACOSAMIDE,Neuromuscular Drugs,3660,412,2371416.21,5755.86,647.92,21.6,7.58,0.133,30,29.9,60,85.3,541.2,610.68,2235113.86,0,36.65,134141.66,549.67,647.92,2371416.21,0.0005055578741911,0,0.365846994535519,0.408469945355191,0.225683060109289,0.486612021857923,0.513387978142076,0.657650273224043,0.06775956284153,0.111475409836065,0.16311475409836,rxsummary2013.xlsx,https://www.health.state.mn.us/data/apcd/publicusefiles/docs/rxsummary2013.xlsx,2026-09-19,Drug,LACOSAMIDE,3660,144,97,135,190,321,424,308,13.5,133.2,450.15,112.01,448.15
2013,MEDICARE,lamotrigine,LAMOTRIGINE,Neuromuscular Drugs,59785,7436,3287941.23,442.16,54.99,1.57,0.75,0.044,30,34.9,60,72.8,11.22,50.67,3029451.33,1.15,4.26,254746.41,14.22,54.99,3287941.23,0.0007009501629004,0,0.332725600066906,0.439374425022999,0.227899974910094,0.634389897131387,0.365610102868612,0.572434557163168,0.0846700677427448,0.160826294220958,0.182069080873128,rxsummary2013.xlsx,https://www.health.state.mn.us/data/apcd/publicusefiles/docs/rxsummary2013.xlsx,2026-09-19,Drug,LAMOTRIGINE,59785,105,456,684,767,792,85,580,17.8,65,191.24,25.84,197.39
2013,MEDICARE,levetiracetam,LEVETIRACETAM,Neuromuscular Drugs,56714,7971,5093720,639.03,89.81,2.43,0.76,-0.017,30,36.8,60,117.6,36.1,81.08,4598388.67,1.15,8.59,487226.87,41.92,89.81,5093720,0.0010859208282653,0,0.149081355573579,0.300278590824135,0.550640053602285,0.53433014775893,0.465669852241069,0.603025707938075,0.0930634411256479,0.124942694925415,0.178968156010861,rxsummary2013.xlsx,https://www.health.state.mn.us/data/apcd/publicusefiles/docs/rxsummary2013.xlsx,2026-09-19,Drug,LEVETIRACETAM,56714,71,378,563,650,787,90,810,21,127.3,215.24,30.33,220.34
2013,MEDICARE,methsuximide,METHSUXIMIDE,Neuromuscular Drugs,148,16,27978.25,1748.64,189.04,5.38,2.23,0.173,30,35.1,84,84.7,175.58,179.86,26620.16,0,7.75,1148.1,179.7,189.04,27978.25,5.9646318237e-06,0,0.614864864864864,0.155405405405405,0.229729729729729,0.682432432432432,0.317567567567567,0.554054054054054,0.121621621621621,0.168918918918918,0.155405405405405,rxsummary2013.xlsx,https://www.health.state.mn.us/data/apcd/publicusefiles/docs/rxsummary2013.xlsx,2026-09-19,Drug,METHSUXIMIDE,148,879,195,388,475,585,991,243,16.8,53.5,103.37,28.53,117.64
2013,MEDICARE,oxcarbazepine,OXCARBAZEPINE,Neuromuscular Drugs,15354,2034,1117004.68,549.16,72.75,2.13,0.76,-0.07,30,34,60,95.2,41.76,66.56,1022018.8,0,6.09,93548.91,46.03,72.75,1117004.68,0.0002381321798767,0,0.337110850592679,0.37221570926143,0.29067344014589,0.536537710042985,0.463462289957014,0.560375146541617,0.0889019148104728,0.176631496678389,0.174091441969519,rxsummary2013.xlsx,https://www.health.state.mn.us/data/apcd/publicusefiles/docs/rxsummary2013.xlsx,2026-09-19,Drug,OXCARBAZEPINE,15354,243,415,624,687,786,227,976,16.7,94.1,127.36,20.82,130.23
2013,MEDICARE,phenobarbital,PHENOBARBITAL,Central Nervous System Drugs,8977,1054,183063.39,173.68,20.39,0.56,0.19,0.799,30,36.2,60,104.5,11.33,14.96,134328.13,0,5.39,48401.09,15.27,20.39,183063.39,3.90269484961e-05,0,0.115071850284059,0.362704689762726,0.522223459953213,0.550072407263005,0.449927592736994,0.533474434666369,0.0832126545616575,0.178344658571905,0.204968252200066,rxsummary2013.xlsx,https://www.health.state.mn.us/data/apcd/publicusefiles/docs/rxsummary2013.xlsx,2026-09-19,Drug,PHENOBARBITAL,8977,548,684,969,1049,1075,283,29,21.4,147.8,20.17,11,20.95
2013,MEDICARE,phenytoin,PHENYTOIN,Neuromuscular Drugs,6016,744,265296.88,356.58,44.09,1.49,0.31,-0.073,30,29.5,82,138.7,28.04,37.94,228291.56,0,5.92,35621.97,31.64,44.09,265296.88,5.6558155467e-05,0,0.0934175531914893,0.298038563829787,0.608543882978723,0.543218085106382,0.456781914893617,0.517121010638297,0.0892619680851063,0.159906914893617,0.233710106382978,rxsummary2013.xlsx,https://www.health.state.mn.us/data/apcd/publicusefiles/docs/rxsummary2013.xlsx,2026-09-19,Drug,PHENYTOIN,6016,484,508,750,779,973,332,979,16.4,147.1,39.19,14.49,40.63
2013,MEDICARE,phenytoin,PHENYTOIN SODIUM EXTENDED,Neuromuscular Drugs,36304,4414,1275280.22,288.91,35.12,0.89,0.29,-0.1,30,39.2,90,117.8,17.86,25.61,929943.54,1.15,9.45,343172.4,23.25,35.12,1275280.22,0.000271874652076,0,0.071094094314676,0.281181137064786,0.647724768620537,0.511100705156456,0.488899294843543,0.514378580872631,0.0995207139709122,0.152655354781842,0.233445350374614,rxsummary2013.xlsx,https://www.health.state.mn.us/data/apcd/publicusefiles/docs/rxsummary2013.xlsx,2026-09-19,Drug,PHENYTOIN SODIUM EXTENDED,36304,220,565,819,914,983,130,1042,23.6,99.9,28.27,21,34.14
2013,MEDICARE,primidone,PRIMIDONE,Neuromuscular Drugs,12167,2147,393419.84,183.24,32.33,0.71,0.27,-0.05,30,45.4,90,115.7,14.83,24.01,292249.4,4,8.22,100093.08,21.96,32.33,393419.84,8.38724544161e-05,0,0.0290950932851154,0.162735267526917,0.808169639187967,0.572943207035423,0.427056792964576,0.526095175474644,0.10216158461412,0.152872524040437,0.218870715870798,rxsummary2013.xlsx,https://www.health.state.mn.us/data/apcd/publicusefiles/docs/rxsummary2013.xlsx,2026-09-19,Drug,PRIMIDONE,12167,412,668,834,989,1000,250,916,26.7,113.2,31.44,12.01,33.05
2013,MEDICARE,rescue_diazepam,DIAZEPAM (ANTICONVULSANT),Neuromuscular Drugs,240,120,106577.97,888.14,444.07,76.18,232.19,,2,5.8,1,1.9,323.54,435.97,104633.06,0,7.93,1903.67,326.54,444.07,106577.97,2.27211620303e-05,0,0.3125,0.5875,0.1,0.4,0.6,0.6,0.0916666666666666,0.175,0.133333333333333,rxsummary2013.xlsx,https://www.health.state.mn.us/data/apcd/publicusefiles/docs/rxsummary2013.xlsx,2026-09-19,Drug,DIAZEPAM (ANTICONVULSANT),240,653,318,179,69,26,910,,8.3,2.8,235.45,44.44,238.38
2013,MEDICARE,rufinamide,RUFINAMIDE,Neuromuscular Drugs,773,80,1269318.43,15866.48,1642.06,57.21,10.85,0.1,30,28.7,140,151.2,1455.54,1628.66,1258956.44,0,12.89,9970.38,1488.77,1642.06,1269318.43,0.0002706036689959,0,0.424320827943078,0.522639068564036,0.0530401034928848,0.521345407503234,0.478654592496765,0.609314359637774,0.0672703751617076,0.0802069857697283,0.243208279430789,rxsummary2013.xlsx,https://www.health.state.mn.us/data/apcd/publicusefiles/docs/rxsummary2013.xlsx,2026-09-19,Drug,RUFINAMIDE,773,221,48,68,88,275,706,387,7,117.3,1089.09,104.26,1093.32
2013,MEDICARE,tiagabine,TIAGABINE HCL,Neuromuscular Drugs,706,88,507731.56,5769.67,719.16,21.74,7.45,-0.029,30,33,72.5,96.4,505.17,706.21,498589.31,0,12.64,8924.62,556.89,719.16,507731.56,0.0001082423604304,0,0.310198300283286,0.518413597733711,0.171388101983002,0.528328611898016,0.471671388101983,0.669971671388101,0.0864022662889518,0.155807365439093,0.0878186968838526,rxsummary2013.xlsx,https://www.health.state.mn.us/data/apcd/publicusefiles/docs/rxsummary2013.xlsx,2026-09-19,Drug,TIAGABINE HCL,706,363,95,120,188,325,720,849,16.2,89.5,675.44,75.04,681.46
2013,MEDICARE,topiramate,TOPIRAMATE,Neuromuscular Drugs,37213,5883,1844116.35,313.46,49.55,1.34,0.6,0.043,30,36.9,60,82.4,17.37,45.13,1679790.84,1.15,4.36,162507.03,20.07,49.55,1844116.35,0.0003931437837591,0,0.315346787413,0.442049821299008,0.24260339128799,0.726681536022357,0.273318463977642,0.599199204579044,0.07919275521995,0.143847580146722,0.177760460054282,rxsummary2013.xlsx,https://www.health.state.mn.us/data/apcd/publicusefiles/docs/rxsummary2013.xlsx,2026-09-19,Drug,TOPIRAMATE,37213,176,542,714,808,850,128,584,20.1,74.1,156.31,20.87,161.02
2013,MEDICARE,valproate,DIVALPROEX SODIUM,Neuromuscular Drugs,88830,10238,8410778.86,821.52,94.68,2.94,0.99,0.699,30,32.1,62,95.6,43.29,89.29,7931976.78,0,5.26,467968.39,46.42,94.68,8410778.86,0.0017930785253229,0,0.247720364741641,0.391489361702127,0.360790273556231,0.478678374423055,0.521321625576944,0.61424068445345,0.0845435100754249,0.136057638185297,0.165158167285826,rxsummary2013.xlsx,https://www.health.state.mn.us/data/apcd/publicusefiles/docs/rxsummary2013.xlsx,2026-09-19,Drug,DIVALPROEX SODIUM,88830,39,333,554,606,727,63,37,14.4,89.5,131.63,23.64,134.22
2013,MEDICARE,valproate,VALPROATE SODIUM,Neuromuscular Drugs,3508,445,107478.37,241.52,30.63,1.18,0.07,-0.031,30,25.9,473,417.2,24.9,28.24,99090.12,0,2.37,8322.24,26.2,30.63,107478.37,2.29131166556e-05,0,0.230900798175598,0.393956670467502,0.375142531356898,0.474344355758266,0.525655644241733,0.587514253135689,0.0872291904218928,0.163055872291904,0.162200684150513,rxsummary2013.xlsx,https://www.health.state.mn.us/data/apcd/publicusefiles/docs/rxsummary2013.xlsx,2026-09-19,Drug,VALPROATE SODIUM,3508,651,608,854,845,1216,432,854,9.8,333,19.28,7.16,20.11
2013,MEDICARE,valproate,VALPROIC ACID,Neuromuscular Drugs,1793,267,87164.46,326.45,48.61,1.37,0.33,-0.057,30,35.2,120,147.1,34.77,43.4,77825.25,0,5.16,9253.27,38.09,48.61,87164.46,1.8582431425e-05,0,0.122141662018962,0.428890128276631,0.448968209704406,0.444506413831567,0.555493586168432,0.592303402119353,0.0624651422197434,0.162297824874511,0.182933630786391,rxsummary2013.xlsx,https://www.health.state.mn.us/data/apcd/publicusefiles/docs/rxsummary2013.xlsx,2026-09-19,Drug,VALPROIC ACID,1793,685,534,718,800,960,554,931,19.6,119.4,34.13,14.41,36.17
2013,MEDICARE,zonisamide,ZONISAMIDE,Neuromuscular Drugs,5522,688,512681.99,745.17,92.84,2.65,0.75,0.047,30,34.9,112,122.3,41.5,87.31,482165.95,0,5.43,30019.67,44.86,92.84,512681.99,0.0001092977335262,0,0.307316189786309,0.459797174936617,0.232886635277073,0.584389713871785,0.415610286128214,0.604491126403477,0.0737051792828685,0.128395508873596,0.193408185440057,rxsummary2013.xlsx,https://www.health.state.mn.us/data/apcd/publicusefiles/docs/rxsummary2013.xlsx,2026-09-19,Drug,ZONISAMIDE,5522,362,350,557,628,789,349,567,17.6,100.2,233.55,53.58,248.24
2013,MINNESOTA HEALTH CARE PROGRAMS,carbamazepine,CARBAMAZEPINE,Neuromuscular Drugs,17591,2340,1374838.61,587.53,78.15,2.62,0.71,0.096,30,29.7,90,109.4,42.77,74.94,1318430.85,0,2.98,52548.95,45.15,78.15,1374838.61,0.0002930993227155,0.0976067307145699,0.552043658689102,0.341197203115229,0.0091524074810982,0.497242908305383,0.502757091694616,0.557387300324029,0.085327724404525,0.154965607412881,0.202319367858564,rxsummary2013.xlsx,https://www.health.state.mn.us/data/apcd/publicusefiles/docs/rxsummary2013.xlsx,2026-09-19,Drug,CARBAMAZEPINE,17591,120,306,493,574,719,145,407,7.4,104,85.55,17.04,86.98
2013,MINNESOTA HEALTH CARE PROGRAMS,clobazam,CLOBAZAM,Neuromuscular Drugs,1246,171,401446.6,2347.64,322.18,11.58,4.58,0.271,30,27.8,60,70.2,261.84,320.31,399117.23,0,1.33,1665.18,261.84,322.18,401446.6,8.55836646647e-05,0.750401284109149,0.234349919743178,0.0152487961476725,0,0.553772070626003,0.446227929373996,0.487158908507223,0.167736757624398,0.113964686998394,0.231139646869983,rxsummary2013.xlsx,https://www.health.state.mn.us/data/apcd/publicusefiles/docs/rxsummary2013.xlsx,2026-09-19,Drug,CLOBAZAM,1246,273,115,182,240,378,549,146,6.2,43.5,269.63,7.46,269.7
2013,MINNESOTA HEALTH CARE PROGRAMS,ethosuximide,ETHOSUXIMIDE,Neuromuscular Drugs,1255,173,115539.29,667.85,92.06,3.12,0.49,0.272,30,29.4,120,186.1,84.64,86.52,108582.97,0,5.3,6661.49,88.79,92.06,115539.29,2.46316094119e-05,,,,,0.615139442231075,0.384860557768924,0.560956175298804,0.127490039840637,0.183266932270916,0.128286852589641,rxsummary2013.xlsx,https://www.health.state.mn.us/data/apcd/publicusefiles/docs/rxsummary2013.xlsx,2026-09-19,Drug,ETHOSUXIMIDE,1255,492,286,457,532,809,548,145,7,162.8,75.36,36.21,78.63
2013,MINNESOTA HEALTH CARE PROGRAMS,felbamate,FELBAMATE,Neuromuscular Drugs,2829,317,2479311.99,7821.17,876.39,29.61,3.99,0.072,30,29.5,165,219.5,787.07,865.83,2449459.37,0,9.16,25914.55,795.76,876.39,2479311.99,0.0005285599777194,0.469070342877341,0.464475079533404,0.0664545775892541,0,0.457405443619653,0.542594556380346,0.571226581831035,0.0745846588900671,0.125839519264757,0.228349240014139,rxsummary2013.xlsx,https://www.health.state.mn.us/data/apcd/publicusefiles/docs/rxsummary2013.xlsx,2026-09-19,Drug,FELBAMATE,2829,62,56,82,119,411,395,475,5.6,188.2,602.79,61.46,601.93
2013,MINNESOTA HEALTH CARE PROGRAMS,lacosamide,LACOSAMIDE,Neuromuscular Drugs,3548,446,1673749.37,3752.8,471.74,16.34,4.69,0.142,30,28.8,60,100.4,522.93,466.08,1653663.28,0,3.99,14191.19,525.71,471.74,1673749.37,0.000356823559634,0.295659526493799,0.546505073280721,0.152762119503945,0.0050732807215332,0.493517474633596,0.506482525366403,0.68010146561443,0.084836527621195,0.0775084554678692,0.157553551296505,rxsummary2013.xlsx,https://www.health.state.mn.us/data/apcd/publicusefiles/docs/rxsummary2013.xlsx,2026-09-19,Drug,LACOSAMIDE,3548,98,93,132,191,372,351,304,5,147.3,272.08,26.17,272.93
2013,MINNESOTA HEALTH CARE PROGRAMS,lamotrigine,LAMOTRIGINE,Neuromuscular Drugs,66894,10026,2747883.85,274.07,41.07,1.38,0.66,-0.06,30,29.6,60,61.6,9.25,39.41,2636490.49,0,1.55,104170.33,9.85,41.07,2747883.85,0.0005858163201685,0.14757676323736,0.60984542709361,0.2401710168326,0.0024067928364277,0.662720124375878,0.337279875624121,0.564206057344455,0.101354381558884,0.145663288187281,0.188776272909379,rxsummary2013.xlsx,https://www.health.state.mn.us/data/apcd/publicusefiles/docs/rxsummary2013.xlsx,2026-09-19,Drug,LAMOTRIGINE,66894,56,442,648,731,737,43,875,6.3,50,157.43,16.98,159.91
2013,MINNESOTA HEALTH CARE PROGRAMS,levetiracetam,LEVETIRACETAM,Neuromuscular Drugs,35910,4997,2438217.4,487.93,67.89,2.29,0.44,-0.102,30,29.5,90,151.8,29.08,65.07,2336679.95,0,2.64,95051.14,31.15,67.89,2438217.4,0.0005197990974178,0.301531606794764,0.423920913394597,0.263018657755499,0.0115288220551378,0.492759676970203,0.507240323029796,0.62907268170426,0.0898635477582846,0.12745753272069,0.153606237816764,rxsummary2013.xlsx,https://www.health.state.mn.us/data/apcd/publicusefiles/docs/rxsummary2013.xlsx,2026-09-19,Drug,LEVETIRACETAM,35910,66,334,528,612,820,87,967,6.4,159.2,170.31,18.86,172.98
2013,MINNESOTA HEALTH CARE PROGRAMS,methsuximide,METHSUXIMIDE,Neuromuscular Drugs,272,32,31840,995,117.05,3.98,1.57,0.023,30,29.3,73,74.2,119.96,114.75,31212.88,0,2.12,578.89,119.96,117.05,31840,6.7879112263e-06,,,,,0.463235294117647,0.536764705882352,0.588235294117647,0.110294117647058,0.0845588235294117,0.216911764705882,rxsummary2013.xlsx,https://www.health.state.mn.us/data/apcd/publicusefiles/docs/rxsummary2013.xlsx,2026-09-19,Drug,METHSUXIMIDE,272,760,235,408,487,564,821,620,3.3,31,77.9,10.3,76.35
2013,MINNESOTA HEALTH CARE PROGRAMS,oxcarbazepine,OXCARBAZEPINE,Neuromuscular Drugs,19825,2901,1500923.5,517.38,75.7,2.6,0.65,-0.11,30,29.1,64,116.2,32.39,74.03,1467834.73,0,1.5,29860.55,33.94,75.7,1500923.5,0.0003199791292577,0.404136191677175,0.434602774274905,0.159949558638083,0.001311475409836,0.487263556116015,0.512736443883984,0.542395964691046,0.110264817150063,0.130844892812105,0.216494325346784,rxsummary2013.xlsx,https://www.health.state.mn.us/data/apcd/publicusefiles/docs/rxsummary2013.xlsx,2026-09-19,Drug,OXCARBAZEPINE,19825,110,327,499,576,741,129,982,5.7,122,129.57,12.17,130.51
2013,MINNESOTA HEALTH CARE PROGRAMS,phenobarbital,PHENOBARBITAL,Central Nervous System Drugs,4971,694,124844.4,179.89,25.11,0.86,0.16,1.144,30,28.9,75,152.3,13.42,23.84,118521.44,0,1.21,6045.99,14.95,25.11,124844.4,2.66153487534e-05,0.344196338764836,0.368939851136592,0.28364514182257,0.0032186682760008,0.536310601488634,0.463689398511365,0.598873466103399,0.0822772078052705,0.167974250653791,0.150875075437537,rxsummary2013.xlsx,https://www.health.state.mn.us/data/apcd/publicusefiles/docs/rxsummary2013.xlsx,2026-09-19,Drug,PHENOBARBITAL,4971,478,523,768,862,1077,299,21,8.1,199,41.13,5.36,41.12
2013,MINNESOTA HEALTH CARE PROGRAMS,phenytoin,PHENYTOIN,Neuromuscular Drugs,1474,204,55767.02,273.36,37.83,1.35,0.24,-0.073,30,28,135,153.7,30.43,36.58,53923.21,0,1.15,1707.79,30.43,37.83,55767.02,1.18888687537e-05,0.194029850746268,0.455223880597014,0.335820895522388,0.0149253731343283,0.496607869742198,0.503392130257801,0.551560379918588,0.111940298507462,0.158751696065128,0.177747625508819,rxsummary2013.xlsx,https://www.health.state.mn.us/data/apcd/publicusefiles/docs/rxsummary2013.xlsx,2026-09-19,Drug,PHENYTOIN,1474,639,443,663,738,967,517,903,7.3,133.1,30.03,4.9,29.96
2013,MINNESOTA HEALTH CARE PROGRAMS,phenytoin,PHENYTOIN SODIUM EXTENDED,Neuromuscular Drugs,10213,1323,348202.82,263.19,34.09,1.14,0.32,-0.092,30,29.8,90,104.1,21.69,31.31,319815.89,0,2.67,27278.19,24.02,34.09,348202.82,7.42327208206e-05,0.0133163615000489,0.358073044159404,0.606873592480172,0.021737001860374,0.411436404582394,0.588563595417605,0.622931557818466,0.0713796142171741,0.128757465974738,0.176931361989621,rxsummary2013.xlsx,https://www.health.state.mn.us/data/apcd/publicusefiles/docs/rxsummary2013.xlsx,2026-09-19,Drug,PHENYTOIN SODIUM EXTENDED,10213,308,453,680,784,898,200,949,8.3,59.4,36.06,12.12,37.24
2013,MINNESOTA HEALTH CARE PROGRAMS,primidone,PRIMIDONE,Neuromuscular Drugs,1646,257,37529.67,146.02,22.8,0.74,0.24,-0.059,30,30.7,60,93,15.28,19.82,32635.27,0,2.91,4797.32,16.69,22.8,37529.67,8.0008815425e-06,0.0164034021871202,0.298298906439854,0.65370595382746,0.031591737545565,0.486634264884568,0.513365735115431,0.578979343863912,0.0741190765492102,0.165856622114216,0.18104495747266,rxsummary2013.xlsx,https://www.health.state.mn.us/data/apcd/publicusefiles/docs/rxsummary2013.xlsx,2026-09-19,Drug,PRIMIDONE,1646,729,578,791,905,969,499,873,10.1,87.7,20.04,13.25,23.79
2013,MINNESOTA HEALTH CARE PROGRAMS,rescue_diazepam,DIAZEPAM (ANTICONVULSANT),Neuromuscular Drugs,2375,1197,1025233.74,856.5,431.67,60.92,160.06,-0.003,2,7,1,2.6,319.13,427.13,1014433.98,0,3.63,8625.83,319.13,431.67,1025233.74,0.0002185677014257,,,,,0.466947368421052,0.533052631578947,0.639157894736842,0.12378947368421,0.0858947368421052,0.151157894736842,rxsummary2013.xlsx,https://www.health.state.mn.us/data/apcd/publicusefiles/docs/rxsummary2013.xlsx,2026-09-19,Drug,DIAZEPAM (ANTICONVULSANT),2375,146,253,146,62,35,432,718,9.5,4.8,361.06,31.3,359.01
2013,MINNESOTA HEALTH CARE PROGRAMS,rufinamide,RUFINAMIDE,Neuromuscular Drugs,1012,116,1125855.52,9705.65,1112.5,39.43,5.51,0.25,30,28.2,155,201.7,833.28,1107.45,1120746.82,0,2.04,2073.42,833.28,1112.5,1125855.52,0.0002400190742297,0.464426877470355,0.467391304347826,0.0681818181818181,0,0.399209486166007,0.600790513833992,0.627470355731225,0.135375494071146,0.0583003952569169,0.178853754940711,rxsummary2013.xlsx,https://www.health.state.mn.us/data/apcd/publicusefiles/docs/rxsummary2013.xlsx,2026-09-19,Drug,RUFINAMIDE,1012,136,48,70,95,333,584,159,6,181.9,930.47,24.72,933.71
2013,MINNESOTA HEALTH CARE PROGRAMS,tiagabine,TIAGABINE HCL,Neuromuscular Drugs,211,49,79449.93,1621.42,376.53,14.01,5.4,-0.312,30,26.8,60,69.6,297.26,371.48,78383.6,0,4.18,883.21,297.26,376.53,79449.93,1.69377849177e-05,0.165876777251184,0.5260663507109,0.308056872037914,0,0.606635071090047,0.393364928909952,0.545023696682464,0.132701421800947,0.213270142180094,0.109004739336492,rxsummary2013.xlsx,https://www.health.state.mn.us/data/apcd/publicusefiles/docs/rxsummary2013.xlsx,2026-09-19,Drug,TIAGABINE HCL,211,566,149,163,216,340,859,1124,7.2,60.4,298.85,22.78,295.25
2013,MINNESOTA HEALTH CARE PROGRAMS,topiramate,TOPIRAMATE,Neuromuscular Drugs,45898,8444,1135229.35,134.44,24.73,0.82,0.33,-0.188,30,29.8,60,73.8,8.35,23.51,1079296.7,0,1.16,53254.99,9.31,24.73,1135229.35,0.000242017463862,0.138393829796505,0.562115996339709,0.29630920737287,0.0031809664909146,0.759379493659854,0.240620506340145,0.571789620462765,0.108850058826092,0.138502767005098,0.180857553706043,rxsummary2013.xlsx,https://www.health.state.mn.us/data/apcd/publicusefiles/docs/rxsummary2013.xlsx,2026-09-19,Drug,TOPIRAMATE,45898,133,605,773,878,890,69,1081,6.8,54.5,104.56,13.92,106.06
2013,MINNESOTA HEALTH CARE PROGRAMS,valproate,DIVALPROEX SODIUM,Neuromuscular Drugs,54338,7908,4483964.55,567.01,82.51,2.79,0.93,0.73,30,29.5,60,87.8,29.92,80.03,4349115.59,0,2.27,123430.9,32.22,82.51,4483964.55,0.0009559281817706,0.178622694983252,0.531377673083293,0.282067797857852,0.0079318340756008,0.391125915565534,0.608874084434465,0.607162574993558,0.106058375354264,0.135080422540395,0.151698627111781,rxsummary2013.xlsx,https://www.health.state.mn.us/data/apcd/publicusefiles/docs/rxsummary2013.xlsx,2026-09-19,Drug,DIVALPROEX SODIUM,54338,32,312,479,560,661,56,42,5.9,71.1,111.84,15.58,113.46
2013,MINNESOTA HEALTH CARE PROGRAMS,valproate,VALPROATE SODIUM,Neuromuscular Drugs,2653,339,52430.84,154.66,19.76,0.71,0.04,0.015,30,27.5,460,423.2,13.11,19.37,51402.95,0,0.36,959.1,13.11,19.76,52430.84,1.11776346558e-05,0.486618921975122,0.412740294006784,0.0919713531850735,0.0086694308330192,0.386732001507727,0.613267998492272,0.623445156426686,0.0802864681492649,0.138333961552958,0.157934413871089,rxsummary2013.xlsx,https://www.health.state.mn.us/data/apcd/publicusefiles/docs/rxsummary2013.xlsx,2026-09-19,Drug,VALPROATE SODIUM,2653,653,564,842,915,1192,405,651,6.1,276.6,25.44,2.37,25.46
2013,MINNESOTA HEALTH CARE PROGRAMS,valproate,VALPROIC ACID,Neuromuscular Drugs,706,144,20393.92,141.62,28.88,0.99,0.21,-0.146,30,29,120,134.4,22.16,26.91,18999.78,0,1.87,1324.7,22.85,28.88,20393.92,4.3477424157e-06,0.046742209631728,0.541076487252124,0.36827195467422,0.0439093484419263,0.470254957507082,0.529745042492917,0.576487252124645,0.0736543909348441,0.128895184135977,0.220963172804532,rxsummary2013.xlsx,https://www.health.state.mn.us/data/apcd/publicusefiles/docs/rxsummary2013.xlsx,2026-09-19,Drug,VALPROIC ACID,706,835,587,733,821,1004,649,1045,4.3,83.1,18.67,7.11,18.94
2013,MINNESOTA HEALTH CARE PROGRAMS,vigabatrin,VIGABATRIN,Neuromuscular Drugs,182,27,829818.37,30734.01,4559.44,153.18,44.6,,30,29.7,90,102.2,5177.59,4542.01,826646.84,0,14.6,2657.44,5177.59,4559.44,829818.37,0.0001769074569588,0.934065934065934,0.0659340659340659,0,0,0.703296703296703,0.296703296703296,0.478021978021978,0.236263736263736,0.126373626373626,0.159340659340659,rxsummary2013.xlsx,https://www.health.state.mn.us/data/apcd/publicusefiles/docs/rxsummary2013.xlsx,2026-09-19,Drug,VIGABATRIN,182,166,12,21,30,87,889,,1.9,43.4,2485.81,195.66,2509.69
2013,MINNESOTA HEALTH CARE PROGRAMS,zonisamide,ZONISAMIDE,Neuromuscular Drugs,4783,663,282221.03,425.67,59,1.96,0.53,-0.018,30,29.9,120,111.1,18.93,57.17,273447.53,0,1.71,8212.36,20.81,59,282221.03,6.01661839778e-05,,,,,0.5569726113318,0.443027388668199,0.596905707714823,0.0804934141752038,0.122099100982646,0.200501777127325,rxsummary2013.xlsx,https://www.health.state.mn.us/data/apcd/publicusefiles/docs/rxsummary2013.xlsx,2026-09-19,Drug,ZONISAMIDE,4783,336,362,551,650,783,303,753,6.6,69.8,167.68,15.02,168.84
2014,COMMERCIAL,carbamazepine,CARBAMAZEPINE,Neuromuscular Drugs,22433,4341,2982212.66,686.98,132.93,3.02,0.95,0.099,30,43.9,90,139.6,56.87,103.98,2332642.8,10,28.85,647283.55,82.95,132.93,2982212.66,0.0005842208718484,0.0250523781928409,0.366246155217759,0.548745152231088,0.0599563143583114,0.548165648820933,0.451834351179066,0.639415147327597,0.111220077564302,0.0977131903891588,0.15165158471894,rxsummary2014.xlsx,https://www.health.state.mn.us/data/apcd/publicusefiles/docs/rxsummary2014.xlsx,2026-09-19,Drug,CARBAMAZEPINE,22433,169,442,632,761,922,211,322,26.2,118,143.01,59.28,157.62
2014,COMMERCIAL,clobazam,CLOBAZAM,Neuromuscular Drugs,1094,177,740634.67,4184.37,676.99,20.26,7.1,0.38,30,33.4,60,95.3,509.42,637.07,696965.25,0,38.92,42583.37,546.78,676.99,740634.67,0.0001450916758661,0.709323583180987,0.253199268738574,0.0374771480804387,0,0.517367458866544,0.482632541133455,0.657221206581352,0.13254113345521,0.083180987202925,0.127056672760511,rxsummary2014.xlsx,https://www.health.state.mn.us/data/apcd/publicusefiles/docs/rxsummary2014.xlsx,2026-09-19,Drug,CLOBAZAM,1094,408,141,210,257,441,749,121,16.7,82.3,523.65,106.67,531.69
2014,COMMERCIAL,ethosuximide,ETHOSUXIMIDE,Neuromuscular Drugs,1684,287,257630.78,897.66,152.98,3.94,0.7,0.219,30,38.8,150,217.4,95.05,124.33,209384.88,11.82,28.54,48070.97,118.4,152.98,257630.78,5.04703373187e-05,0.803444180522565,0.089667458432304,0.10688836104513,0,0.545724465558194,0.454275534441805,0.626484560570071,0.148456057007125,0.100356294536817,0.124703087885985,rxsummary2014.xlsx,https://www.health.state.mn.us/data/apcd/publicusefiles/docs/rxsummary2014.xlsx,2026-09-19,Drug,ETHOSUXIMIDE,1684,636,376,592,695,999,654,200,22.8,171.4,121.39,48.88,120.96
2014,COMMERCIAL,felbamate,FELBAMATE,Neuromuscular Drugs,1853,277,1713075.95,6184.38,924.48,24.31,4.14,-0.073,30,38,165,222.9,672.98,881.07,1632626.89,0,42.81,79337.3,698.31,924.48,1713075.95,0.0003355946872855,,,,,0.562331354560172,0.437668645439827,0.699406368051807,0.100377765785213,0.0841878035617916,0.116028062601187,rxsummary2014.xlsx,https://www.health.state.mn.us/data/apcd/publicusefiles/docs/rxsummary2014.xlsx,2026-09-19,Drug,FELBAMATE,1853,262,113,164,226,595,640,765,21.4,187.2,749.65,149.4,750.71
2014,COMMERCIAL,lacosamide,LACOSAMIDE,Neuromuscular Drugs,4238,611,3461950.62,5666.04,816.88,23.78,7.13,0.018,30,34.3,60,114.4,616.39,763.28,3234792.07,10,53.24,225668.69,637.12,816.88,3461950.62,0.0006782024087821,0.251297781972628,0.424256724870221,0.284332232184992,0.0401132609721566,0.547192071731949,0.45280792826805,0.695139216611609,0.100519112789051,0.0811703633789523,0.123171307220386,rxsummary2014.xlsx,https://www.health.state.mn.us/data/apcd/publicusefiles/docs/rxsummary2014.xlsx,2026-09-19,Drug,LACOSAMIDE,4238,149,118,184,228,438,470,514,17.9,137.7,584.55,138.79,589.49
2014,COMMERCIAL,lamotrigine,LAMOTRIGINE,Neuromuscular Drugs,90602,15686,6317306.13,402.73,69.72,1.77,0.87,-0.114,30,39.3,60,79.7,3.87,59.32,5375059.22,5.51,10.38,941326.47,9.82,69.72,6317306.13,0.0012375717347407,0.0885631663760181,0.545263901459128,0.346957020816317,0.0192159113485353,0.672832829297366,0.327167170702633,0.662049402882938,0.115427915498554,0.0945453742742985,0.127977307344208,rxsummary2014.xlsx,https://www.health.state.mn.us/data/apcd/publicusefiles/docs/rxsummary2014.xlsx,2026-09-19,Drug,LAMOTRIGINE,90602,93,583,796,916,946,73,905,22.6,73.9,321.48,45.98,331.73
2014,COMMERCIAL,levetiracetam,LEVETIRACETAM,Neuromuscular Drugs,49195,8854,4616672.52,521.42,93.84,2.29,0.63,-0.174,30,40.9,120,148,21.79,76.52,3764659.64,10,17.27,850054.31,34.45,93.84,4616672.52,0.00090441452444,0.191177965240369,0.376847240573228,0.361500152454517,0.0704746417318833,0.505966053460717,0.494033946539282,0.663116170342514,0.117755869498932,0.096920418741742,0.12220754141681,rxsummary2014.xlsx,https://www.health.state.mn.us/data/apcd/publicusefiles/docs/rxsummary2014.xlsx,2026-09-19,Drug,LEVETIRACETAM,49195,125,508,726,846,1037,120,1076,24,135.7,286.49,54.57,299.66
2014,COMMERCIAL,methsuximide,METHSUXIMIDE,Neuromuscular Drugs,143,26,28836.27,1109.08,201.65,5.5,2.51,-0.06,30,36.6,60,80.2,144.19,183.8,26284.57,0,17.84,2551.7,146.88,201.65,28836.27,5.6490776215e-06,,,,,0.594405594405594,0.405594405594405,,,,,rxsummary2014.xlsx,https://www.health.state.mn.us/data/apcd/publicusefiles/docs/rxsummary2014.xlsx,2026-09-19,Drug,METHSUXIMIDE,143,1046,334,492,588,714,1141,719,19.9,57.8,132.74,43.37,137.38
2014,COMMERCIAL,oxcarbazepine,OXCARBAZEPINE,Neuromuscular Drugs,17310,3223,1687233.49,523.49,97.47,2.54,0.72,-0.095,30,38.2,90,133.8,28.15,80.83,1399199.94,10,16.62,287725.58,39.78,97.47,1687233.49,0.0003305321024757,0.280069324090121,0.399364529173887,0.292085499711149,0.0284806470248411,0.532928942807625,0.467071057192374,0.619757365684575,0.132697862507221,0.087579433853264,0.159965337954939,rxsummary2014.xlsx,https://www.health.state.mn.us/data/apcd/publicusefiles/docs/rxsummary2014.xlsx,2026-09-19,Drug,OXCARBAZEPINE,17310,266,504,713,818,995,250,839,21.7,126.5,201.94,46.91,211.96
2014,COMMERCIAL,perampanel,PERAMPANEL,Neuromuscular Drugs,53,20,48631.96,2431.59,917.58,27.18,10.41,,30,33.7,60,88.1,604.91,866.63,45931.72,38,50.75,2690,694.91,917.58,48631.96,9.5270892153e-06,,,,,0.490566037735849,0.50943396226415,,,,,rxsummary2014.xlsx,https://www.health.state.mn.us/data/apcd/publicusefiles/docs/rxsummary2014.xlsx,2026-09-19,Drug,PERAMPANEL,53,969,199,166,210,354,1337,,15.1,82.3,726.26,55.32,758
2014,COMMERCIAL,phenobarbital,PHENOBARBITAL,Central Nervous System Drugs,4625,847,137792.61,162.68,29.79,0.7,0.24,0.246,30,42.2,90,123.7,9.84,17.19,79523.15,10,12.57,58169.4,22.55,29.79,137792.61,2.69938223481e-05,0.125189189189189,0.176648648648648,0.622918918918918,0.0752432432432432,0.551783783783783,0.448216216216216,0.585297297297297,0.133621621621621,0.113729729729729,0.167351351351351,rxsummary2014.xlsx,https://www.health.state.mn.us/data/apcd/publicusefiles/docs/rxsummary2014.xlsx,2026-09-19,Drug,PHENOBARBITAL,4625,771,822,1057,1179,1247,457,180,26.2,125.9,26.5,14.51,27.51
2014,COMMERCIAL,phenytoin,PHENYTOIN,Neuromuscular Drugs,940,186,39485.87,212.28,42,1.04,0.37,-0.098,30,40,72.5,112.1,11.68,24.31,22851.87,10,17.66,16607.32,28.68,42,39485.87,7.7353535871e-06,0.0829787234042553,0.213829787234042,0.526595744680851,0.176595744680851,0.377659574468085,0.622340425531914,0.541489361702127,0.0904255319148936,0.1,0.268085106382978,rxsummary2014.xlsx,https://www.health.state.mn.us/data/apcd/publicusefiles/docs/rxsummary2014.xlsx,2026-09-19,Drug,PHENYTOIN,940,1000,746,968,1060,1153,777,850,25.4,128.1,47.95,28.61,62.08
2014,COMMERCIAL,phenytoin,PHENYTOIN SODIUM EXTENDED,Neuromuscular Drugs,16906,2705,990961.23,366.34,58.61,1.27,0.35,0.088,30,46,120,164.7,18.28,32.97,557427.13,14,25.61,433096.59,40.32,58.61,990961.23,0.0001941311032321,0.0028392286762096,0.230036673370401,0.656157577191529,0.110966520761859,0.367680113569147,0.632319886430852,0.59611972080918,0.124571158168697,0.12019401395954,0.159115107062581,rxsummary2014.xlsx,https://www.health.state.mn.us/data/apcd/publicusefiles/docs/rxsummary2014.xlsx,2026-09-19,Drug,PHENYTOIN SODIUM EXTENDED,16906,369,602,851,1011,1166,254,350,28.3,120.8,43.65,33.94,54.66
2014,COMMERCIAL,primidone,PRIMIDONE,Neuromuscular Drugs,4640,971,127927.74,131.74,27.57,0.58,0.22,-0.219,30,47.4,90,122.8,8.82,16.79,77916.08,9.31,10.77,50005.67,18.71,27.57,127927.74,2.50612764136e-05,0.0105603448275862,0.084051724137931,0.650431034482758,0.254956896551724,0.475431034482758,0.524568965517241,0.642025862068965,0.101724137931034,0.0997844827586206,0.156465517241379,rxsummary2014.xlsx,https://www.health.state.mn.us/data/apcd/publicusefiles/docs/rxsummary2014.xlsx,2026-09-19,Drug,PRIMIDONE,4640,783,878,1086,1236,1264,456,1156,27.5,115.6,24.68,13.2,28.08
2014,COMMERCIAL,rescue_diazepam,DIAZEPAM (ANTICONVULSANT),Neuromuscular Drugs,1175,785,493530.82,628.7,420.02,49.53,177.78,-0.139,2,8.4,1,2.3,289.26,386.74,454425.45,0,33.21,39032.38,311.31,420.02,493530.82,9.66835832373e-05,,,,,0.433191489361702,0.566808510638297,0.673191489361702,0.133617021276595,0.0587234042553191,0.134468085106382,rxsummary2014.xlsx,https://www.health.state.mn.us/data/apcd/publicusefiles/docs/rxsummary2014.xlsx,2026-09-19,Drug,DIAZEPAM (ANTICONVULSANT),1175,500,461,291,140,71,730,968,10.8,4.9,276.64,80.2,266.24
2014,COMMERCIAL,rufinamide,RUFINAMIDE,Neuromuscular Drugs,474,73,1018604.46,13953.48,2148.95,64.3,9.37,0.084,30,33.4,150,229.1,1515.07,2105.4,997962.62,0,41.54,19691.21,1531.18,2148.95,1018604.46,0.0001995464621526,0.421940928270042,0.478902953586497,0.0991561181434599,0,0.521097046413502,0.478902953586497,0.753164556962025,0.130801687763713,0.0379746835443037,0.0780590717299578,rxsummary2014.xlsx,https://www.health.state.mn.us/data/apcd/publicusefiles/docs/rxsummary2014.xlsx,2026-09-19,Drug,RUFINAMIDE,474,364,77,96,119,377,919,361,17.1,220.8,2369.23,193.94,2400.58
2014,COMMERCIAL,tiagabine,TIAGABINE HCL,Neuromuscular Drugs,239,62,131248.44,2116.91,549.15,14.02,5,-0.213,30,39.1,60,109.8,305,516.94,123550.58,5,30.63,7321.95,332.62,549.15,131248.44,2.57118075696e-05,,,,,0.635983263598326,0.364016736401673,,,,,rxsummary2014.xlsx,https://www.health.state.mn.us/data/apcd/publicusefiles/docs/rxsummary2014.xlsx,2026-09-19,Drug,TIAGABINE HCL,239,780,217,236,330,537,1050,1148,26.4,135.9,656.61,89.15,652.01
2014,COMMERCIAL,topiramate,TOPIRAMATE,Neuromuscular Drugs,80154,18941,2377270.42,125.5,29.65,0.7,0.3,-0.104,30,42.1,60,98.2,3.4,20.97,1681047.93,6.11,8.67,695318.8,10.42,29.65,2377270.42,0.0004657115892573,0.064425979988522,0.486513461586446,0.431681513087306,0.0173790453377248,0.84135539087257,0.158644609127429,0.60921476158395,0.132195523617037,0.11356887990618,0.145020834892831,rxsummary2014.xlsx,https://www.health.state.mn.us/data/apcd/publicusefiles/docs/rxsummary2014.xlsx,2026-09-19,Drug,TOPIRAMATE,80154,197,894,1059,1180,1202,82,874,24.6,82.7,125.08,22.1,131.51
2014,COMMERCIAL,valproate,DIVALPROEX SODIUM,Neuromuscular Drugs,42064,8070,6663470.37,825.7,158.41,4.07,1.49,0.459,30,38.8,90,106.2,75.59,137.24,5773213.09,10,21.1,887953.86,97.05,158.41,6663470.37,0.0013053859375332,0.118961582350703,0.418885507797641,0.41341764929631,0.0487352605553442,0.446557626473944,0.553442373526055,0.671619437048307,0.120910992772917,0.090885317611259,0.116584252567516,rxsummary2014.xlsx,https://www.health.state.mn.us/data/apcd/publicusefiles/docs/rxsummary2014.xlsx,2026-09-19,Drug,DIVALPROEX SODIUM,42064,85,401,576,680,821,140,97,22.5,92.7,188.27,56.57,198.18
2014,COMMERCIAL,valproate,VALPROATE SODIUM,Neuromuscular Drugs,962,200,23055.74,115.27,23.96,0.76,0.05,-0.073,30,31.3,450,433.1,13.34,20.16,19399.63,0,3.79,3655.56,16.95,23.96,23055.74,4.5166613047e-06,0.586278586278586,0.305613305613305,0.0696465696465696,0.0384615384615384,0.398128898128898,0.601871101871101,0.668399168399168,0.0831600831600831,0.0519750519750519,0.196465696465696,rxsummary2014.xlsx,https://www.health.state.mn.us/data/apcd/publicusefiles/docs/rxsummary2014.xlsx,2026-09-19,Drug,VALPROATE SODIUM,962,1074,921,1119,1161,1455,773,762,14.8,271.3,25.7,6.55,25.48
2014,COMMERCIAL,valproate,VALPROIC ACID,Neuromuscular Drugs,765,175,26251.41,150,34.31,0.89,0.23,-0.2,30,38.3,120,148.1,14.29,22.14,16944.54,8,12.16,9304.86,24.85,34.31,26251.41,5.1426988568e-06,0.0758169934640522,0.329411764705882,0.55032679738562,0.0444444444444444,0.430065359477124,0.569934640522875,0.573856209150326,0.116339869281045,0.112418300653594,0.197385620915032,rxsummary2014.xlsx,https://www.health.state.mn.us/data/apcd/publicusefiles/docs/rxsummary2014.xlsx,2026-09-19,Drug,VALPROIC ACID,765,1058,841,1014,1108,1257,819,1124,22.3,125.8,25.91,20.6,32.76
2014,COMMERCIAL,vigabatrin,VIGABATRIN,Neuromuscular Drugs,164,27,1694911.02,62774.48,10334.82,345.68,74.39,0.032,30,29.8,120,138.9,8521.79,9981.2,1636916.95,0,353.62,57994.07,8521.79,10334.82,1694911.02,0.000332036144535,0.878048780487804,0.121951219512195,0,0,0.548780487804878,0.451219512195121,0.719512195121951,0.0792682926829268,0.0914634146341463,0.109756097560975,rxsummary2014.xlsx,https://www.health.state.mn.us/data/apcd/publicusefiles/docs/rxsummary2014.xlsx,2026-09-19,Drug,VIGABATRIN,164,265,19,17,23,128,1116,478,0.8,68.9,4986.33,968.39,5053.11
2014,COMMERCIAL,zonisamide,ZONISAMIDE,Neuromuscular Drugs,5500,1106,422580.09,382.07,76.83,1.96,0.61,0.051,30,39.1,90,124.5,21.27,63.4,348753.33,8,13.41,73788.85,29.69,76.83,422580.09,8.27842064776e-05,0.169636363636363,0.430727272727272,0.367090909090909,0.0325454545454545,0.693454545454545,0.306545454545454,0.70890909090909,0.098,0.0747272727272727,0.118363636363636,rxsummary2014.xlsx,https://www.health.state.mn.us/data/apcd/publicusefiles/docs/rxsummary2014.xlsx,2026-09-19,Drug,ZONISAMIDE,5500,542,595,769,886,1046,426,438,22.5,109.1,237.7,36.21,252.2
2014,MEDICARE,carbamazepine,CARBAMAZEPINE,Neuromuscular Drugs,35956,4765,3420092.03,717.75,95.11,2.52,0.84,0.214,30,37.6,90,113.1,49.2,83.79,3012804.19,0,11.22,403716.8,58.48,95.11,3420092.03,0.0006700022350413,0,0.196406719323617,0.374819223495383,0.428774057180998,0.526727110913338,0.473272889086661,0.549171209255757,0.0920569585048392,0.151129157859606,0.207642674379797,rxsummary2014.xlsx,https://www.health.state.mn.us/data/apcd/publicusefiles/docs/rxsummary2014.xlsx,2026-09-19,Drug,CARBAMAZEPINE,35956,113,376,576,665,779,132,233,21.6,113.6,108.88,33.26,116.5
2014,MEDICARE,clobazam,CLOBAZAM,Neuromuscular Drugs,293,45,132457.43,2943.49,452.07,15.01,8.71,0.351,30,30.1,45,51.8,377.19,448.76,131486.98,0,3.31,970.45,427.76,452.07,132457.43,2.59486509045e-05,0,0.610921501706484,0.334470989761092,0.0546075085324232,0.337883959044368,0.662116040955631,,,,,rxsummary2014.xlsx,https://www.health.state.mn.us/data/apcd/publicusefiles/docs/rxsummary2014.xlsx,2026-09-19,Drug,CLOBAZAM,293,622,137,187,243,320,882,150,10.4,31.8,297.42,24.04,295.22
2014,MEDICARE,ethosuximide,ETHOSUXIMIDE,Neuromuscular Drugs,481,59,95376.74,1616.55,198.28,5.33,1.6,0.423,30,37.1,112,123.6,156.69,187.28,90082.23,0,10.94,5263.86,160.28,198.28,95376.74,1.8684476444e-05,0,0.471933471933471,0.324324324324324,0.203742203742203,0.694386694386694,0.305613305613305,0.451143451143451,0.0769230769230769,0.207900207900207,0.264033264033264,rxsummary2014.xlsx,https://www.health.state.mn.us/data/apcd/publicusefiles/docs/rxsummary2014.xlsx,2026-09-19,Drug,ETHOSUXIMIDE,481,678,214,401,491,646,788,124,20.5,91.8,141.8,32.73,141.01
2014,MEDICARE,felbamate,FELBAMATE,Neuromuscular Drugs,2130,210,1745424.22,8311.54,819.44,25.26,6.18,-0.069,30,32.4,135,132.5,697.47,800.53,1705145.7,0,18.83,40115.99,715.08,819.44,1745424.22,0.0003419317720801,0,0.473708920187793,0.398591549295774,0.127699530516431,0.465258215962441,0.534741784037558,0.62206572769953,0.112676056338028,0.0906103286384976,0.174647887323943,rxsummary2014.xlsx,https://www.health.state.mn.us/data/apcd/publicusefiles/docs/rxsummary2014.xlsx,2026-09-19,Drug,FELBAMATE,2130,190,80,122,176,388,523,880,13.6,101.2,514.21,103.65,521.82
2014,MEDICARE,lacosamide,LACOSAMIDE,Neuromuscular Drugs,4436,485,2966659.06,6116.82,668.76,22.74,9.15,0.032,30,29.4,60,73,606.72,631.33,2800621.2,0,36.86,163544.64,626.87,668.76,2966659.06,0.0005811738933836,0,0.323264201983769,0.397655545536519,0.279080252479711,0.497971145175834,0.502028854824165,0.661632100991884,0.0685302073940486,0.121731289449954,0.148106402164111,rxsummary2014.xlsx,https://www.health.state.mn.us/data/apcd/publicusefiles/docs/rxsummary2014.xlsx,2026-09-19,Drug,LACOSAMIDE,4436,130,94,138,192,308,387,577,13.5,87.9,418.09,118.84,423.17
2014,MEDICARE,lamotrigine,LAMOTRIGINE,Neuromuscular Drugs,61716,7769,3226706.53,415.33,52.28,1.47,0.75,-0.049,30,35.4,60,69,9.25,47.71,2944597.99,1.16,4.52,279352.26,11.16,52.28,3226706.53,0.0006321176646589,0,0.313759802968436,0.440355823449348,0.245884373582215,0.627681638473005,0.372318361526994,0.572379933890725,0.0915969926761293,0.155421608659018,0.180601464774126,rxsummary2014.xlsx,https://www.health.state.mn.us/data/apcd/publicusefiles/docs/rxsummary2014.xlsx,2026-09-19,Drug,LAMOTRIGINE,61716,120,499,725,786,806,82,819,18.6,62.4,200.35,26.98,206.99
2014,MEDICARE,levetiracetam,LEVETIRACETAM,Neuromuscular Drugs,59608,8499,4750059.9,558.89,79.68,2.1,0.7,-0.112,30,37.8,60,112.6,28.09,70.05,4175661.32,1.2,9.53,568432.92,35.78,79.68,4750059.9,0.0009305453542371,0,0.138303583411622,0.294306133404912,0.567390283183465,0.534928197557374,0.465071802442625,0.603979331633337,0.0963125754932223,0.122450006710508,0.177258086162931,rxsummary2014.xlsx,https://www.health.state.mn.us/data/apcd/publicusefiles/docs/rxsummary2014.xlsx,2026-09-19,Drug,LEVETIRACETAM,59608,80,441,621,708,819,86,1004,22.2,123.4,210.45,30.99,216.18
2014,MEDICARE,methsuximide,METHSUXIMIDE,Neuromuscular Drugs,173,16,39170.29,2448.14,226.41,6.86,2.46,0.197,30,32.9,90,91.9,209.84,218.62,37822.66,0,7.69,1331.77,210.26,226.41,39170.29,7.6735308924e-06,0,0.520231213872832,0.156069364161849,0.323699421965317,0.658959537572254,0.341040462427745,,,,,rxsummary2014.xlsx,https://www.health.state.mn.us/data/apcd/publicusefiles/docs/rxsummary2014.xlsx,2026-09-19,Drug,METHSUXIMIDE,173,829,155,364,420,571,960,254,18.3,56.9,126.6,38.57,128.47
2014,MEDICARE,oxcarbazepine,OXCARBAZEPINE,Neuromuscular Drugs,15582,2086,976673.45,468.2,62.67,1.83,0.72,-0.138,30,34.1,60,86.2,32.84,56.14,874869.98,0,6.48,100987.21,36.43,62.67,976673.45,0.0001913321012024,0,0.344820947246823,0.365806700038505,0.28937235271467,0.534270311898344,0.465729688101655,0.55397253240919,0.102618405852907,0.161789243999486,0.181619817738416,rxsummary2014.xlsx,https://www.health.state.mn.us/data/apcd/publicusefiles/docs/rxsummary2014.xlsx,2026-09-19,Drug,OXCARBAZEPINE,15582,286,474,683,741,815,223,1052,17.1,79.9,115.76,21.36,119.52
2014,MEDICARE,perampanel,PERAMPANEL,Neuromuscular Drugs,55,15,29524.83,1968.32,536.81,20.95,11.25,,30,25.6,30,47.7,303.37,476.06,26183.46,1.68,60.22,3312.24,412.35,536.81,29524.83,5.783967775e-06,,,,,0.472727272727272,0.527272727272727,,,,,rxsummary2014.xlsx,https://www.health.state.mn.us/data/apcd/publicusefiles/docs/rxsummary2014.xlsx,2026-09-19,Drug,PERAMPANEL,55,884,184,160,197,270,1151,,8.6,37.7,415.32,129.91,413.98
2014,MEDICARE,phenobarbital,PHENOBARBITAL,Central Nervous System Drugs,8734,1014,244163.23,240.79,27.95,0.73,0.26,0.37,30,37.9,60,105.1,14.78,20.24,176854.6,0,7.67,67011.43,20.45,27.95,244163.23,4.78320198345e-05,0,0.0999542019693153,0.346004121822761,0.554041676207923,0.545912525761392,0.454087474238607,0.527707808564231,0.078200137394092,0.169338218456606,0.224753835585069,rxsummary2014.xlsx,https://www.health.state.mn.us/data/apcd/publicusefiles/docs/rxsummary2014.xlsx,2026-09-19,Drug,PHENOBARBITAL,8734,511,621,888,962,1014,277,144,22.8,147,25.6,14.88,27.01
2014,MEDICARE,phenytoin,PHENYTOIN,Neuromuscular Drugs,5116,629,211914.12,336.9,41.42,1.37,0.3,-0.06,30,30.2,90,137.3,27.82,35.82,183276.65,0,5.5,28163.09,31.06,41.42,211914.12,4.15143606638e-05,0,0.0994917904612978,0.301798279906176,0.598709929632525,0.52384675527756,0.476153244722439,0.494722439405785,0.075254104769351,0.164972634870992,0.26505082095387,rxsummary2014.xlsx,https://www.health.state.mn.us/data/apcd/publicusefiles/docs/rxsummary2014.xlsx,2026-09-19,Drug,PHENYTOIN,5116,532,541,786,808,990,358,849,16.9,139.6,35.49,13.5,36.3
2014,MEDICARE,phenytoin,PHENYTOIN SODIUM EXTENDED,Neuromuscular Drugs,32508,4078,1384928.78,339.6,42.6,1.04,0.36,0.212,30,40.6,90,117.3,21.28,31.25,1016177.59,1.2,11.28,366964.4,30.09,42.6,1384928.78,0.0002713100612012,0,0.0702288667404946,0.270794881259997,0.658976251999507,0.507259751445797,0.492740248554202,0.509197735941921,0.101974898486526,0.147286821705426,0.241540543866125,rxsummary2014.xlsx,https://www.health.state.mn.us/data/apcd/publicusefiles/docs/rxsummary2014.xlsx,2026-09-19,Drug,PHENYTOIN SODIUM EXTENDED,32508,222,539,780,866,956,139,235,24.8,102.1,34.65,24.07,41.65
2014,MEDICARE,primidone,PRIMIDONE,Neuromuscular Drugs,12530,2304,329362.58,142.95,26.28,0.55,0.22,-0.187,30,46.9,90,117.1,10.41,17.4,218127.06,4,8.82,110558.29,18.19,26.28,329362.58,6.45227271088e-05,0,0.0237829209896249,0.16145251396648,0.814764565043894,0.567677573822825,0.432322426177174,0.532083000798084,0.10095770151636,0.152354349561053,0.214604948124501,rxsummary2014.xlsx,https://www.health.state.mn.us/data/apcd/publicusefiles/docs/rxsummary2014.xlsx,2026-09-19,Drug,PRIMIDONE,12530,449,756,907,1040,1049,248,1113,27.6,117.9,24.73,12.6,27.46
2014,MEDICARE,rescue_diazepam,DIAZEPAM (ANTICONVULSANT),Neuromuscular Drugs,223,120,96050.26,800.41,430.71,61.49,183.65,-0.03,2,7,1,2.3,311.96,415.13,92574.57,0,15.45,3446.61,323.29,430.71,96050.26,1.88164202342e-05,0,0.457399103139013,0.376681614349775,0.16591928251121,0.448430493273542,0.551569506726457,0.511210762331838,0.0986547085201793,0.219730941704035,0.170403587443946,rxsummary2014.xlsx,https://www.health.state.mn.us/data/apcd/publicusefiles/docs/rxsummary2014.xlsx,2026-09-19,Drug,DIAZEPAM (ANTICONVULSANT),223,677,350,201,96,40,925,755,9.3,4,290.71,56.41,290.55
2014,MEDICARE,rufinamide,RUFINAMIDE,Neuromuscular Drugs,774,74,1512562.25,20440.03,1954.21,65.06,14.06,0.19,30,30,124,138.8,1898.7,1941.07,1502389.41,0,12.41,9610.76,1899.47,1954.21,1512562.25,0.0002963136895877,0,0.4328165374677,0.516795865633074,0.0503875968992248,0.55297157622739,0.447028423772609,0.683462532299741,0.0710594315245478,0.0723514211886304,0.17312661498708,rxsummary2014.xlsx,https://www.health.state.mn.us/data/apcd/publicusefiles/docs/rxsummary2014.xlsx,2026-09-19,Drug,RUFINAMIDE,774,211,46,67,92,241,707,269,7.3,108,1206.15,125.6,1219.67
2014,MEDICARE,tiagabine,TIAGABINE HCL,Neuromuscular Drugs,620,73,368982.19,5054.55,595.13,18.77,6.19,-0.172,30,31.6,60,96,465.49,588.82,365070.81,0,5.94,3683.44,491.75,595.13,368982.19,7.22842806047e-05,0,0.264516129032258,0.611290322580645,0.124193548387096,0.525806451612903,0.474193548387096,0.674193548387096,0.0903225806451612,0.153225806451612,0.082258064516129,rxsummary2014.xlsx,https://www.health.state.mn.us/data/apcd/publicusefiles/docs/rxsummary2014.xlsx,2026-09-19,Drug,TIAGABINE HCL,620,432,111,150,209,387,746,1098,15.5,105.9,543.27,32.43,547.01
2014,MEDICARE,topiramate,TOPIRAMATE,Neuromuscular Drugs,38154,6277,1627888.55,259.34,42.66,1.11,0.52,-0.139,30,38.4,60,81.5,11.6,37.89,1445830.69,1.2,4.74,180939.19,14.71,42.66,1627888.55,0.0003189063210378,0,0.298369764638045,0.433820831367615,0.267809403994338,0.725009173350107,0.274990826649892,0.591130680924673,0.0837657912669706,0.146118362425957,0.178985165382397,rxsummary2014.xlsx,https://www.health.state.mn.us/data/apcd/publicusefiles/docs/rxsummary2014.xlsx,2026-09-19,Drug,TOPIRAMATE,38154,198,598,778,856,888,123,1053,21.7,75.2,160.47,22.71,165.66
2014,MEDICARE,valproate,DIVALPROEX SODIUM,Neuromuscular Drugs,85271,10039,11990767.29,1194.41,140.61,4.34,1.56,0.485,30,32.3,60,89.6,72.12,132.3,11281917.24,0,8.2,699769.98,82.49,140.61,11990767.29,0.0023490130714875,0,0.238287342707368,0.395163654700894,0.366549002591736,0.474921133796953,0.525078866203046,0.612201100022281,0.0883770566781203,0.137326875491081,0.162094967808516,rxsummary2014.xlsx,https://www.health.state.mn.us/data/apcd/publicusefiles/docs/rxsummary2014.xlsx,2026-09-19,Drug,DIVALPROEX SODIUM,85271,29,273,482,541,650,64,107,15,85.3,162.54,35.35,167.92
2014,MEDICARE,valproate,VALPROATE SODIUM,Neuromuscular Drugs,3638,431,105044.14,243.72,28.87,1.13,0.07,-0.057,30,25.3,473,386.3,21.52,26.33,95803.98,0,2.53,9213.32,23.61,28.87,105044.14,2.05783376472e-05,0,0.237493128092358,0.391423859263331,0.37108301264431,0.458768554150632,0.541231445849367,0.572567344694887,0.0978559648158328,0.162726772952171,0.166849917537108,rxsummary2014.xlsx,https://www.health.state.mn.us/data/apcd/publicusefiles/docs/rxsummary2014.xlsx,2026-09-19,Drug,VALPROATE SODIUM,3638,665,616,879,850,1215,420,841,9.4,327.5,19.07,7.74,21.11
2014,MEDICARE,valproate,VALPROIC ACID,Neuromuscular Drugs,1667,251,73862.83,294.27,44.3,1.24,0.3,-0.088,30,35.7,120,143.2,31.87,38.44,64093.68,0,5.82,9709.8,36.59,44.3,73862.83,1.44698624342e-05,0,0.128374325134973,0.412717456508698,0.458908218356328,0.427714457108578,0.572285542891421,0.585482903419316,0.0767846430713857,0.174565086982603,0.163167366526694,rxsummary2014.xlsx,https://www.health.state.mn.us/data/apcd/publicusefiles/docs/rxsummary2014.xlsx,2026-09-19,Drug,VALPROIC ACID,1667,727,560,769,828,983,568,939,20.1,115.2,29.37,13.84,31.87
2014,MEDICARE,zonisamide,ZONISAMIDE,Neuromuscular Drugs,5515,716,536647.61,749.5,97.3,2.76,0.86,0.048,30,35.2,90,112.4,37.43,90.72,500329.63,0,6.51,35936.72,42.15,97.3,536647.61,0.0001051302406413,0,0.297733454215775,0.458930190389845,0.243336355394378,0.573164097914777,0.426835902085222,0.601269265639165,0.0966455122393472,0.128195829555757,0.173889392565729,rxsummary2014.xlsx,https://www.health.state.mn.us/data/apcd/publicusefiles/docs/rxsummary2014.xlsx,2026-09-19,Drug,ZONISAMIDE,5515,371,364,571,645,770,343,533,18.3,95.8,273.34,42.3,285.53
2014,MINNESOTA HEALTH CARE PROGRAMS,carbamazepine,CARBAMAZEPINE,Neuromuscular Drugs,17530,2353,1584511.33,673.4,90.38,3.07,0.85,0.156,30,29.3,90,105.1,68.33,88.1,1544420.77,0,2.05,36016.47,72.12,90.38,1584511.33,0.0003104086449241,0.0883628066172276,0.550484883057615,0.34940102681118,0.011751283513976,0.501026811180832,0.498973188819167,0.573873359954363,0.0792355961209355,0.151055333713633,0.195835710211066,rxsummary2014.xlsx,https://www.health.state.mn.us/data/apcd/publicusefiles/docs/rxsummary2014.xlsx,2026-09-19,Drug,CARBAMAZEPINE,17530,110,289,466,558,699,153,271,5.4,98.9,84.98,11.58,85.29
2014,MINNESOTA HEALTH CARE PROGRAMS,clobazam,CLOBAZAM,Neuromuscular Drugs,1655,229,772178.84,3371.96,466.57,16.51,5.92,0.448,30,28.2,60,78.7,461.51,460.32,761829.82,0,5.26,8708.18,465.95,466.57,772178.84,0.0001512712360116,0.69607250755287,0.276132930513595,0.0277945619335347,0,0.552870090634441,0.447129909365558,0.449546827794561,0.156495468277945,0.152870090634441,0.241087613293051,rxsummary2014.xlsx,https://www.health.state.mn.us/data/apcd/publicusefiles/docs/rxsummary2014.xlsx,2026-09-19,Drug,CLOBAZAM,1655,195,103,142,201,342,513,109,5.1,69.2,381.08,18.68,378.41
2014,MINNESOTA HEALTH CARE PROGRAMS,ethosuximide,ETHOSUXIMIDE,Neuromuscular Drugs,1333,185,144354.51,780.29,108.29,3.71,0.6,0.176,30,29.1,120,178.7,93.85,105.38,140480.86,0,2.73,3640.14,93.85,108.29,144354.51,2.82793104658e-05,0.69092273068267,0.244561140285071,0.064516129032258,0,0.588147036759189,0.41185296324081,0.487621905476369,0.117779444861215,0.215303825956489,0.179294823705926,rxsummary2014.xlsx,https://www.health.state.mn.us/data/apcd/publicusefiles/docs/rxsummary2014.xlsx,2026-09-19,Drug,ETHOSUXIMIDE,1333,478,270,441,516,780,549,249,5.1,157.9,67.4,14.81,65.8
2014,MINNESOTA HEALTH CARE PROGRAMS,felbamate,FELBAMATE,Neuromuscular Drugs,2979,318,2709260.75,8519.68,909.45,30.91,4.09,0.037,30,29.4,165,221.9,795.76,898.78,2677489.8,0,9.86,29389.56,795.76,909.45,2709260.75,0.0005307490973597,0.452165156092648,0.478348439073514,0.0694864048338368,0,0.477341389728096,0.522658610271903,0.553541456864719,0.0913058073178919,0.135951661631419,0.219201074185968,rxsummary2014.xlsx,https://www.health.state.mn.us/data/apcd/publicusefiles/docs/rxsummary2014.xlsx,2026-09-19,Drug,FELBAMATE,2979,66,54,86,127,420,405,543,3.5,195.5,650.96,72.39,649.59
2014,MINNESOTA HEALTH CARE PROGRAMS,lacosamide,LACOSAMIDE,Neuromuscular Drugs,4352,501,2426368.11,4843.05,557.52,19.26,4.99,0.181,30,28.9,60,111.7,601.71,552.47,2404388.82,0,3.33,14500.76,610.64,557.52,2426368.11,0.0004753299158248,0.30813419117647,0.521369485294117,0.166130514705882,0.0043658088235294,0.479779411764705,0.520220588235294,0.686580882352941,0.0967371323529411,0.06640625,0.150275735294117,rxsummary2014.xlsx,https://www.health.state.mn.us/data/apcd/publicusefiles/docs/rxsummary2014.xlsx,2026-09-19,Drug,LACOSAMIDE,4352,74,75,123,176,378,327,245,4.7,166.8,326.02,27.38,326.55
2014,MINNESOTA HEALTH CARE PROGRAMS,lamotrigine,LAMOTRIGINE,Neuromuscular Drugs,74582,10701,3124506.64,291.98,41.89,1.42,0.68,0.019,30,29.3,60,61.2,8.23,40.49,3020293.06,0,1.31,97721.75,8.92,41.89,3124506.64,0.0006120965207481,0.13410742538414,0.61320425840015,0.250154192700651,0.0025341235150572,0.659086642889705,0.340913357110294,0.577753345311201,0.105159421844412,0.142755624681558,0.174331608162827,rxsummary2014.xlsx,https://www.health.state.mn.us/data/apcd/publicusefiles/docs/rxsummary2014.xlsx,2026-09-19,Drug,LAMOTRIGINE,74582,57,437,646,740,756,45,596,4.6,50.9,181.89,21.89,183.83
2014,MINNESOTA HEALTH CARE PROGRAMS,levetiracetam,LEVETIRACETAM,Neuromuscular Drugs,40418,5597,2310723.88,412.85,57.17,1.94,0.38,-0.157,30,29.3,90,149,25.32,55.66,2249859.58,0,1.41,57189.17,26.33,57.17,2310723.88,0.0004526750013108,0.290761541887277,0.435177396209609,0.26485724182295,0.0092038200801623,0.497921718046414,0.502078281953585,0.634519273590974,0.0928051858083032,0.125364936414468,0.147310604186253,rxsummary2014.xlsx,https://www.health.state.mn.us/data/apcd/publicusefiles/docs/rxsummary2014.xlsx,2026-09-19,Drug,LEVETIRACETAM,40418,78,372,564,674,883,89,1009,5,156.1,163.4,14.11,164.87
2014,MINNESOTA HEALTH CARE PROGRAMS,methsuximide,METHSUXIMIDE,Neuromuscular Drugs,222,31,29676.8,957.31,133.67,4.51,1.86,0.141,30,29.6,60,71.5,136.81,130.24,28914.19,0,3.43,762.61,136.81,133.67,29676.8,5.8137389738e-06,0.5,0.5,0,0,0.513513513513513,0.486486486486486,0.644144144144144,0.099099099099099,0.0765765765765765,0.18018018018018,rxsummary2014.xlsx,https://www.health.state.mn.us/data/apcd/publicusefiles/docs/rxsummary2014.xlsx,2026-09-19,Drug,METHSUXIMIDE,222,793,241,397,476,553,867,292,3,30.2,78.8,19.59,78.22
2014,MINNESOTA HEALTH CARE PROGRAMS,oxcarbazepine,OXCARBAZEPINE,Neuromuscular Drugs,19938,2925,1393489.32,476.4,69.89,2.4,0.61,-0.076,30,29,62,113.4,29.3,68.51,1366065.38,0,1.23,24664.02,29.3,69.89,1393489.32,0.0002729870865218,0.366185174039522,0.469054067609589,0.163406560337044,0.0013541980138429,0.486056776005617,0.513943223994382,0.552713411575885,0.109238639783328,0.130053164810913,0.207994783829872,rxsummary2014.xlsx,https://www.health.state.mn.us/data/apcd/publicusefiles/docs/rxsummary2014.xlsx,2026-09-19,Drug,OXCARBAZEPINE,19938,129,347,525,615,776,141,868,4.7,118.2,127.9,13.04,130.76
2014,MINNESOTA HEALTH CARE PROGRAMS,perampanel,PERAMPANEL,Neuromuscular Drugs,43,13,32119.77,2470.75,746.97,27.19,9.41,,30,27.4,60,79.3,527.3,745.23,32045.11,3,1.73,74.66,527.3,746.97,32119.77,6.29232123e-06,,,,,0.55813953488372,0.441860465116279,,,,,rxsummary2014.xlsx,https://www.health.state.mn.us/data/apcd/publicusefiles/docs/rxsummary2014.xlsx,2026-09-19,Drug,PERAMPANEL,43,780,120,100,141,270,1122,,6.7,57.8,581.12,1.86,581.58
2014,MINNESOTA HEALTH CARE PROGRAMS,phenobarbital,PHENOBARBITAL,Central Nervous System Drugs,4694,685,160706.61,234.6,34.23,1.19,0.23,0.363,30,28.7,70,147.4,19.62,33.17,155706.11,0,1,4740.75,20.25,34.23,160706.61,3.14827165296e-05,0.341073711120579,0.354069024286322,0.297400937366851,0.0074563272262462,0.504686834256497,0.495313165743502,0.608862377503195,0.0730720068172134,0.162334895611418,0.155730720068172,rxsummary2014.xlsx,https://www.health.state.mn.us/data/apcd/publicusefiles/docs/rxsummary2014.xlsx,2026-09-19,Drug,PHENOBARBITAL,4694,453,482,702,787,1003,316,135,6.8,196.9,44.89,5.55,44.88
2014,MINNESOTA HEALTH CARE PROGRAMS,phenytoin,PHENYTOIN,Neuromuscular Drugs,1351,187,53292.04,284.98,39.44,1.43,0.24,0.042,30,27.5,150,163.7,30.43,38.45,51953.34,0,0.94,1272.11,30.43,39.44,53292.04,1.04400073438e-05,0.213175425610658,0.41820873427091,0.354552183567727,0.0140636565507031,0.473723168023686,0.526276831976313,0.560325684678016,0.12361213915618,0.150259067357512,0.16580310880829,rxsummary2014.xlsx,https://www.health.state.mn.us/data/apcd/publicusefiles/docs/rxsummary2014.xlsx,2026-09-19,Drug,PHENYTOIN,1351,686,442,661,738,993,547,525,6.5,126.4,30.95,3.68,31.07
2014,MINNESOTA HEALTH CARE PROGRAMS,phenytoin,PHENYTOIN SODIUM EXTENDED,Neuromuscular Drugs,9717,1196,376256.1,314.59,38.72,1.31,0.37,0.135,30,29.5,90,103.7,26.85,36.84,358025.33,0,1.77,17202.78,28.22,38.72,376256.1,7.37092527735e-05,0.011114541525162,0.35082844499331,0.622825975095193,0.0152310383863332,0.414325409076875,0.585674590923124,0.612740557785324,0.0800658639497787,0.131727899557476,0.175465678707419,rxsummary2014.xlsx,https://www.health.state.mn.us/data/apcd/publicusefiles/docs/rxsummary2014.xlsx,2026-09-19,Drug,PHENYTOIN SODIUM EXTENDED,9717,311,424,663,758,891,219,306,6.3,53.2,36.35,10.87,37.39
2014,MINNESOTA HEALTH CARE PROGRAMS,primidone,PRIMIDONE,Neuromuscular Drugs,1589,243,31057.92,127.81,19.54,0.66,0.21,-0.142,30,29.4,60,91.1,14.24,18.58,29529.51,0,0.9,1441.29,14.93,19.54,31057.92,6.0843028881e-06,0.0239144115796098,0.292007551919446,0.665827564505978,0.0182504719949653,0.516677155443675,0.483322844556324,0.597860289490245,0.0774071743234738,0.169918187539332,0.154814348646947,rxsummary2014.xlsx,https://www.health.state.mn.us/data/apcd/publicusefiles/docs/rxsummary2014.xlsx,2026-09-19,Drug,PRIMIDONE,1589,785,629,857,950,1025,518,986,7,76.5,23.97,4.45,24.19
2014,MINNESOTA HEALTH CARE PROGRAMS,rescue_diazepam,DIAZEPAM (ANTICONVULSANT),Neuromuscular Drugs,2387,1266,1009385.64,797.3,422.86,52.29,162.67,-0.02,2,8,1,2.5,319.13,418.1,998028.21,0,4.13,9873.32,319.13,422.86,1009385.64,0.0001977404785854,,,,,0.460829493087557,0.539170506912442,0.619606200251361,0.127775450356095,0.103477167993297,0.149141181399245,rxsummary2014.xlsx,https://www.health.state.mn.us/data/apcd/publicusefiles/docs/rxsummary2014.xlsx,2026-09-19,Drug,DIAZEPAM (ANTICONVULSANT),2387,155,268,156,82,38,447,701,9.8,4.5,360.56,38.46,359.14
2014,MINNESOTA HEALTH CARE PROGRAMS,rufinamide,RUFINAMIDE,Neuromuscular Drugs,1104,134,1660598.45,12392.52,1504.16,53.03,7.47,0.352,30,28.3,150,201.1,1381.73,1496.82,1652492.52,0,4.52,4990.56,1384.73,1504.16,1660598.45,0.0003253142498057,0.43659420289855,0.48731884057971,0.0760869565217391,0,0.377717391304347,0.622282608695652,0.632246376811594,0.12409420289855,0.0634057971014492,0.180253623188405,rxsummary2014.xlsx,https://www.health.state.mn.us/data/apcd/publicusefiles/docs/rxsummary2014.xlsx,2026-09-19,Drug,RUFINAMIDE,1104,105,38,60,79,302,579,136,5,198.2,1210.32,46.42,1211.08
2014,MINNESOTA HEALTH CARE PROGRAMS,tiagabine,TIAGABINE HCL,Neuromuscular Drugs,235,39,107670.23,2760.77,458.17,17.05,5.45,0.216,30,26.8,60,84,317.23,456.62,107307.21,0,0.71,167.38,318.23,458.17,107670.23,2.10927934437e-05,0.174468085106382,0.531914893617021,0.293617021276595,0,0.531914893617021,0.468085106382978,0.570212765957446,0.106382978723404,0.22127659574468,0.102127659574468,rxsummary2014.xlsx,https://www.health.state.mn.us/data/apcd/publicusefiles/docs/rxsummary2014.xlsx,2026-09-19,Drug,TIAGABINE HCL,235,525,111,145,196,361,863,211,6.1,72.7,380.18,2.04,379.95
2014,MINNESOTA HEALTH CARE PROGRAMS,topiramate,TOPIRAMATE,Neuromuscular Drugs,52916,9628,1203275.64,124.97,22.73,0.77,0.31,-0.08,30,29.4,60,71.9,8.01,21.83,1155404.51,0,0.84,44952.06,8.64,22.73,1203275.64,0.0002357238814333,0.125822057600725,0.564857510015874,0.306712525512132,0.0026079068712676,0.767952982084813,0.232047017915186,0.56748431476302,0.10864388842694,0.141696273338876,0.182175523471161,rxsummary2014.xlsx,https://www.health.state.mn.us/data/apcd/publicusefiles/docs/rxsummary2014.xlsx,2026-09-19,Drug,TOPIRAMATE,52916,143,636,809,907,928,67,878,4.7,51.2,111.8,9.62,112.61
2014,MINNESOTA HEALTH CARE PROGRAMS,valproate,DIVALPROEX SODIUM,Neuromuscular Drugs,55059,7929,7375188.23,930.15,133.95,4.57,1.52,0.623,30,29.3,60,87.9,97.18,131.58,7244873.63,0,2.15,118533.46,102.28,133.95,7375188.23,0.0014448127578457,0.168019760620425,0.533427777475072,0.292776839390472,0.0057756225140304,0.390181441726148,0.609818558273851,0.610036506293249,0.105268893368931,0.131313681686917,0.153380918650901,rxsummary2014.xlsx,https://www.health.state.mn.us/data/apcd/publicusefiles/docs/rxsummary2014.xlsx,2026-09-19,Drug,DIVALPROEX SODIUM,55059,24,248,396,471,580,62,71,4.7,71.1,131.46,14.78,132.07
2014,MINNESOTA HEALTH CARE PROGRAMS,valproate,VALPROATE SODIUM,Neuromuscular Drugs,2633,348,52501.31,150.86,19.93,0.71,0.04,0.008,30,28,450,416.3,13.11,19.56,51522.37,0,0.36,964.35,13.11,19.93,52501.31,1.02851019019e-05,,,,,0.416255222180022,0.583744777819977,0.622863653627041,0.0858336498290922,0.14508165590581,0.146221040638055,rxsummary2014.xlsx,https://www.health.state.mn.us/data/apcd/publicusefiles/docs/rxsummary2014.xlsx,2026-09-19,Drug,VALPROATE SODIUM,2633,692,576,849,931,1195,429,616,5.4,277.9,30.77,1.2,30.67
2014,MINNESOTA HEALTH CARE PROGRAMS,valproate,VALPROIC ACID,Neuromuscular Drugs,745,136,21199.29,155.87,28.45,0.99,0.21,-0.014,30,28.7,120,134.3,21.96,27.1,20196.65,0,1.28,957.37,22.85,28.45,21199.29,4.1529793808e-06,0.0348993288590604,0.481879194630872,0.467114093959731,0.0161073825503355,0.449664429530201,0.550335570469798,0.50738255033557,0.0966442953020134,0.153020134228187,0.242953020134228,rxsummary2014.xlsx,https://www.health.state.mn.us/data/apcd/publicusefiles/docs/rxsummary2014.xlsx,2026-09-19,Drug,VALPROIC ACID,745,838,565,746,833,1027,651,684,4.7,82.8,18.46,6.58,18.5
2014,MINNESOTA HEALTH CARE PROGRAMS,vigabatrin,VIGABATRIN,Neuromuscular Drugs,233,38,1494064.27,39317.48,6412.29,213.92,59.54,0.406,30,29.9,120,107.6,6471.08,6397.99,1490732.63,0,14.29,3331.64,6471.08,6412.29,1494064.27,0.0002926899017379,0.931330472103004,0.0686695278969957,0,0,0.682403433476394,0.317596566523605,0.351931330472103,0.188841201716738,0.244635193133047,0.214592274678111,rxsummary2014.xlsx,https://www.health.state.mn.us/data/apcd/publicusefiles/docs/rxsummary2014.xlsx,2026-09-19,Drug,VIGABATRIN,233,118,9,13,20,76,864,123,0.2,45.1,3152.24,196.77,3171.36
2014,MINNESOTA HEALTH CARE PROGRAMS,zonisamide,ZONISAMIDE,Neuromuscular Drugs,5181,694,376986.65,543.2,72.76,2.44,0.67,0.233,30,29.7,90,107,24.46,70.85,367081.22,0,1.8,9339.25,25.28,72.76,376986.65,7.38523688442e-05,,,,,0.568230071414784,0.431769928585215,0.582899054236633,0.0936112719552209,0.134916039374638,0.188573634433507,rxsummary2014.xlsx,https://www.health.state.mn.us/data/apcd/publicusefiles/docs/rxsummary2014.xlsx,2026-09-19,Drug,ZONISAMIDE,5181,310,328,510,607,758,303,198,5.6,73.3,208.04,22.42,209.68
2015,COMMERCIAL,carbamazepine,CARBAMAZEPINE,Neuromuscular Drugs,20970,4359,3939166.12,903.68,187.84,4.11,1.23,0.413,30,45.6,120,152.2,86.99,144.75,3035593.05,15,42.95,900772.58,122.86,187.84,3939166.12,0.0006896302756078,0.0188364329995231,0.322269909394372,0.547019551740581,0.111874105865522,0.540486409155937,0.459513590844062,0.645302813543156,0.110920362422508,0.100333810205054,0.143443013829279,rxsummary2015.xlsx,https://www.health.state.mn.us/data/apcd/publicusefiles/docs/rxsummary2015.xlsx,2026-09-19,Drug,CARBAMAZEPINE,20970,154,425,585,734,894,214,207,27.3,133.5,186.3,83.12,202.45
2015,COMMERCIAL,clobazam,CLOBAZAM,Neuromuscular Drugs,1344,233,1458933.97,6261.51,1085.51,31.33,9.58,0.603,30,34.6,63,113.2,759.7,1027.26,1380643.32,0,57.01,76630.07,793.77,1085.51,1458933.97,0.0002554157415998,0.658482142857142,0.296130952380952,0.0364583333333333,0.0089285714285714,0.524553571428571,0.475446428571428,0.65922619047619,0.107142857142857,0.118303571428571,0.11532738095238,rxsummary2015.xlsx,https://www.health.state.mn.us/data/apcd/publicusefiles/docs/rxsummary2015.xlsx,2026-09-19,Drug,CLOBAZAM,1344,317,131,179,221,415,683,122,17.4,119.4,877.77,205.39,879.46
2015,COMMERCIAL,eslicarbazepine,ESLICARBAZEPINE ACETATE,Neuromuscular Drugs,57,12,62978.3,5248.19,1104.88,28.41,24.49,,30,38.8,30,45.1,681.69,983.16,56040.46,30,121.71,6937.84,719.52,1104.88,62978.3,1.10256183829e-05,,,,,0.649122807017543,0.350877192982456,,,,,rxsummary2015.xlsx,https://www.health.state.mn.us/data/apcd/publicusefiles/docs/rxsummary2015.xlsx,2026-09-19,Drug,ESLICARBAZEPINE ACETATE,57,954,145,178,242,265,1313,,24.5,28.4,910.79,254.23,875.79
2015,COMMERCIAL,ethosuximide,ETHOSUXIMIDE,Neuromuscular Drugs,1700,305,338043.97,1108.34,198.84,4.96,0.81,0.299,30,40,180,245,125.88,158.09,268768.11,14,40.61,69049.88,155.32,198.84,338043.97,5.9181397559e-05,,,,,0.564117647058823,0.435882352941176,0.647647058823529,0.131764705882352,0.0917647058823529,0.128823529411764,rxsummary2015.xlsx,https://www.health.state.mn.us/data/apcd/publicusefiles/docs/rxsummary2015.xlsx,2026-09-19,Drug,ETHOSUXIMIDE,1700,620,371,563,681,988,639,327,23.1,185.8,154.56,81.69,157.72
2015,COMMERCIAL,felbamate,FELBAMATE,Neuromuscular Drugs,1658,262,2003629.19,7647.43,1208.46,30.31,4.98,0.307,30,39.8,180,242.2,847.83,1151.18,1908660.63,0,56.45,93602.82,876.8,1208.46,2003629.19,0.0003507755977845,0.455367913148371,0.402291917973462,0.134499396863691,0.0078407720144752,0.553075995174909,0.44692400482509,0.695416164053075,0.0904704463208685,0.0940892641737032,0.120024125452352,rxsummary2015.xlsx,https://www.health.state.mn.us/data/apcd/publicusefiles/docs/rxsummary2015.xlsx,2026-09-19,Drug,FELBAMATE,1658,258,117,167,229,587,645,317,22.7,194.1,1056.34,220.8,1077.24
2015,COMMERCIAL,lacosamide,LACOSAMIDE,Neuromuscular Drugs,4544,728,4350724.63,5976.27,957.46,27.5,8.08,0.172,30,34.8,60,118.4,673.72,893.45,4059848.79,18,63.68,289369.23,690.26,957.46,4350724.63,0.000761681872325,0.203345070422535,0.433098591549295,0.301276408450704,0.0622799295774647,0.569322183098591,0.430677816901408,0.674735915492957,0.10981514084507,0.0836267605633802,0.131822183098591,rxsummary2015.xlsx,https://www.health.state.mn.us/data/apcd/publicusefiles/docs/rxsummary2015.xlsx,2026-09-19,Drug,LACOSAMIDE,4544,144,135,196,246,455,452,609,19.3,147,785.86,168.64,788.84
2015,COMMERCIAL,lamotrigine,LAMOTRIGINE,Neuromuscular Drugs,86566,15883,6728663.77,423.63,77.72,1.89,0.88,0.114,30,41,60,87.6,0.63,66.19,5730069.68,5.71,11.52,997518.73,8.94,77.72,6728663.77,0.0011779879570495,0.0868123743733105,0.51792851696971,0.361469861146408,0.0337892475105699,0.670759882632904,0.329240117367095,0.675091837441951,0.11200702354273,0.088903264561144,0.123997874454173,rxsummary2015.xlsx,https://www.health.state.mn.us/data/apcd/publicusefiles/docs/rxsummary2015.xlsx,2026-09-19,Drug,LAMOTRIGINE,86566,97,622,826,940,962,72,790,23.9,84.6,379.37,57.81,394.48
2015,COMMERCIAL,levetiracetam,LEVETIRACETAM,Neuromuscular Drugs,48948,9652,4722487.94,489.27,96.47,2.25,0.6,0.028,30,42.7,120,158.5,17.98,76.82,3760460.4,10,19.6,959530.46,32.12,96.47,4722487.94,0.0008267665187009,0.17786222113263,0.343977282013565,0.359708261828879,0.118452235024924,0.503391354090054,0.496608645909945,0.665951622129606,0.116429680477241,0.0966331617226444,0.120985535670507,rxsummary2015.xlsx,https://www.health.state.mn.us/data/apcd/publicusefiles/docs/rxsummary2015.xlsx,2026-09-19,Drug,LEVETIRACETAM,48948,135,581,772,891,1072,118,1049,25.5,146.1,345.05,68.04,361.13
2015,COMMERCIAL,methsuximide,METHSUXIMIDE,Neuromuscular Drugs,134,25,37057.93,1482.31,276.55,6.66,2.79,0.371,30,41.4,60,99,169.83,248.8,33339.28,0,27.61,3699.96,169.9,276.55,37057.93,6.4877361606e-06,,,,,0.529850746268656,0.470149253731343,,,,,rxsummary2015.xlsx,https://www.health.state.mn.us/data/apcd/publicusefiles/docs/rxsummary2015.xlsx,2026-09-19,Drug,METHSUXIMIDE,134,1045,318,483,588,716,1146,241,24.3,100,246.19,76.07,256.98
2015,COMMERCIAL,oxcarbazepine,OXCARBAZEPINE,Neuromuscular Drugs,15273,3033,1725089.33,568.77,112.95,2.82,0.77,0.158,30,40,90,146,32.63,91.69,1400457.94,10,21.22,324201.82,47.28,112.95,1725089.33,0.0003020115917569,0.25842990898972,0.387874026059058,0.308321875204609,0.0453741897466116,0.517514568192234,0.482485431807765,0.620441301643423,0.127872716558632,0.0926471551103254,0.159038826687618,rxsummary2015.xlsx,https://www.health.state.mn.us/data/apcd/publicusefiles/docs/rxsummary2015.xlsx,2026-09-19,Drug,OXCARBAZEPINE,15273,286,539,726,839,1005,266,653,23.4,132.7,256.73,58.69,269.87
2015,COMMERCIAL,perampanel,PERAMPANEL,Neuromuscular Drugs,126,32,125056.59,3908.01,992.51,29.91,11.8,0.081,30,33.1,60,84.1,641.9,946.8,119297.73,0,45.7,5758.86,708.78,992.51,125056.59,2.18936719094e-05,0.158730158730158,0.531746031746031,0.166666666666666,0.142857142857142,0.404761904761904,0.595238095238095,,,,,rxsummary2015.xlsx,https://www.health.state.mn.us/data/apcd/publicusefiles/docs/rxsummary2015.xlsx,2026-09-19,Drug,PERAMPANEL,126,834,173,194,232,364,1157,902,16.3,100.4,1113.43,123.66,1119.48
2015,COMMERCIAL,phenobarbital,PHENOBARBITAL,Central Nervous System Drugs,4360,913,197147.64,215.93,45.21,1,0.33,0.517,30,44.7,90,134,14.09,27.24,118806.63,10,17.92,78170.24,31.5,45.21,197147.64,3.4514660506e-05,0.135091743119266,0.148853211009174,0.583027522935779,0.133027522935779,0.539220183486238,0.460779816513761,0.605963302752293,0.127981651376146,0.114678899082568,0.15137614678899,rxsummary2015.xlsx,https://www.health.state.mn.us/data/apcd/publicusefiles/docs/rxsummary2015.xlsx,2026-09-19,Drug,PHENOBARBITAL,4360,726,775,991,1112,1206,461,144,27.9,132.8,40.09,23.67,42.93
2015,COMMERCIAL,phenytoin,PHENYTOIN,Neuromuscular Drugs,922,226,44605.81,197.37,48.37,1.13,0.37,0.151,30,42.4,90,128.2,13.92,28.88,26631,10,19.45,17937.2,33.33,48.37,44605.81,7.8091443993e-06,0.0770065075921908,0.190889370932754,0.446854663774403,0.28524945770065,0.476138828633405,0.523861171366594,0.620390455531453,0.0759219088937093,0.0845986984815618,0.219088937093275,rxsummary2015.xlsx,https://www.health.state.mn.us/data/apcd/publicusefiles/docs/rxsummary2015.xlsx,2026-09-19,Drug,PHENYTOIN,922,1017,805,971,1076,1187,765,680,26.7,140.7,58.44,36.63,80.66
2015,COMMERCIAL,phenytoin,PHENYTOIN SODIUM EXTENDED,Neuromuscular Drugs,15399,2802,1282017.03,457.53,83.25,1.73,0.45,0.42,30,47.9,120,181,30.13,47.18,726585.06,19.74,36.03,554848.3,58.87,83.25,1282017.03,0.0002244428721205,0.0027274498344048,0.193778816806286,0.618676537437495,0.184817195921813,0.37443989869472,0.625560101305279,0.595493213845054,0.113903500227287,0.12202091044873,0.168582375478927,rxsummary2015.xlsx,https://www.health.state.mn.us/data/apcd/publicusefiles/docs/rxsummary2015.xlsx,2026-09-19,Drug,PHENYTOIN SODIUM EXTENDED,15399,343,600,814,962,1147,264,196,28.3,143.6,59.93,51.42,76.98
2015,COMMERCIAL,primidone,PRIMIDONE,Neuromuscular Drugs,4963,1242,380014.46,305.96,76.56,1.55,0.54,1.777,30,49.2,90,141.1,7.04,61.7,306223.82,10,14.86,73774.31,18.48,76.56,380014.46,6.65291761761e-05,0.0116864799516421,0.0636711666330848,0.545637719121499,0.379004634293773,0.469071126334878,0.530928873665121,0.64033850493653,0.106387265766673,0.0985291154543622,0.154745113842434,rxsummary2015.xlsx,https://www.health.state.mn.us/data/apcd/publicusefiles/docs/rxsummary2015.xlsx,2026-09-19,Drug,PRIMIDONE,4963,595,700,832,996,1105,437,18,28.4,132.7,623.36,58.38,641.97
2015,COMMERCIAL,rescue_diazepam,DIAZEPAM (ANTICONVULSANT),Neuromuscular Drugs,929,644,429407.36,666.78,462.22,58.25,195.27,0.1,2,7.9,1,2.3,291.99,421.32,391409.91,8,40.27,37415.71,320.97,462.22,429407.36,7.51763969844e-05,,,,,0.458557588805166,0.541442411194833,0.666307857911733,0.153928955866523,0.0764262648008611,0.103336921420882,rxsummary2015.xlsx,https://www.health.state.mn.us/data/apcd/publicusefiles/docs/rxsummary2015.xlsx,2026-09-19,Drug,DIAZEPAM (ANTICONVULSANT),929,571,498,326,149,72,762,831,10.2,4,468.63,96.14,464.86
2015,COMMERCIAL,rufinamide,RUFINAMIDE,Neuromuscular Drugs,408,72,1101889.5,15304.02,2700.7,81.74,12.07,0.256,30,33,150,223.5,1842.68,2635.11,1075125.28,0,62.36,25446.67,1844.03,2700.7,1101889.5,0.0001929079242726,,,,,0.55392156862745,0.446078431372549,0.806372549019607,0.0735294117647058,0.0784313725490196,0.0416666666666666,rxsummary2015.xlsx,https://www.health.state.mn.us/data/apcd/publicusefiles/docs/rxsummary2015.xlsx,2026-09-19,Drug,RUFINAMIDE,408,364,90,104,127,357,940,408,15.4,198.7,2742.32,223.25,2759.23
2015,COMMERCIAL,tiagabine,TIAGABINE HCL,Neuromuscular Drugs,240,56,191418.26,3418.18,797.57,17.72,5.92,0.452,30,44.9,90,134.6,462.39,742.63,178232.01,10,53.34,12803.98,567.84,797.57,191418.26,3.3511617276e-05,0.108333333333333,0.404166666666666,0.4875,0,0.579166666666666,0.420833333333333,0.679166666666666,0.0833333333333333,0.145833333333333,0.0916666666666666,rxsummary2015.xlsx,https://www.health.state.mn.us/data/apcd/publicusefiles/docs/rxsummary2015.xlsx,2026-09-19,Drug,TIAGABINE HCL,240,730,187,221,325,533,1033,175,27.4,118.6,740.08,138.28,725.53
2015,COMMERCIAL,topiramate,TOPIRAMATE,Neuromuscular Drugs,76417,18870,2327937.73,123.36,30.46,0.68,0.27,0.027,30,44.6,90,109,0.29,20.97,1602993.52,6.12,9.47,723867.35,9.88,30.46,2327937.73,0.000407552331999,0.0612821754321682,0.455736289045631,0.453851891594802,0.0291296439273983,0.836855673475797,0.163144326524202,0.612782496041456,0.132234973893243,0.110538231021893,0.144444299043406,rxsummary2015.xlsx,https://www.health.state.mn.us/data/apcd/publicusefiles/docs/rxsummary2015.xlsx,2026-09-19,Drug,TOPIRAMATE,76417,230,941,1092,1216,1243,79,1051,26.2,96.1,154.59,26.83,161.56
2015,COMMERCIAL,valproate,DIVALPROEX SODIUM,Neuromuscular Drugs,38386,7904,6347392.39,803.06,165.35,4.13,1.42,0.043,30,39.9,90,115.9,77.57,139.1,5339630.45,10,26.18,1005127.37,105.17,165.35,6347392.39,0.0011112387317412,0.110925858385869,0.373573698744333,0.405538477569947,0.109961965299848,0.439509196061063,0.560490803938936,0.666440889907778,0.123690928984525,0.0939665503047986,0.115901630802896,rxsummary2015.xlsx,https://www.health.state.mn.us/data/apcd/publicusefiles/docs/rxsummary2015.xlsx,2026-09-19,Drug,DIVALPROEX SODIUM,38386,102,460,626,732,861,143,1015,23.6,105.5,204.17,74.12,218.32
2015,COMMERCIAL,valproate,VALPROATE SODIUM,Neuromuscular Drugs,917,186,26956.27,144.92,29.39,0.92,0.06,0.226,30,31.8,450,426,17.4,24.8,22741.65,0,4.59,4212.95,21.37,29.39,26956.27,4.7192373571e-06,0.508178844056706,0.288985823336968,0.089422028353326,0.113413304252998,0.403489640130861,0.596510359869138,0.693565976008724,0.0817884405670665,0.06979280261723,0.154852780806979,rxsummary2015.xlsx,https://www.health.state.mn.us/data/apcd/publicusefiles/docs/rxsummary2015.xlsx,2026-09-19,Drug,VALPROATE SODIUM,917,1087,901,1110,1140,1446,767,469,16.1,279.2,25.28,9.81,24.33
2015,COMMERCIAL,valproate,VALPROIC ACID,Neuromuscular Drugs,639,174,24151.07,138.79,37.79,0.93,0.24,0.101,30,40.3,120,157,14.52,22.18,14177.48,10,15.59,9966.93,28.06,37.79,24151.07,4.2281306634e-06,0.0798122065727699,0.325508607198748,0.447574334898278,0.147104851330203,0.458528951486697,0.541471048513302,0.585289514866979,0.115805946791862,0.114241001564945,0.184663536776212,rxsummary2015.xlsx,https://www.health.state.mn.us/data/apcd/publicusefiles/docs/rxsummary2015.xlsx,2026-09-19,Drug,VALPROIC ACID,639,1100,910,1033,1136,1272,840,827,24.8,128.9,25.47,28,33.46
2015,COMMERCIAL,vigabatrin,VIGABATRIN,Neuromuscular Drugs,51,13,430829.54,33140.73,8447.63,281.58,92.37,-0.182,30,30,90,91.4,7792.19,8284.59,422514.58,0,163.03,8314.96,8037.72,8447.63,430829.54,7.54253782042e-05,1,0,0,0,0.607843137254901,0.392156862745098,,,,,rxsummary2015.xlsx,https://www.health.state.mn.us/data/apcd/publicusefiles/docs/rxsummary2015.xlsx,2026-09-19,Drug,VIGABATRIN,51,570,52,39,50,127,1331,1339,0,42.7,3649.69,863.28,3614.48
2015,COMMERCIAL,zonisamide,ZONISAMIDE,Neuromuscular Drugs,5410,1205,451534.45,374.71,83.46,2.03,0.6,0.086,30,41,100,138.3,19.93,66.78,361298.62,10,16.67,90198.01,30.71,83.46,451534.45,7.90501892314e-05,0.170055452865064,0.391682070240295,0.388724584103512,0.0495378927911275,0.697966728280961,0.302033271719038,0.694639556377079,0.121626617375231,0.0876155268022181,0.0961182994454713,rxsummary2015.xlsx,https://www.health.state.mn.us/data/apcd/publicusefiles/docs/rxsummary2015.xlsx,2026-09-19,Drug,ZONISAMIDE,5410,563,649,813,919,1075,428,885,24.1,125,413.36,50.22,427.15
2015,MEDICARE,carbamazepine,CARBAMAZEPINE,Neuromuscular Drugs,32502,4601,4331840.86,941.49,133.27,3.5,1.11,0.401,30,38,90,119.7,84.01,119.12,3871890.2,0,14.01,455353.72,94.47,133.27,4331840.86,0.0007583758884916,0,0.195926404528952,0.391022090948249,0.413051504522798,0.518798843148113,0.481201156851886,0.539966771275613,0.0904867392775829,0.151098393944988,0.218448095501815,rxsummary2015.xlsx,https://www.health.state.mn.us/data/apcd/publicusefiles/docs/rxsummary2015.xlsx,2026-09-19,Drug,CARBAMAZEPINE,32502,85,342,527,621,734,127,122,22.3,124,122.25,39.12,130.26
2015,MEDICARE,clobazam,CLOBAZAM,Neuromuscular Drugs,419,54,293084.98,5427.49,699.48,23.38,12.12,0.547,30,29.9,56,57.6,612.13,692.73,290256.79,0,4.59,1927.31,623.54,699.48,293084.98,5.13104218955e-05,0,0.54653937947494,0.410501193317422,0.0429594272076372,0.429594272076372,0.570405727923627,0.680190930787589,0.0620525059665871,0.0811455847255369,0.176610978520286,rxsummary2015.xlsx,https://www.health.state.mn.us/data/apcd/publicusefiles/docs/rxsummary2015.xlsx,2026-09-19,Drug,CLOBAZAM,419,484,123,163,203,272,793,66,10.1,39.8,502.47,47.76,504.85
2015,MEDICARE,eslicarbazepine,ESLICARBAZEPINE ACETATE,Neuromuscular Drugs,96,17,98357.4,5785.72,1024.55,32.81,22.92,,30,31.2,30,44.6,720.12,1019.43,97866.02,0,5.11,491.38,722.11,1024.55,98357.4,1.72194415781e-05,,,,,0.302083333333333,0.697916666666666,,,,,rxsummary2015.xlsx,https://www.health.state.mn.us/data/apcd/publicusefiles/docs/rxsummary2015.xlsx,2026-09-19,Drug,ESLICARBAZEPINE ACETATE,96,687,121,123,167,207,1046,,15,27.8,654.41,29.59,651.69
2015,MEDICARE,ethosuximide,ETHOSUXIMIDE,Neuromuscular Drugs,463,58,99282.81,1711.77,214.43,5.73,1.67,0.081,30,37.4,112,128.1,182.12,203.5,94220.64,0,10.85,5025.93,197.58,214.43,99282.81,1.73814532156e-05,0,0.38876889848812,0.403887688984881,0.207343412526997,0.667386609071274,0.332613390928725,0.416846652267818,0.079913606911447,0.205183585313174,0.298056155507559,rxsummary2015.xlsx,https://www.health.state.mn.us/data/apcd/publicusefiles/docs/rxsummary2015.xlsx,2026-09-19,Drug,ETHOSUXIMIDE,463,684,238,419,509,656,779,564,20.5,91.9,147.04,33.25,143.82
2015,MEDICARE,felbamate,FELBAMATE,Neuromuscular Drugs,2254,225,1992213.57,8854.28,883.85,28.05,6.93,0.078,30,31.5,120,127.5,687.43,862.37,1943792.25,0,20.31,45785.19,701.26,883.85,1992213.57,0.0003487770638494,0,0.462289263531499,0.42413487133984,0.11357586512866,0.460958296362023,0.539041703637976,0.626885536823425,0.122892635314995,0.0780834072759538,0.172138420585625,rxsummary2015.xlsx,https://www.health.state.mn.us/data/apcd/publicusefiles/docs/rxsummary2015.xlsx,2026-09-19,Drug,FELBAMATE,2254,179,86,139,184,396,498,568,13.5,110,754.05,123.15,763.36
2015,MEDICARE,lacosamide,LACOSAMIDE,Neuromuscular Drugs,5172,573,3672437.9,6409.14,710.06,24.28,9.9,0.061,30,29.2,60,71.6,655.42,669.87,3464581.1,0,39.82,205979.04,672.73,710.06,3672437.9,0.0006429341347832,0,0.307231245166279,0.395204949729311,0.297563805104408,0.505800464037122,0.494199535962877,0.677300850734725,0.0771461716937354,0.107308584686774,0.138244392884764,rxsummary2015.xlsx,https://www.health.state.mn.us/data/apcd/publicusefiles/docs/rxsummary2015.xlsx,2026-09-19,Drug,LACOSAMIDE,5172,105,112,159,199,321,338,608,13.4,85.8,469.6,119.76,477.4
2015,MEDICARE,lamotrigine,LAMOTRIGINE,Neuromuscular Drugs,60084,8072,3502154.37,433.86,58.28,1.61,0.8,0.114,30,36.1,60,72.2,7.34,53.77,3230927.56,1.19,4.4,264467.95,9.43,58.28,3502154.37,0.0006131225771723,0,0.303891218960122,0.437371013913853,0.258737767126023,0.624692097729844,0.375307902270155,0.567938219825577,0.0912389321616403,0.162023167565408,0.178799680447373,rxsummary2015.xlsx,https://www.health.state.mn.us/data/apcd/publicusefiles/docs/rxsummary2015.xlsx,2026-09-19,Drug,LAMOTRIGINE,60084,115,524,728,787,793,77,478,19.5,68.4,251.37,25.67,256.98
2015,MEDICARE,levetiracetam,LEVETIRACETAM,Neuromuscular Drugs,58104,9030,4012886.26,444.39,69.06,1.78,0.58,-0.133,30,38.6,60,117.3,19.8,59.08,3433224.9,1.2,9.81,570562.54,27.09,69.06,4012886.26,0.0007025364691821,0,0.138424204874019,0.292836981963376,0.568738813162604,0.525901831199228,0.474098168800771,0.603779429987608,0.0949332231860112,0.127254577998072,0.174032768828307,rxsummary2015.xlsx,https://www.health.state.mn.us/data/apcd/publicusefiles/docs/rxsummary2015.xlsx,2026-09-19,Drug,LEVETIRACETAM,58104,95,518,685,763,877,81,1096,23.4,129.1,232.05,29.51,238.02
2015,MEDICARE,methsuximide,METHSUXIMIDE,Neuromuscular Drugs,156,20,40029.44,2001.47,256.59,7.21,3.06,0.133,30,35.5,62,83.6,227.4,242.24,37790.32,0,14.23,2221.12,229.73,256.59,40029.44,7.0079587655e-06,0,0.557692307692307,0.211538461538461,0.23076923076923,0.653846153846153,0.346153846153846,,,,,rxsummary2015.xlsx,https://www.health.state.mn.us/data/apcd/publicusefiles/docs/rxsummary2015.xlsx,2026-09-19,Drug,METHSUXIMIDE,156,834,211,383,453,555,962,442,18.7,60.2,129.09,48.57,125.05
2015,MEDICARE,oxcarbazepine,OXCARBAZEPINE,Neuromuscular Drugs,14285,2034,820516.29,403.4,57.43,1.66,0.65,-0.083,30,34.4,60,87.6,28.04,51.06,729425.25,0,6.31,90251.79,30.81,57.43,820516.29,0.0001436478833275,0,0.341477073853692,0.372698634931746,0.28582429121456,0.525446272313615,0.474553727686384,0.552677633881694,0.0908645432271613,0.175638781939096,0.180819040952047,rxsummary2015.xlsx,https://www.health.state.mn.us/data/apcd/publicusefiles/docs/rxsummary2015.xlsx,2026-09-19,Drug,OXCARBAZEPINE,14285,317,536,734,776,843,215,1011,18,81.6,135.3,18.64,137.93
2015,MEDICARE,perampanel,PERAMPANEL,Neuromuscular Drugs,127,31,98180.71,3167.11,773.07,26.97,13.82,0.44,30,28.6,31,55.9,524.99,756.73,96105.49,0,16.03,2036.28,524.99,773.07,98180.71,1.71885084391e-05,0,0.377952755905511,0.362204724409448,0.259842519685039,0.503937007874015,0.496062992125984,,,,,rxsummary2015.xlsx,https://www.health.state.mn.us/data/apcd/publicusefiles/docs/rxsummary2015.xlsx,2026-09-19,Drug,PERAMPANEL,127,688,157,150,190,260,997,98,12.7,39.6,684.43,42.39,678.27
2015,MEDICARE,phenobarbital,PHENOBARBITAL,Central Nervous System Drugs,7487,964,306005.94,317.43,40.87,1.04,0.39,0.462,30,39,60,104.6,20.69,29.75,222746.5,0,11.06,82863.17,29.99,40.87,306005.94,5.35724958813e-05,0,0.0969680780018699,0.363162815546948,0.539869106451182,0.549085080806731,0.450914919193268,0.52183785227728,0.0844129825030052,0.175370642446907,0.218378522772806,rxsummary2015.xlsx,https://www.health.state.mn.us/data/apcd/publicusefiles/docs/rxsummary2015.xlsx,2026-09-19,Drug,PHENOBARBITAL,7487,480,572,813,881,956,284,90,23.7,132.3,33.15,22,36.63
2015,MEDICARE,phenytoin,PHENYTOIN,Neuromuscular Drugs,4115,524,173359.04,330.83,42.12,1.34,0.3,0.017,30,31.2,90,137.5,26.78,36.69,151004.59,0,5.39,22213.88,30.35,42.12,173359.04,3.0349987508e-05,0,0.0962332928311057,0.343134872417982,0.560631834750911,0.494289185905224,0.505710814094775,0.504981773997569,0.0823815309842041,0.15868772782503,0.253948967193195,rxsummary2015.xlsx,https://www.health.state.mn.us/data/apcd/publicusefiles/docs/rxsummary2015.xlsx,2026-09-19,Drug,PHENYTOIN,4115,582,568,805,824,995,385,746,17.4,146.3,41.53,14.19,43.29
2015,MEDICARE,phenytoin,PHENYTOIN SODIUM EXTENDED,Neuromuscular Drugs,27433,3709,1618037.92,436.24,58.98,1.4,0.46,0.384,30,41.8,90,126.3,32.75,43.94,1205644.94,1.2,14.94,410047.25,40.73,58.98,1618037.92,0.0002832700888262,0,0.0664163598585645,0.288010789924543,0.645572850216892,0.498487223417052,0.501512776582947,0.512521415813071,0.0941931250683483,0.148543724711114,0.244741734407465,rxsummary2015.xlsx,https://www.health.state.mn.us/data/apcd/publicusefiles/docs/rxsummary2015.xlsx,2026-09-19,Drug,PHENYTOIN SODIUM EXTENDED,27433,207,523,725,810,922,145,130,25.9,112.6,44.05,30.99,53.17
2015,MEDICARE,primidone,PRIMIDONE,Neuromuscular Drugs,12129,2384,329344.2,138.14,27.15,0.57,0.22,0.033,30,47.3,90,120.3,9.08,15.94,193435.18,5.66,11.11,134811.58,17.89,27.15,329344.2,5.76583278025e-05,0,0.0256410256410256,0.152691895457168,0.821667078901805,0.560804682991178,0.439195317008821,0.537472174128122,0.100832714980624,0.141891334817379,0.219803776073872,rxsummary2015.xlsx,https://www.health.state.mn.us/data/apcd/publicusefiles/docs/rxsummary2015.xlsx,2026-09-19,Drug,PRIMIDONE,12129,472,772,918,1030,1048,239,689,28.2,120.7,23.61,15.72,29.24
2015,MEDICARE,rescue_diazepam,DIAZEPAM (ANTICONVULSANT),Neuromuscular Drugs,201,91,83920.56,922.2,417.51,68.9,173.03,-0.03,2,6,1,2.4,297.22,415.61,83539.15,0,1.63,329.1,298.92,417.51,83920.56,1.46919823025e-05,0,0.611940298507462,0.283582089552238,0.104477611940298,0.467661691542288,0.532338308457711,0.582089552238805,0.114427860696517,0.144278606965174,0.159203980099502,rxsummary2015.xlsx,https://www.health.state.mn.us/data/apcd/publicusefiles/docs/rxsummary2015.xlsx,2026-09-19,Drug,DIAZEPAM (ANTICONVULSANT),201,717,348,259,103,51,920,887,8.6,4.2,286.8,18.99,286.95
2015,MEDICARE,rufinamide,RUFINAMIDE,Neuromuscular Drugs,695,66,1758862.59,26649.43,2530.73,82.35,18.73,0.295,30,30.7,120,135,2294.17,2512.01,1745853.39,0,17.82,12388.46,2304.42,2530.73,1758862.59,0.0003079242803545,0,0.441726618705035,0.512230215827338,0.0460431654676258,0.520863309352517,0.479136690647482,0.676258992805755,0.0474820143884892,0.0805755395683453,0.19568345323741,rxsummary2015.xlsx,https://www.health.state.mn.us/data/apcd/publicusefiles/docs/rxsummary2015.xlsx,2026-09-19,Drug,RUFINAMIDE,695,197,49,74,89,229,698,203,10.2,118.3,1762.39,142.36,1789.08
2015,MEDICARE,tiagabine,TIAGABINE HCL,Neuromuscular Drugs,603,70,390103.6,5572.9,646.93,20.99,6.53,0.087,30,30.8,60,98.9,491.76,635.2,383029.29,0,11.22,6770.93,517.15,646.93,390103.6,6.82954831017e-05,0,0.230514096185737,0.608623548922056,0.160862354892205,0.497512437810945,0.502487562189054,0.655058043117744,0.066334991708126,0.154228855721393,0.124378109452736,rxsummary2015.xlsx,https://www.health.state.mn.us/data/apcd/publicusefiles/docs/rxsummary2015.xlsx,2026-09-19,Drug,TIAGABINE HCL,603,450,122,177,215,409,729,549,15.7,103.2,589.32,61.22,593.7
2015,MEDICARE,topiramate,TOPIRAMATE,Neuromuscular Drugs,37843,6691,1372561.73,205.13,36.26,0.91,0.42,-0.149,30,39.4,60,85.5,7.86,31.75,1201881.98,1.2,4.47,169288.53,10.6,36.26,1372561.73,0.0002402945433915,0,0.284676162037893,0.44309383505536,0.272230002906746,0.726343048912612,0.273656951087387,0.581613508442776,0.0842163676241312,0.151996406204582,0.182173717728509,rxsummary2015.xlsx,https://www.health.state.mn.us/data/apcd/publicusefiles/docs/rxsummary2015.xlsx,2026-09-19,Drug,TOPIRAMATE,37843,242,667,844,918,943,116,1116,22.9,79.2,190.8,18.58,194.51
2015,MEDICARE,valproate,DIVALPROEX SODIUM,Neuromuscular Drugs,78801,9751,10193904.15,1045.42,129.36,3.99,1.42,-0.08,30,32.4,60,90.7,73.27,120.6,9503877.52,0,8.62,679930.71,81.93,129.36,10193904.15,0.001784647997654,0,0.229616375426707,0.401619268791005,0.368764355782287,0.464169236431009,0.53583076356899,0.602758848237966,0.0873973680537049,0.141724089795814,0.168119693912513,rxsummary2015.xlsx,https://www.health.state.mn.us/data/apcd/publicusefiles/docs/rxsummary2015.xlsx,2026-09-19,Drug,DIVALPROEX SODIUM,78801,37,322,534,594,691,64,1003,15.8,85.7,149.72,33.28,154.7
2015,MEDICARE,valproate,VALPROATE SODIUM,Neuromuscular Drugs,3433,430,83503.49,194.19,24.32,0.97,0.06,-0.157,30,25,473,374.8,17,22.44,77040.7,0,1.87,6436.19,18.32,24.32,83503.49,1.46189658086e-05,0,0.249344596562773,0.425866588989222,0.324788814448004,0.480046606466647,0.519953393533352,0.59627148266822,0.0984561607923099,0.128459073696475,0.176813282842994,rxsummary2015.xlsx,https://www.health.state.mn.us/data/apcd/publicusefiles/docs/rxsummary2015.xlsx,2026-09-19,Drug,VALPROATE SODIUM,3433,718,680,945,904,1218,413,1121,10.6,332.4,22.63,7.88,23.72
2015,MEDICARE,valproate,VALPROIC ACID,Neuromuscular Drugs,1481,241,68428.8,283.93,46.2,1.24,0.31,0.042,30,37,120,144.9,31.59,39.12,57937.86,0,7.05,10443.88,35.86,46.2,68428.8,1.19798380585e-05,0,0.142471303173531,0.413234301147873,0.444294395678595,0.473328831870357,0.526671168129642,0.606347062795408,0.0675219446320054,0.164753544902093,0.161377447670492,rxsummary2015.xlsx,https://www.health.state.mn.us/data/apcd/publicusefiles/docs/rxsummary2015.xlsx,2026-09-19,Drug,VALPROIC ACID,1481,756,595,783,840,988,565,652,22,115,35.21,15.99,37.62
2015,MEDICARE,zonisamide,ZONISAMIDE,Neuromuscular Drugs,5410,721,624812.79,866.59,115.49,3.23,1.01,0.186,30,35.6,90,114.1,28.32,110.39,597228.72,0,4.91,26602.2,30.87,115.49,624812.79,0.000109386048581,0,0.319223659889094,0.454898336414048,0.225878003696857,0.57449168207024,0.425508317929759,0.603142329020332,0.0855822550831792,0.131238447319778,0.180036968576709,rxsummary2015.xlsx,https://www.health.state.mn.us/data/apcd/publicusefiles/docs/rxsummary2015.xlsx,2026-09-19,Drug,ZONISAMIDE,5410,360,365,565,643,751,330,343,18.9,98.1,478.46,17.56,482.9
2015,MINNESOTA HEALTH CARE PROGRAMS,carbamazepine,CARBAMAZEPINE,Neuromuscular Drugs,16600,2229,1875061.03,841.21,112.95,3.85,1.04,0.249,30,29.2,90,107.7,85,110.84,1840008.98,0,1.76,29330.62,86.06,112.95,1875061.03,0.0003282671549024,0.0865060240963855,0.537650602409638,0.361927710843373,0.0139156626506024,0.496084337349397,0.503915662650602,0.567590361445783,0.0887349397590361,0.14867469879518,0.195,rxsummary2015.xlsx,https://www.health.state.mn.us/data/apcd/publicusefiles/docs/rxsummary2015.xlsx,2026-09-19,Drug,CARBAMAZEPINE,16600,95,288,461,536,677,162,190,4.5,97.1,84.76,9.4,84.49
2015,MINNESOTA HEALTH CARE PROGRAMS,clobazam,CLOBAZAM,Neuromuscular Drugs,2007,271,1335445.59,4927.84,665.39,23.09,7.8,0.426,30,28.8,60,85.1,624.03,661.73,1328098.34,0,2.07,4164.18,624.03,665.39,1335445.59,0.0002337966163993,,,,,0.500249128051818,0.499750871948181,0.533134030891878,0.113602391629297,0.145490782262082,0.207772795216741,rxsummary2015.xlsx,https://www.health.state.mn.us/data/apcd/publicusefiles/docs/rxsummary2015.xlsx,2026-09-19,Drug,CLOBAZAM,2007,143,93,125,173,320,476,90,4.1,81.2,539.39,8.75,539.69
2015,MINNESOTA HEALTH CARE PROGRAMS,ethosuximide,ETHOSUXIMIDE,Neuromuscular Drugs,1293,189,156629.33,828.72,121.13,4.11,0.61,0.118,30,29.4,135,195.8,106.93,119.15,154063.43,0,1.77,2289.63,106.93,121.13,156629.33,2.74211152121e-05,,,,,0.588553750966744,0.411446249033255,0.525908739365815,0.132250580046403,0.164733178654292,0.177107501933488,rxsummary2015.xlsx,https://www.health.state.mn.us/data/apcd/publicusefiles/docs/rxsummary2015.xlsx,2026-09-19,Drug,ETHOSUXIMIDE,1293,487,291,448,521,795,553,434,3.7,172,85.87,10.28,84.6
2015,MINNESOTA HEALTH CARE PROGRAMS,felbamate,FELBAMATE,Neuromuscular Drugs,2764,321,2827721.88,8809.1,1023.05,35.05,4.47,0.124,30,29.1,165,228.6,770.78,1014.59,2804336.36,0,7.18,19867.27,771.69,1023.05,2827721.88,0.0004950496018804,0.455861070911722,0.481186685962373,0.0629522431259044,0,0.499638205499276,0.500361794500723,0.555354558610709,0.0795947901591895,0.135311143270622,0.229739507959479,rxsummary2015.xlsx,https://www.health.state.mn.us/data/apcd/publicusefiles/docs/rxsummary2015.xlsx,2026-09-19,Drug,FELBAMATE,2764,72,62,96,131,436,418,422,3.9,211.1,841,58.07,837.66
2015,MINNESOTA HEALTH CARE PROGRAMS,lacosamide,LACOSAMIDE,Neuromuscular Drugs,5097,644,3100154.13,4813.9,608.23,21.21,5.04,0.09,30,28.6,60,120.6,646.86,603.5,3076066.21,0,2.59,13222.39,656.48,608.23,3100154.13,0.0005427443479075,0.331371394938198,0.510888758092995,0.152835000980969,0.0049048459878359,0.47577006082009,0.524229939179909,0.686089856778497,0.0910339415342358,0.0900529723366686,0.132823229350598,rxsummary2015.xlsx,https://www.health.state.mn.us/data/apcd/publicusefiles/docs/rxsummary2015.xlsx,2026-09-19,Drug,LACOSAMIDE,5097,66,98,134,183,400,319,500,4.6,178.2,363.64,25.97,363.83
2015,MINNESOTA HEALTH CARE PROGRAMS,lamotrigine,LAMOTRIGINE,Neuromuscular Drugs,77971,11671,3191331.16,273.44,40.92,1.39,0.65,-0.023,30,29.2,60,62.3,7.07,39.4,3072523.11,0,1.42,111006.06,7.62,40.92,3191331.16,0.0005587067212658,0.125046491644329,0.613689705146785,0.258211386284644,0.003052416924241,0.660412204537584,0.339587795462415,0.583550294340203,0.107937566531146,0.139526234112682,0.168985905015967,rxsummary2015.xlsx,https://www.health.state.mn.us/data/apcd/publicusefiles/docs/rxsummary2015.xlsx,2026-09-19,Drug,LAMOTRIGINE,77971,62,482,677,764,780,45,802,3.7,50.5,186.9,21.81,188.75
2015,MINNESOTA HEALTH CARE PROGRAMS,levetiracetam,LEVETIRACETAM,Neuromuscular Drugs,42900,6152,2169440.68,352.63,50.56,1.73,0.32,-0.115,30,29.1,100,154.4,21.74,49.31,2115625.39,0,1.14,49246.44,22.86,50.56,2169440.68,0.000379804234827,0.284335664335664,0.435710955710955,0.268578088578088,0.0113752913752913,0.489137529137529,0.51086247086247,0.625128205128205,0.0974592074592074,0.1209324009324,0.156480186480186,rxsummary2015.xlsx,https://www.health.state.mn.us/data/apcd/publicusefiles/docs/rxsummary2015.xlsx,2026-09-19,Drug,LEVETIRACETAM,42900,90,432,618,706,937,89,1002,4.3,161.7,163.6,15.11,164.83
2015,MINNESOTA HEALTH CARE PROGRAMS,methsuximide,METHSUXIMIDE,Neuromuscular Drugs,239,31,36241.43,1169.07,151.63,5.01,1.96,0.134,30,30.2,90,77,157.53,150.2,35899.05,0,1.43,342.38,157.53,151.63,36241.43,6.3447914096e-06,,,,,0.439330543933054,0.560669456066945,0.677824267782426,0.0920502092050209,0.104602510460251,0.125523012552301,rxsummary2015.xlsx,https://www.health.state.mn.us/data/apcd/publicusefiles/docs/rxsummary2015.xlsx,2026-09-19,Drug,METHSUXIMIDE,239,769,237,391,474,562,858,391,7.3,36.7,121.29,9.51,120.87
2015,MINNESOTA HEALTH CARE PROGRAMS,oxcarbazepine,OXCARBAZEPINE,Neuromuscular Drugs,20087,2955,1559132.27,527.62,77.61,2.67,0.66,0.11,30,28.9,70,115.8,31.47,76.26,1531928.6,0,1.17,23524.24,32.31,77.61,1559132.27,0.0002729574697573,0.373375815203863,0.457211131577637,0.167919549957684,0.0014935032608154,0.491014088714093,0.508985911285906,0.551998805197391,0.117488923184148,0.126698859959177,0.203813411659282,rxsummary2015.xlsx,https://www.health.state.mn.us/data/apcd/publicusefiles/docs/rxsummary2015.xlsx,2026-09-19,Drug,OXCARBAZEPINE,20087,119,362,529,610,776,144,450,4.1,118.5,144.39,8.94,145.01
2015,MINNESOTA HEALTH CARE PROGRAMS,perampanel,PERAMPANEL,Neuromuscular Drugs,53,23,25625.91,1114.17,483.5,17.95,7.87,-0.352,30,26.9,60,61.3,348.57,479.48,25412.6,0,1.43,76.16,351.57,483.5,25625.91,4.4863310755e-06,,,,,0.396226415094339,0.60377358490566,0.452830188679245,0,0.245283018867924,0.30188679245283,rxsummary2015.xlsx,https://www.health.state.mn.us/data/apcd/publicusefiles/docs/rxsummary2015.xlsx,2026-09-19,Drug,PERAMPANEL,53,831,247,160,219,316,1113,1139,7.6,35.6,465,2.57,467.31
2015,MINNESOTA HEALTH CARE PROGRAMS,phenobarbital,PHENOBARBITAL,Central Nervous System Drugs,4245,623,174369.55,279.88,41.07,1.44,0.27,0.199,30,28.4,64,147.3,24.24,39.78,168873.23,0,1.21,5146.01,25.19,41.07,174369.55,3.05268976125e-05,0.336160188457008,0.359717314487632,0.287161366313309,0.0169611307420494,0.497290930506478,0.502709069493521,0.588221436984687,0.0885747938751472,0.161130742049469,0.162073027090694,rxsummary2015.xlsx,https://www.health.state.mn.us/data/apcd/publicusefiles/docs/rxsummary2015.xlsx,2026-09-19,Drug,PHENOBARBITAL,4245,470,477,675,756,974,341,271,5.8,199.4,48.74,8.02,48.87
2015,MINNESOTA HEALTH CARE PROGRAMS,phenytoin,PHENYTOIN,Neuromuscular Drugs,1169,177,49768.21,281.17,42.57,1.5,0.26,0.079,30,28.2,136,161.3,30.43,41.58,48608.02,0,0.91,1074.02,30.43,42.57,49768.21,8.712926374e-06,0.223267750213857,0.451668092386655,0.311377245508982,0.0136869118905047,0.479897348160821,0.520102651839178,0.531223267750213,0.112917023096663,0.144568006843455,0.211291702309666,rxsummary2015.xlsx,https://www.health.state.mn.us/data/apcd/publicusefiles/docs/rxsummary2015.xlsx,2026-09-19,Drug,PHENYTOIN,1169,728,476,666,743,991,565,527,5.7,126,39.96,2.36,40.13
2015,MINNESOTA HEALTH CARE PROGRAMS,phenytoin,PHENYTOIN SODIUM EXTENDED,Neuromuscular Drugs,9005,1093,441267.9,403.72,49,1.67,0.44,0.265,30,29.3,90,109,39.12,47.51,427884.07,1,1.31,11873.7,40.12,49,441267.9,7.72528231162e-05,0.007329261521377,0.351249305941143,0.618767351471404,0.0226540810660744,0.419433647973348,0.580566352026651,0.611104941699056,0.0731815657967795,0.143697945585785,0.172015546918378,rxsummary2015.xlsx,https://www.health.state.mn.us/data/apcd/publicusefiles/docs/rxsummary2015.xlsx,2026-09-19,Drug,PHENYTOIN SODIUM EXTENDED,9005,303,404,623,713,866,226,173,4.5,59.4,36.13,4.22,36.24
2015,MINNESOTA HEALTH CARE PROGRAMS,primidone,PRIMIDONE,Neuromuscular Drugs,1906,283,35006.83,123.69,18.36,0.62,0.19,-0.06,30,29.3,70,91.9,12.43,17.46,33297.02,1,0.85,1626.51,13.36,18.36,35006.83,6.1286498425e-06,0.0262329485834207,0.280167890870933,0.667366211962224,0.0262329485834207,0.495278069254984,0.504721930745015,0.562959076600209,0.0891920251836306,0.15529905561385,0.192549842602308,rxsummary2015.xlsx,https://www.health.state.mn.us/data/apcd/publicusefiles/docs/rxsummary2015.xlsx,2026-09-19,Drug,PRIMIDONE,1906,776,659,894,981,1041,482,905,5.7,70.6,28.86,1.36,28.73
2015,MINNESOTA HEALTH CARE PROGRAMS,rescue_diazepam,DIAZEPAM (ANTICONVULSANT),Neuromuscular Drugs,2295,1234,973405.68,788.82,424.14,56.1,164.09,0.003,2,7.5,1,2.5,319.13,420.97,966145.73,0,2.42,5562.28,319.13,424.14,973405.68,0.0001704142468042,,,,,0.427886710239651,0.572113289760348,0.621350762527233,0.130283224400871,0.0893246187363834,0.159041394335511,rxsummary2015.xlsx,https://www.health.state.mn.us/data/apcd/publicusefiles/docs/rxsummary2015.xlsx,2026-09-19,Drug,DIAZEPAM (ANTICONVULSANT),2295,175,297,186,95,49,458,733,9.7,4.6,362.14,21.38,360.89
2015,MINNESOTA HEALTH CARE PROGRAMS,rufinamide,RUFINAMIDE,Neuromuscular Drugs,1030,132,1918419.25,14533.47,1862.54,65.14,8.7,0.238,30,28.5,150,213.9,1628.15,1856.16,1911847.17,0,2.27,2341.23,1629.65,1862.54,1918419.25,0.0003358578835738,,,,,0.372815533980582,0.627184466019417,0.644660194174757,0.111650485436893,0.115533980582524,0.128155339805825,rxsummary2015.xlsx,https://www.health.state.mn.us/data/apcd/publicusefiles/docs/rxsummary2015.xlsx,2026-09-19,Drug,RUFINAMIDE,1030,94,42,70,89,298,596,207,5.9,219.2,1556.47,14.49,1559.45
2015,MINNESOTA HEALTH CARE PROGRAMS,tiagabine,TIAGABINE HCL,Neuromuscular Drugs,154,27,99020.81,3667.43,642.99,23.34,5.33,0.403,30,27.5,60,120.5,347.3,641.33,98765.15,0,0.49,76.02,349.18,642.99,99020.81,1.73355848448e-05,0.149350649350649,0.571428571428571,0.279220779220779,0,0.493506493506493,0.506493506493506,,,,,rxsummary2015.xlsx,https://www.health.state.mn.us/data/apcd/publicusefiles/docs/rxsummary2015.xlsx,2026-09-19,Drug,TIAGABINE HCL,154,574,111,129,171,389,922,96,5.6,92.3,477.31,1.43,476.61
2015,MINNESOTA HEALTH CARE PROGRAMS,topiramate,TOPIRAMATE,Neuromuscular Drugs,55974,10719,1208455.93,112.73,21.58,0.73,0.29,-0.05,30,29.3,60,73.3,6.92,20.67,1157536.91,0,0.83,46819.45,7.61,21.58,1208455.93,0.0002115645216977,0.128166648801229,0.562868474648944,0.306838889484403,0.0021259870654232,0.77575302819166,0.224246971808339,0.557580305141672,0.111194483152892,0.142977096509093,0.188248115196341,rxsummary2015.xlsx,https://www.health.state.mn.us/data/apcd/publicusefiles/docs/rxsummary2015.xlsx,2026-09-19,Drug,TOPIRAMATE,55974,151,684,856,942,963,62,880,3.7,52.6,111.49,5.44,112.06
2015,MINNESOTA HEALTH CARE PROGRAMS,valproate,DIVALPROEX SODIUM,Neuromuscular Drugs,52403,7821,6156521.17,787.17,117.48,4.02,1.3,-0.122,30,29.1,60,89.7,87.69,114.87,6020043.38,0,2.38,125156.57,89.25,117.48,6156521.17,0.0010778228848223,0.166631681392286,0.529721580825525,0.294964028776978,0.0086827090052096,0.392095872373719,0.60790412762628,0.614029731122263,0.0969791805812644,0.134591531019216,0.154399557277255,rxsummary2015.xlsx,https://www.health.state.mn.us/data/apcd/publicusefiles/docs/rxsummary2015.xlsx,2026-09-19,Drug,DIVALPROEX SODIUM,52403,31,298,455,524,632,70,1013,4.2,73.5,120.9,15.53,120.78
2015,MINNESOTA HEALTH CARE PROGRAMS,valproate,VALPROATE SODIUM,Neuromuscular Drugs,2592,342,74954.78,219.16,28.91,1.04,0.07,0.45,30,27.7,450,405.4,14.47,26.88,69696.26,0,2.02,5237.9,15.65,28.91,74954.78,1.31223421442e-05,,,,,0.415895061728395,0.584104938271604,0.630015432098765,0.0910493827160493,0.147376543209876,0.131558641975308,rxsummary2015.xlsx,https://www.health.state.mn.us/data/apcd/publicusefiles/docs/rxsummary2015.xlsx,2026-09-19,Drug,VALPROATE SODIUM,2592,634,529,775,844,1177,433,84,5.6,270.3,34.65,9.07,34.8
2015,MINNESOTA HEALTH CARE PROGRAMS,valproate,VALPROIC ACID,Neuromuscular Drugs,813,157,22628.13,144.12,27.83,0.96,0.2,-0.021,30,28.9,120,137.1,22.2,27.03,21980.8,0,0.72,591.14,22.85,27.83,22628.13,3.9615093786e-06,,,,,0.501845018450184,0.498154981549815,0.517835178351783,0.083640836408364,0.157441574415744,0.241082410824108,rxsummary2015.xlsx,https://www.health.state.mn.us/data/apcd/publicusefiles/docs/rxsummary2015.xlsx,2026-09-19,Drug,VALPROIC ACID,813,853,624,785,868,1039,638,799,4.1,82.2,17.97,1.84,17.85
2015,MINNESOTA HEALTH CARE PROGRAMS,vigabatrin,VIGABATRIN,Neuromuscular Drugs,201,33,1644913.81,49845.87,8183.65,274.6,82.05,0.276,30,29.8,90,99.7,8087.93,8183.55,1644894.31,0,0.09,19.5,8087.93,8183.65,1644913.81,0.0002879752540472,,,,,0.582089552238805,0.417910447761194,0.383084577114427,0.203980099502487,0.248756218905472,0.164179104477611,rxsummary2015.xlsx,https://www.health.state.mn.us/data/apcd/publicusefiles/docs/rxsummary2015.xlsx,2026-09-19,Drug,VIGABATRIN,201,112,9,17,23,74,890,159,1.7,37.9,3267.79,0.48,3267.63
2015,MINNESOTA HEALTH CARE PROGRAMS,zonisamide,ZONISAMIDE,Neuromuscular Drugs,5365,806,321987.88,399.48,60.01,2.03,0.58,-0.175,30,29.4,90,102.9,21.69,58.99,316482.57,0,0.92,4937.49,21.98,60.01,321987.88,5.63704559955e-05,0.302329916123019,0.502143522833178,0.192357875116495,0.0031686859273066,0.568685927306616,0.431314072693383,0.59645852749301,0.086672879776328,0.139235787511649,0.177632805219012,rxsummary2015.xlsx,https://www.health.state.mn.us/data/apcd/publicusefiles/docs/rxsummary2015.xlsx,2026-09-19,Drug,ZONISAMIDE,5365,360,407,577,676,808,312,1072,4.6,61.8,237.78,7.3,238.2
2016,COMMERCIAL,carbamazepine,CARBAMAZEPINE,Neuromuscular Drugs,15352,3246,2896485.52,892.32,188.67,3.93,1.22,0.004,30,47.9,120,154.4,82.2,143.53,2203626.04,15.98,44.96,690227.06,122.79,188.67,2896485.52,0.0005444530297787,0.0214955706096925,0.306344450234497,0.576211568525273,0.0959484106305367,0.551589369463262,0.448410630536737,0.6529442417926,0.117183428869202,0.0977071391349661,0.13216519020323,rxsummary2016.xlsx,https://www.health.state.mn.us/data/apcd/publicusefiles/docs/rxsummary2016.xlsx,2026-09-19,Drug,CARBAMAZEPINE,15352,155,405,558,703,841,217,500,28.5,126.8,189.04,79.44,202.23
2016,COMMERCIAL,clobazam,CLOBAZAM,Neuromuscular Drugs,1310,198,1591879.59,8039.79,1215.17,36.32,11.1,0.119,30,33.4,90,109.3,883.24,1138.78,1491813.72,0,75.22,98547.58,901.02,1215.17,1591879.59,0.0002992259618886,,,,,0.543511450381679,0.45648854961832,0.668702290076335,0.121374045801526,0.0748091603053435,0.135114503816793,rxsummary2016.xlsx,https://www.health.state.mn.us/data/apcd/publicusefiles/docs/rxsummary2016.xlsx,2026-09-19,Drug,CLOBAZAM,1310,242,122,167,206,389,621,224,16.6,96.7,987.76,260.17,975.24
2016,COMMERCIAL,eslicarbazepine,ESLICARBAZEPINE ACETATE,Neuromuscular Drugs,51,12,158552.25,13212.68,3108.86,72.29,25.4,1.813,30,43,90,122.3,2356.15,3002.16,153110.54,0,106.7,5441.71,2356.15,3108.86,158552.25,2.98031018262e-05,0.294117647058823,0.313725490196078,0.392156862745098,0,0.784313725490196,0.215686274509803,,,,,rxsummary2016.xlsx,https://www.health.state.mn.us/data/apcd/publicusefiles/docs/rxsummary2016.xlsx,2026-09-19,Drug,ESLICARBAZEPINE ACETATE,51,715,103,102,140,270,1228,7,24.9,115.7,2737.46,384.95,2753.47
2016,COMMERCIAL,ethosuximide,ETHOSUXIMIDE,Neuromuscular Drugs,1355,251,247470.22,985.93,182.63,4.38,0.75,-0.081,30,41.6,200,243.2,111.05,146.65,198718.49,14,35.8,48522.38,133.98,182.63,247470.22,4.65170324963e-05,,,,,0.601476014760147,0.398523985239852,0.649446494464944,0.133579335793357,0.109225092250922,0.107749077490774,rxsummary2016.xlsx,https://www.health.state.mn.us/data/apcd/publicusefiles/docs/rxsummary2016.xlsx,2026-09-19,Drug,ETHOSUXIMIDE,1355,631,377,564,674,946,619,748,24.6,173.2,144.8,66.92,145.59
2016,COMMERCIAL,felbamate,FELBAMATE,Neuromuscular Drugs,1284,212,1319400.26,6223.58,1027.57,25,3.76,-0.149,30,41,180,272.7,695.59,968.35,1243368.72,4,58.04,74524.65,717.96,1027.57,1319400.26,0.0002480079614027,,,,,0.53816199376947,0.461838006230529,0.735981308411214,0.072429906542056,0.0825545171339563,0.109034267912772,rxsummary2016.xlsx,https://www.health.state.mn.us/data/apcd/publicusefiles/docs/rxsummary2016.xlsx,2026-09-19,Drug,FELBAMATE,1284,281,144,189,257,638,624,984,24.1,208.4,941.51,233.19,966.97
2016,COMMERCIAL,lacosamide,LACOSAMIDE,Neuromuscular Drugs,3858,571,3635606.56,6367.08,942.35,27.09,7.93,-0.015,30,34.7,60,118.7,711.94,872.07,3364454.84,25,69.76,269151.19,748.65,942.35,3635606.56,0.000683385776662,0.245982374287195,0.400207361327112,0.313893208916537,0.039917055469155,0.588128564022809,0.41187143597719,0.716951788491446,0.10108864696734,0.0749092794193882,0.107050285121824,rxsummary2016.xlsx,https://www.health.state.mn.us/data/apcd/publicusefiles/docs/rxsummary2016.xlsx,2026-09-19,Drug,LACOSAMIDE,3858,127,141,199,243,466,425,563,19.6,145.1,711.93,184.36,719.21
2016,COMMERCIAL,lamotrigine,LAMOTRIGINE,Neuromuscular Drugs,71427,13368,4877426,364.85,68.28,1.6,0.8,-0.12,30,42.5,60,85.1,0,57,4071810.44,5.37,11.26,804467.12,7.8,68.28,4877426,0.000916810854011,0.0851358729892057,0.524311534853766,0.362859982919624,0.0276926092374032,0.673358813893905,0.326641186106094,0.701499432987525,0.10960841138505,0.0829238243241351,0.105968331303288,rxsummary2016.xlsx,https://www.health.state.mn.us/data/apcd/publicusefiles/docs/rxsummary2016.xlsx,2026-09-19,Drug,LAMOTRIGINE,71427,93,610,807,912,934,66,884,25,80.9,330.1,78.76,347.35
2016,COMMERCIAL,levetiracetam,LEVETIRACETAM,Neuromuscular Drugs,37549,7451,3172615.2,425.79,84.49,1.88,0.53,-0.124,30,44.9,120,158.9,13.58,64.78,2432511.72,10,19.65,738131.96,28.3,84.49,3172615.2,0.0005963571873689,0.180697222296199,0.352233082106048,0.36565554342326,0.101414152174491,0.501424804921569,0.49857519507843,0.676289648193027,0.121947322165703,0.085701350235692,0.116061679405576,rxsummary2016.xlsx,https://www.health.state.mn.us/data/apcd/publicusefiles/docs/rxsummary2016.xlsx,2026-09-19,Drug,LEVETIRACETAM,37549,138,575,757,861,1035,122,898,26.9,140.4,311.79,70.37,327.66
2016,COMMERCIAL,methsuximide,METHSUXIMIDE,Neuromuscular Drugs,122,18,35665.82,1981.43,292.34,7.31,3.2,0.057,30,39.9,60,91.3,190.22,263.09,32097.09,0,29.11,3552.29,202.98,292.34,35665.82,6.7041121471e-06,,,,,0.508196721311475,0.491803278688524,,,,,rxsummary2016.xlsx,https://www.health.state.mn.us/data/apcd/publicusefiles/docs/rxsummary2016.xlsx,2026-09-19,Drug,METHSUXIMIDE,122,991,261,440,531,666,1085,366,24.1,76.4,222.18,77.9,229.61
2016,COMMERCIAL,oxcarbazepine,OXCARBAZEPINE,Neuromuscular Drugs,11240,2307,1009199.52,437.45,89.78,2.12,0.58,-0.205,30,42.2,105,152.9,23.5,70.67,794345.44,10,19.07,214387.23,39.59,89.78,1009199.52,0.0001896994590586,0.276690391459074,0.385142348754448,0.305516014234875,0.0326512455516014,0.522508896797153,0.477491103202846,0.651245551601423,0.133807829181494,0.0855871886120996,0.129359430604982,rxsummary2016.xlsx,https://www.health.state.mn.us/data/apcd/publicusefiles/docs/rxsummary2016.xlsx,2026-09-19,Drug,OXCARBAZEPINE,11240,331,571,735,839,1006,261,1115,24.8,134.4,237.5,45.16,247.92
2016,COMMERCIAL,perampanel,PERAMPANEL,Neuromuscular Drugs,97,28,105683.3,3774.4,1089.51,32.67,11.97,0.097,30,33.3,90,90.9,965.76,1046.33,101494.71,40,43.18,4188.59,1043.88,1089.51,105683.3,1.98653134927e-05,,,,,0.319587628865979,0.68041237113402,,,,,rxsummary2016.xlsx,https://www.health.state.mn.us/data/apcd/publicusefiles/docs/rxsummary2016.xlsx,2026-09-19,Drug,PERAMPANEL,97,795,181,180,219,373,1129,269,16.9,68.1,817.05,78.43,804.11
2016,COMMERCIAL,phenobarbital,PHENOBARBITAL,Central Nervous System Drugs,2800,585,180769.91,309,64.56,1.41,0.47,0.427,30,45.7,90,135.3,25.65,40.36,113014.14,12,24.13,67588.18,46.6,64.56,180769.91,3.3979360336e-05,0.116071428571428,0.148928571428571,0.631071428571428,0.103928571428571,0.555357142857142,0.444642857142857,0.575714285714285,0.156071428571428,0.124285714285714,0.143928571428571,rxsummary2016.xlsx,https://www.health.state.mn.us/data/apcd/publicusefiles/docs/rxsummary2016.xlsx,2026-09-19,Drug,PHENOBARBITAL,2800,692,645,818,938,1062,478,64,28.6,129.3,50.15,33.22,54
2016,COMMERCIAL,phenytoin,PHENYTOIN,Neuromuscular Drugs,445,111,23377.5,210.6,52.53,0.96,0.55,0.085,30,54.4,90,95.5,7.48,27.22,12115.19,15.54,25.21,11220.88,31.02,52.53,23377.5,4.3942738935e-06,0.049438202247191,0.206741573033707,0.591011235955056,0.152808988764044,0.406741573033707,0.593258426966292,0.608988764044943,0.0831460674157303,0.0764044943820224,0.231460674157303,rxsummary2016.xlsx,https://www.health.state.mn.us/data/apcd/publicusefiles/docs/rxsummary2016.xlsx,2026-09-19,Drug,PHENYTOIN,445,1045,730,878,1042,1025,836,301,31,112.4,58.37,43.95,83.24
2016,COMMERCIAL,phenytoin,PHENYTOIN SODIUM EXTENDED,Neuromuscular Drugs,10075,1867,924257.75,495.04,91.73,1.79,0.48,0.101,30,51.1,132,187.6,30.48,50.73,511182.45,24,40.91,412256.31,66.01,91.73,924257.75,0.0001737329355901,0.001985111662531,0.192555831265508,0.661538461538461,0.143920595533498,0.359503722084367,0.640496277915632,0.61379652605459,0.118808933002481,0.120297766749379,0.147096774193548,rxsummary2016.xlsx,https://www.health.state.mn.us/data/apcd/publicusefiles/docs/rxsummary2016.xlsx,2026-09-19,Drug,PHENYTOIN SODIUM EXTENDED,10075,350,545,729,873,1053,283,258,29.2,137.7,66.07,53.75,81.46
2016,COMMERCIAL,primidone,PRIMIDONE,Neuromuscular Drugs,3700,868,93193.12,107.36,25.18,0.49,0.16,-0.671,30,51,90,151,5.32,12.8,47389.78,10,12.37,45773.84,17.05,25.18,93193.12,1.75175315699e-05,0.0067567567567567,0.0821621621621621,0.563783783783783,0.347297297297297,0.478378378378378,0.521621621621621,0.62054054054054,0.13,0.0975675675675675,0.151891891891891,rxsummary2016.xlsx,https://www.health.state.mn.us/data/apcd/publicusefiles/docs/rxsummary2016.xlsx,2026-09-19,Drug,PRIMIDONE,3700,820,922,1069,1192,1250,432,1338,29.5,139.3,21.32,13.19,25.66
2016,COMMERCIAL,rescue_diazepam,DIAZEPAM (ANTICONVULSANT),Neuromuscular Drugs,730,477,360560.35,755.89,493.91,54.35,256.07,0.068,2,9,1,1.9,255.99,451.57,329649.4,8,40.03,29228.92,287.3,493.91,360560.35,6.77746094776e-05,,,,,0.51917808219178,0.480821917808219,0.678082191780821,0.136986301369863,0.0808219178082191,0.104109589041095,rxsummary2016.xlsx,https://www.health.state.mn.us/data/apcd/publicusefiles/docs/rxsummary2016.xlsx,2026-09-19,Drug,DIAZEPAM (ANTICONVULSANT),730,543,450,311,158,70,736,339,10.6,3.6,961.9,100.23,986.81
2016,COMMERCIAL,rufinamide,RUFINAMIDE,Neuromuscular Drugs,292,53,935844.56,17657.44,3204.94,89.5,13.23,0.186,30,35.8,200,242.2,1999.49,3142.7,917670.43,0,56.59,16526.79,2027.88,3204.94,935844.56,0.0001759109108523,0.582191780821917,0.417808219178082,0,0,0.558219178082191,0.441780821917808,0.702054794520547,0.0993150684931506,0.136986301369863,0.0616438356164383,rxsummary2016.xlsx,https://www.health.state.mn.us/data/apcd/publicusefiles/docs/rxsummary2016.xlsx,2026-09-19,Drug,RUFINAMIDE,292,347,93,99,125,354,919,136,19.3,199.9,3308.73,176.75,3295.95
2016,COMMERCIAL,tiagabine,TIAGABINE HCL,Neuromuscular Drugs,128,37,94223.33,2546.57,736.11,14.87,5.31,-0.077,30,49.4,90,138.4,361.9,692.53,88644.82,12,40.66,5204.82,431.32,736.11,94223.33,1.77111803736e-05,,,,,0.6015625,0.3984375,,,,,rxsummary2016.xlsx,https://www.health.state.mn.us/data/apcd/publicusefiles/docs/rxsummary2016.xlsx,2026-09-19,Drug,TIAGABINE HCL,128,817,222,230,351,566,1077,736,30.1,127.2,709.92,112.34,697.18
2016,COMMERCIAL,topiramate,TOPIRAMATE,Neuromuscular Drugs,63006,16348,1551957.54,94.93,24.63,0.53,0.23,-0.191,30,46.1,90,107,0,16.2,1021308.93,5.54,8.4,529593.62,8.24,24.63,1551957.54,0.0002917218052383,0.051550645970225,0.456432720693267,0.466003237786877,0.0260133955496301,0.845252833063517,0.154747166936482,0.636431450972923,0.135685490270767,0.0966892042027743,0.131193854553534,rxsummary2016.xlsx,https://www.health.state.mn.us/data/apcd/publicusefiles/docs/rxsummary2016.xlsx,2026-09-19,Drug,TOPIRAMATE,63006,250,955,1076,1178,1192,77,1091,27.1,89.3,134,22.91,140.23
2016,COMMERCIAL,valproate,DIVALPROEX SODIUM,Neuromuscular Drugs,26557,5369,3277160.26,610.38,123.4,2.92,1.05,-0.253,30,42.1,90,117,42.39,97.18,2580849.73,10,26.13,693967.56,71.02,123.4,3277160.26,0.0006160085456348,0.112889257069699,0.374665813156606,0.424784425951726,0.0876605038219678,0.444402605716007,0.555597394283992,0.684640584403358,0.117897352863651,0.0892043529013066,0.108257709831682,rxsummary2016.xlsx,https://www.health.state.mn.us/data/apcd/publicusefiles/docs/rxsummary2016.xlsx,2026-09-19,Drug,DIVALPROEX SODIUM,26557,134,504,658,773,873,155,1206,25.7,104.8,166.88,59.22,178.26
2016,COMMERCIAL,valproate,VALPROATE SODIUM,Neuromuscular Drugs,652,123,24862.21,202.13,38.13,1.18,0.08,0.297,30,32.3,457,438.4,23.21,32.68,21307.42,0,5.44,3551.75,29.22,38.13,24862.21,4.6733551637e-06,0.58282208588957,0.25920245398773,0.102760736196319,0.0552147239263803,0.542944785276073,0.457055214723926,0.685582822085889,0.0797546012269938,0.0751533742331288,0.159509202453987,rxsummary2016.xlsx,https://www.health.state.mn.us/data/apcd/publicusefiles/docs/rxsummary2016.xlsx,2026-09-19,Drug,VALPROATE SODIUM,652,1038,738,964,988,1327,764,85,16.5,245.9,34.26,10.31,33.18
2016,COMMERCIAL,valproate,VALPROIC ACID,Neuromuscular Drugs,389,118,13492.02,114.33,34.68,0.87,0.23,-0.082,30,39.4,120,150.6,11.55,20.49,7971.2,10,14.18,5517.4,25.51,34.68,13492.02,2.5360980112e-06,0.0976863753213367,0.303341902313624,0.470437017994858,0.128534704370179,0.398457583547557,0.601542416452442,0.583547557840616,0.120822622107969,0.138817480719794,0.156812339331619,rxsummary2016.xlsx,https://www.health.state.mn.us/data/apcd/publicusefiles/docs/rxsummary2016.xlsx,2026-09-19,Drug,VALPROIC ACID,389,1100,907,987,1066,1193,858,752,24.3,133.8,32.59,20.29,35.76
2016,COMMERCIAL,vigabatrin,VIGABATRIN,Neuromuscular Drugs,87,12,1634111.08,136175.92,18782.88,626.09,122.18,1.223,30,30,165,153.7,19180.36,18721.76,1628793.32,0,61.12,5317.76,19180.36,18782.88,1634111.08,0.0003071642244912,,,,,,,,,,,rxsummary2016.xlsx,https://www.health.state.mn.us/data/apcd/publicusefiles/docs/rxsummary2016.xlsx,2026-09-19,Drug,VIGABATRIN,87,238,4,12,12,122,1145,19,0,75.4,7858.47,402.84,7850.88
2016,COMMERCIAL,zonisamide,ZONISAMIDE,Neuromuscular Drugs,4665,1028,398214.42,387.36,85.36,2.01,0.6,0.022,30,42.3,90,140.8,12.91,70.43,328587.91,10,14.91,69568.35,25.68,85.36,398214.42,7.4852453421e-05,0.148767416934619,0.480171489817792,0.341479099678456,0.0295819935691318,0.713826366559485,0.286173633440514,0.707824222936763,0.120042872454448,0.0831725616291532,0.0889603429796355,rxsummary2016.xlsx,https://www.health.state.mn.us/data/apcd/publicusefiles/docs/rxsummary2016.xlsx,2026-09-19,Drug,ZONISAMIDE,4665,519,599,755,846,998,393,445,25.3,127,437.82,65.07,458.41
2016,MEDICARE,carbamazepine,CARBAMAZEPINE,Neuromuscular Drugs,36198,4660,4935655.9,1059.15,136.35,3.67,1.05,0.022,30,37,90,129.6,81.68,121.27,4389883.23,0,14.98,542331.22,89.64,136.35,4935655.9,0.0009277563413127,0,0.191336537930272,0.386513067020277,0.42215039504945,0.521520525995911,0.478479474004088,0.534587546273274,0.0887341842090723,0.156748991656997,0.219929277860655,rxsummary2016.xlsx,https://www.health.state.mn.us/data/apcd/publicusefiles/docs/rxsummary2016.xlsx,2026-09-19,Drug,CARBAMAZEPINE,36198,94,355,531,607,730,127,483,22.9,128.2,153.61,42.7,160.61
2016,MEDICARE,clobazam,CLOBAZAM,Neuromuscular Drugs,896,97,941604.53,9707.26,1050.89,34.85,12.4,0.502,30,30.1,60,84.6,829.42,1042.3,933902.35,0,8.43,7555.01,840.67,1050.89,941604.53,0.000176993613699,0,0.574776785714285,0.3671875,0.0580357142857142,0.506696428571428,0.493303571428571,0.647321428571428,0.0758928571428571,0.109375,0.167410714285714,rxsummary2016.xlsx,https://www.health.state.mn.us/data/apcd/publicusefiles/docs/rxsummary2016.xlsx,2026-09-19,Drug,CLOBAZAM,896,321,107,144,183,301,678,56,10.4,98.3,1229.19,61.8,1229.43
2016,MEDICARE,eslicarbazepine,ESLICARBAZEPINE ACETATE,Neuromuscular Drugs,161,25,313664.31,12546.57,1948.22,55.35,26,0.901,30,35.1,45,74.9,1159.19,1933.33,311267.51,0,14.88,2396.8,1159.19,1948.22,313664.31,5.89595503701e-05,0,0.453416149068322,0.391304347826086,0.15527950310559,0.347826086956521,0.652173913043478,,,,,rxsummary2016.xlsx,https://www.health.state.mn.us/data/apcd/publicusefiles/docs/rxsummary2016.xlsx,2026-09-19,Drug,ESLICARBAZEPINE ACETATE,161,519,96,99,138,218,985,21,20,85.3,2254.61,62.16,2246.94
2016,MEDICARE,ethosuximide,ETHOSUXIMIDE,Neuromuscular Drugs,490,55,83081.07,1510.56,169.55,4.86,1.14,-0.209,30,34.8,120,147.7,138.37,157.19,77027.54,0,12.29,6022.72,141.06,169.55,83081.07,1.56167672741e-05,0,0.293877551020408,0.473469387755102,0.232653061224489,0.659183673469387,0.340816326530612,0.465306122448979,0.0714285714285714,0.191836734693877,0.271428571428571,rxsummary2016.xlsx,https://www.health.state.mn.us/data/apcd/publicusefiles/docs/rxsummary2016.xlsx,2026-09-19,Drug,ETHOSUXIMIDE,490,741,306,478,548,714,797,1083,20.8,107.8,118.1,30.58,116.18
2016,MEDICARE,felbamate,FELBAMATE,Neuromuscular Drugs,2423,225,2575843.18,11448.19,1063.08,33.24,5.62,0.202,30,31.9,150,188.9,672.36,1041.91,2524562.91,0,21.12,51179.78,680.18,1063.08,2575843.18,0.0004841818175517,0,0.484936029715229,0.399917457697069,0.115146512587701,0.51506397028477,0.484936029715229,0.62979777135782,0.116797358646306,0.0982253404869995,0.155179529508873,rxsummary2016.xlsx,https://www.health.state.mn.us/data/apcd/publicusefiles/docs/rxsummary2016.xlsx,2026-09-19,Drug,FELBAMATE,2423,167,101,140,190,467,495,184,16.1,162.6,2389.22,122.05,2387.72
2016,MEDICARE,lacosamide,LACOSAMIDE,Neuromuscular Drugs,7154,695,5764770.31,8294.63,805.81,28.3,10.07,0.134,30,28.4,60,79.9,712.25,767.91,5493654.72,0,37.54,268581.5,728.71,805.81,5764770.31,0.0010836051620441,0,0.311154598825831,0.395023762929829,0.293821638244338,0.494408722393066,0.505591277606933,0.668017892088342,0.10791165781381,0.0993849594632373,0.12468549063461,rxsummary2016.xlsx,https://www.health.state.mn.us/data/apcd/publicusefiles/docs/rxsummary2016.xlsx,2026-09-19,Drug,LACOSAMIDE,7154,71,119,174,205,341,301,277,14.2,103.4,734.16,124.81,746.89
2016,MEDICARE,lamotrigine,LAMOTRIGINE,Neuromuscular Drugs,73909,8951,4272114.7,477.27,57.8,1.62,0.72,-0.008,30,35.6,60,80.2,6.1,53.95,3988027.34,1.2,3.76,278191.67,7.98,57.8,4272114.7,0.0008030303538259,0,0.289545251593175,0.439621696951656,0.270833051455167,0.635497706639245,0.364502293360754,0.56239429568794,0.0910308622765833,0.164607828545914,0.181967013489561,rxsummary2016.xlsx,https://www.health.state.mn.us/data/apcd/publicusefiles/docs/rxsummary2016.xlsx,2026-09-19,Drug,LAMOTRIGINE,73909,113,524,731,774,810,76,540,20.4,81.2,308.91,22.48,312.98
2016,MEDICARE,levetiracetam,LEVETIRACETAM,Neuromuscular Drugs,68819,9571,4274661.59,446.62,62.11,1.64,0.48,-0.1,30,37.7,62,129,16.88,54.37,3741718.61,1.2,7.66,527595.44,23.19,62.11,4274661.59,0.0008035090933078,0,0.130923146224153,0.28864121826821,0.580435635507635,0.534038564931196,0.465961435068803,0.591944085209026,0.095525944869876,0.137374852874932,0.175155117046164,rxsummary2016.xlsx,https://www.health.state.mn.us/data/apcd/publicusefiles/docs/rxsummary2016.xlsx,2026-09-19,Drug,LEVETIRACETAM,68819,112,536,705,770,902,80,815,24.4,139.3,251.19,29.28,256.39
2016,MEDICARE,methsuximide,METHSUXIMIDE,Neuromuscular Drugs,200,19,64651.6,3402.71,323.25,9.7,3.28,0.259,30,33.3,87,98.2,215.83,304.56,60913.52,0,18.44,3689.26,237.81,323.25,64651.6,1.21525756842e-05,0,0.535,0.18,0.285,0.69,0.31,,,,,rxsummary2016.xlsx,https://www.health.state.mn.us/data/apcd/publicusefiles/docs/rxsummary2016.xlsx,2026-09-19,Drug,METHSUXIMIDE,200,800,180,352,404,542,955,133,20.1,69.7,230.75,52.4,222.75
2016,MEDICARE,oxcarbazepine,OXCARBAZEPINE,Neuromuscular Drugs,16857,2112,959596.32,454.35,56.92,1.68,0.55,-0.008,30,33.8,60,101.8,24.87,51.27,864340.37,0,5.61,94665.91,29.07,56.92,959596.32,0.0001803755344817,0,0.338494394020288,0.386545648691938,0.274959957287773,0.535385893100788,0.464614106899211,0.537877439639318,0.103102568665836,0.184255798777955,0.174764192916889,rxsummary2016.xlsx,https://www.health.state.mn.us/data/apcd/publicusefiles/docs/rxsummary2016.xlsx,2026-09-19,Drug,OXCARBAZEPINE,16857,318,532,733,765,868,211,541,18.4,96.3,157.8,16.83,158.6
2016,MEDICARE,perampanel,PERAMPANEL,Neuromuscular Drugs,367,48,262591.61,5470.65,715.5,24.77,15.45,-0.074,30,28.8,30,46.2,691.17,705.64,258972.53,0,9.51,3491.57,702.57,715.5,262591.61,4.93594035501e-05,0,0.430517711171662,0.378746594005449,0.190735694822888,0.539509536784741,0.460490463215258,0.615803814713896,0.231607629427792,0.0735694822888283,0.0790190735694822,rxsummary2016.xlsx,https://www.health.state.mn.us/data/apcd/publicusefiles/docs/rxsummary2016.xlsx,2026-09-19,Drug,PERAMPANEL,367,546,142,189,220,278,847,721,9.8,37.3,462.71,38.85,457.53
2016,MEDICARE,phenobarbital,PHENOBARBITAL,Central Nervous System Drugs,7966,964,430189.76,446.25,54,1.39,0.51,0.321,30,38.7,60,104.5,31.53,41,326662.69,0,12.9,102837.26,41.46,54,430189.76,8.08628652187e-05,0,0.0915139342204368,0.360281195079086,0.548204870700477,0.562264624654782,0.437735375345217,0.524855636454933,0.0935224704996233,0.182274667336178,0.199347225709264,rxsummary2016.xlsx,https://www.health.state.mn.us/data/apcd/publicusefiles/docs/rxsummary2016.xlsx,2026-09-19,Drug,PHENOBARBITAL,7966,465,537,744,810,887,282,96,24.3,114,41.29,25.99,45.69
2016,MEDICARE,phenytoin,PHENYTOIN,Neuromuscular Drugs,4054,479,170450.01,355.84,42.04,1.36,0.3,-0.001,30,30.7,90,139.6,26.58,37.76,153084.27,0,4.25,17244.99,28.78,42.04,170450.01,3.20395264293e-05,0,0.0853478046373951,0.375925012333497,0.538727183029107,0.496793290577207,0.503206709422792,0.500493339911198,0.082881105081401,0.141095214602861,0.275530340404538,rxsummary2016.xlsx,https://www.health.state.mn.us/data/apcd/publicusefiles/docs/rxsummary2016.xlsx,2026-09-19,Drug,PHENYTOIN,4054,624,565,800,816,992,405,528,19.5,146.2,52.12,11.3,52.68
2016,MEDICARE,phenytoin,PHENYTOIN SODIUM EXTENDED,Neuromuscular Drugs,29159,3493,1758416.86,503.41,60.3,1.5,0.45,0.022,30,40.1,90,131.3,30.1,46.08,1343749.93,1.2,14.14,412594.36,39.31,60.3,1758416.86,0.0003305300097067,0,0.0627593538873075,0.280805240234575,0.656435405878116,0.497856579443739,0.50214342055626,0.500257210466751,0.0928015364038547,0.15525223773106,0.251689015398333,rxsummary2016.xlsx,https://www.health.state.mn.us/data/apcd/publicusefiles/docs/rxsummary2016.xlsx,2026-09-19,Drug,PHENYTOIN SODIUM EXTENDED,29159,231,515,715,793,916,151,484,26.8,116.1,53.7,32.03,63.41
2016,MEDICARE,primidone,PRIMIDONE,Neuromuscular Drugs,14326,2530,333855.35,131.95,23.3,0.51,0.18,-0.141,30,45.6,90,123.7,7.15,14.11,202247.31,4.55,9.13,130849.43,15.49,23.3,333855.35,6.27548646662e-05,0,0.0225464190981432,0.149099539299176,0.82835404160268,0.549909255898366,0.450090744101633,0.538112522686025,0.092489180510959,0.138978081809297,0.230420214993717,rxsummary2016.xlsx,https://www.health.state.mn.us/data/apcd/publicusefiles/docs/rxsummary2016.xlsx,2026-09-19,Drug,PRIMIDONE,14326,508,790,948,1042,1068,230,936,29,125,22.02,13.5,25.63
2016,MEDICARE,rescue_diazepam,DIAZEPAM (ANTICONVULSANT),Neuromuscular Drugs,250,132,120522.97,913.05,482.09,64.38,216.37,0.154,2,7.4,1,2.2,293.11,478.36,119592.38,0,3.72,930.59,296.01,482.09,120522.97,2.26547295753e-05,0,0.496,0.412,0.092,0.56,0.44,0.536,0.084,0.208,0.172,rxsummary2016.xlsx,https://www.health.state.mn.us/data/apcd/publicusefiles/docs/rxsummary2016.xlsx,2026-09-19,Drug,DIAZEPAM (ANTICONVULSANT),250,681,395,261,121,54,922,249,12.6,2.5,532.02,21.96,530.87
2016,MEDICARE,rufinamide,RUFINAMIDE,Neuromuscular Drugs,591,57,1930291.82,33864.76,3266.14,106.36,18.3,0.29,30,30.7,180,178.4,3034.19,3237.03,1913085.36,0,28.08,16596.81,3080.61,3266.14,1930291.82,0.0003628373843057,0,0.353637901861252,0.571912013536379,0.0744500846023688,0.500846023688663,0.499153976311336,0.634517766497461,0.0626057529610829,0.1082910321489,0.194585448392554,rxsummary2016.xlsx,https://www.health.state.mn.us/data/apcd/publicusefiles/docs/rxsummary2016.xlsx,2026-09-19,Drug,RUFINAMIDE,591,214,59,76,89,265,754,109,11.1,95.8,2523.09,184.54,2571.13
2016,MEDICARE,tiagabine,TIAGABINE HCL,Neuromuscular Drugs,527,52,312022.61,6000.43,592.07,20.58,5.69,-0.084,30,28.7,60,103.9,403.73,577.93,304569.69,0,13.55,7142.76,448.73,592.07,312022.61,5.86509596547e-05,0,0.225806451612903,0.573055028462998,0.201138519924098,0.487666034155597,0.512333965844402,0.555977229601518,0.125237191650853,0.197343453510436,0.121442125237191,rxsummary2016.xlsx,https://www.health.state.mn.us/data/apcd/publicusefiles/docs/rxsummary2016.xlsx,2026-09-19,Drug,TIAGABINE HCL,527,521,135,216,248,462,782,755,17.8,97.7,535.81,86.56,553.37
2016,MEDICARE,topiramate,TOPIRAMATE,Neuromuscular Drugs,47564,7648,1684182.55,220.21,35.4,0.91,0.36,-0.023,30,38.8,60,97,6.25,31.62,1504227.84,1.2,3.76,178899.93,8.61,35.4,1684182.55,0.0003165761698846,0,0.278887393827264,0.44119502144479,0.279917584727945,0.732654949121184,0.267345050878815,0.567424943234378,0.0895004625346901,0.161193339500462,0.181881254730468,rxsummary2016.xlsx,https://www.health.state.mn.us/data/apcd/publicusefiles/docs/rxsummary2016.xlsx,2026-09-19,Drug,TOPIRAMATE,47564,238,672,842,909,966,103,579,23.5,94.6,254.3,19.46,258.68
2016,MEDICARE,valproate,DIVALPROEX SODIUM,Neuromuscular Drugs,94889,10227,11247637.4,1099.79,118.53,3.84,1.18,-0.083,30,30.8,64,99.7,59.35,111.03,10536257.17,0,7.42,705022.11,68.21,118.53,11247637.4,0.0021142209128955,0,0.223176553657431,0.38732624434866,0.389497201993908,0.471013499984192,0.528986500015807,0.586959500047423,0.0928137086490531,0.147677813023638,0.172548978279884,rxsummary2016.xlsx,https://www.health.state.mn.us/data/apcd/publicusefiles/docs/rxsummary2016.xlsx,2026-09-19,Drug,DIVALPROEX SODIUM,94889,41,349,560,596,712,58,751,16.3,96.8,188.06,27.37,190.19
2016,MEDICARE,valproate,VALPROATE SODIUM,Neuromuscular Drugs,3179,384,130856.36,340.77,41.16,1.57,0.08,0.692,30,26,473,458.3,23.99,38.84,123495.05,0,2.3,7335.81,25.35,41.16,130856.36,2.45970992003e-05,0,0.280905945265806,0.405158854985844,0.313935199748348,0.462409562755583,0.537590437244416,0.59578483799937,0.0883925762818496,0.135577225542623,0.180245360176156,rxsummary2016.xlsx,https://www.health.state.mn.us/data/apcd/publicusefiles/docs/rxsummary2016.xlsx,2026-09-19,Drug,VALPROATE SODIUM,3179,662,577,809,782,1188,440,31,9.8,300.7,42.61,8.97,43.07
2016,MEDICARE,valproate,VALPROIC ACID,Neuromuscular Drugs,1737,267,67314.77,252.11,38.75,1.06,0.23,-0.161,30,36.3,120,166.5,26.33,32.88,57126.88,0,5.85,10163.77,30.49,38.75,67314.77,1.26531723436e-05,0,0.130109383995394,0.385722510074841,0.484168105929763,0.477259643062751,0.522740356937248,0.538284398388025,0.0990213010938399,0.181922855497985,0.180771445020149,rxsummary2016.xlsx,https://www.health.state.mn.us/data/apcd/publicusefiles/docs/rxsummary2016.xlsx,2026-09-19,Drug,VALPROIC ACID,1737,786,636,825,876,1030,556,985,23.3,132.1,31.65,14.81,34.26
2016,MEDICARE,zonisamide,ZONISAMIDE,Neuromuscular Drugs,6261,787,612312.03,778.03,97.79,2.78,0.73,-0.153,30,35.1,120,133.9,23,93.08,582781.78,0,4.68,29358.45,26.87,97.79,612312.03,0.0001150964289659,0,0.289091199488899,0.440344992812649,0.27056380769845,0.573231113240696,0.426768886759303,0.574828302188148,0.0908800511100463,0.154288452323909,0.180003194377894,rxsummary2016.xlsx,https://www.health.state.mn.us/data/apcd/publicusefiles/docs/rxsummary2016.xlsx,2026-09-19,Drug,ZONISAMIDE,6261,398,426,603,659,804,324,970,20.4,106.1,565.86,57.17,574.74
2016,MINNESOTA HEALTH CARE PROGRAMS,brivaracetam,BRIVARACETAM,Neuromuscular Drugs,25,14,16750.69,1196.47,670.02,24.52,13.21,,30,27.3,60,50.7,907.01,669.3,16732.69,0,0.72,18,909.01,670.02,16750.69,3.1486309385e-06,,,,,,,,,,,rxsummary2016.xlsx,https://www.health.state.mn.us/data/apcd/publicusefiles/docs/rxsummary2016.xlsx,2026-09-19,Drug,BRIVARACETAM,25,910,236,134,179,252,1213,,5.6,20.4,290.57,1.31,291.06
2016,MINNESOTA HEALTH CARE PROGRAMS,carbamazepine,CARBAMAZEPINE,Neuromuscular Drugs,16471,2207,1898774.91,860.34,115.27,3.94,1.07,0.02,30,29.2,90,107.3,86.55,113.22,1864888.13,0,1.85,30572.19,90.06,115.27,1898774.91,0.0003569131436974,0.0740695768320077,0.54659704935948,0.363183777548418,0.0161495962600934,0.494626920041284,0.505373079958715,0.586788901706028,0.0880942262157731,0.143342845000303,0.181774027077894,rxsummary2016.xlsx,https://www.health.state.mn.us/data/apcd/publicusefiles/docs/rxsummary2016.xlsx,2026-09-19,Drug,CARBAMAZEPINE,16471,110,285,465,531,686,166,387,4.9,96.1,86.97,8.83,86.9
2016,MINNESOTA HEALTH CARE PROGRAMS,clobazam,CLOBAZAM,Neuromuscular Drugs,2415,310,2149014.53,6932.3,889.86,31.16,9.36,0.337,30,28.5,60,95,786.82,884.91,2137079.94,0,4.08,9862.09,787.55,889.86,2149014.53,0.00040395074093,0.618219461697722,0.347412008281573,0.0343685300207039,0,0.482401656314699,0.5175983436853,0.556107660455486,0.118840579710144,0.146583850931677,0.178467908902691,rxsummary2016.xlsx,https://www.health.state.mn.us/data/apcd/publicusefiles/docs/rxsummary2016.xlsx,2026-09-19,Drug,CLOBAZAM,2415,92,75,108,150,312,446,53,4.6,86.6,734.43,41.05,732.46
2016,MINNESOTA HEALTH CARE PROGRAMS,eslicarbazepine,ESLICARBAZEPINE ACETATE,Neuromuscular Drugs,71,11,49326.17,4484.19,694.73,23.15,21.63,,30,30,30,32.1,768.59,689.57,48959.47,0,5.16,366.7,768.59,694.73,49326.17,9.271851186e-06,,,,,0.661971830985915,0.338028169014084,,,,,rxsummary2016.xlsx,https://www.health.state.mn.us/data/apcd/publicusefiles/docs/rxsummary2016.xlsx,2026-09-19,Drug,ESLICARBAZEPINE ACETATE,71,721,99,130,185,203,1079,,0,7.7,229.02,8.79,224.5
2016,MINNESOTA HEALTH CARE PROGRAMS,ethosuximide,ETHOSUXIMIDE,Neuromuscular Drugs,1411,198,163116.36,823.82,115.6,3.91,0.53,-0.045,30,29.5,150,214.6,102.86,114.15,161068.77,0,1.06,1498.92,102.86,115.6,163116.36,3.06610186017e-05,0.686038270729978,0.252303330970942,0.0517363571934798,0.0099220411055988,0.601700921332388,0.398299078667611,0.580439404677533,0.138199858256555,0.128277817150956,0.153082919914953,rxsummary2016.xlsx,https://www.health.state.mn.us/data/apcd/publicusefiles/docs/rxsummary2016.xlsx,2026-09-19,Drug,ETHOSUXIMIDE,1411,487,290,464,532,842,533,596,3,181.2,67.68,6.52,66.79
2016,MINNESOTA HEALTH CARE PROGRAMS,felbamate,FELBAMATE,Neuromuscular Drugs,2669,302,2041250.42,6759.1,764.79,26.05,3.11,-0.252,30,29.3,180,245.5,600.14,760.17,2028911.91,0,3.63,9713.06,601.14,764.79,2041250.42,0.000383694297117,0.437991757212439,0.506931434994379,0.0550768077931809,0,0.516298239040839,0.48370176095916,0.576620457100037,0.077182465342825,0.139752716373173,0.206444361183964,rxsummary2016.xlsx,https://www.health.state.mn.us/data/apcd/publicusefiles/docs/rxsummary2016.xlsx,2026-09-19,Drug,FELBAMATE,2669,99,77,124,169,511,425,1055,3.5,197.1,646.67,30.41,645.19
2016,MINNESOTA HEALTH CARE PROGRAMS,lacosamide,LACOSAMIDE,Neuromuscular Drugs,6151,725,4304294.38,5936.95,699.77,24.25,5.85,0.15,30,28.8,60,119.5,729.14,695.01,4275026.82,0,3.65,22504.2,732.35,699.77,4304294.38,0.000809079175459,0.315883596163225,0.518452284181433,0.159323687205332,0.0063404324500081,0.455047959681352,0.544952040318647,0.720370671435538,0.0804747195577954,0.0864900016257519,0.112664607380913,rxsummary2016.xlsx,https://www.health.state.mn.us/data/apcd/publicusefiles/docs/rxsummary2016.xlsx,2026-09-19,Drug,LACOSAMIDE,6151,45,84,129,181,401,298,140,4.3,177.9,376.75,47.02,376.75
2016,MINNESOTA HEALTH CARE PROGRAMS,lamotrigine,LAMOTRIGINE,Neuromuscular Drugs,85431,12468,3322316.66,266.46,38.88,1.33,0.63,-0.049,30,29.2,60,61.1,6.46,37.39,3194336.23,0,1.46,125351.55,7.27,38.88,3322316.66,0.0006244966042231,0.126909435684938,0.600273905256873,0.269363579965118,0.0034530790930692,0.655710456391707,0.344289543608292,0.588966534396179,0.109023656518125,0.137596422844166,0.164413386241528,rxsummary2016.xlsx,https://www.health.state.mn.us/data/apcd/publicusefiles/docs/rxsummary2016.xlsx,2026-09-19,Drug,LAMOTRIGINE,85431,60,488,688,772,797,42,605,3.9,50.2,191.92,16.83,193.12
2016,MINNESOTA HEALTH CARE PROGRAMS,levetiracetam,LEVETIRACETAM,Neuromuscular Drugs,47109,6537,2139202.26,327.24,45.4,1.56,0.28,-0.102,30,29.1,102,158.8,20.87,44.23,2083787.8,0,1.13,53403.35,21.43,45.4,2139202.26,0.0004021063263477,0.281368740580356,0.433547729733172,0.274682120189348,0.0104014094971236,0.479037975758347,0.520962024241652,0.639835275637351,0.08836952599291,0.115349508586469,0.156445689783268,rxsummary2016.xlsx,https://www.health.state.mn.us/data/apcd/publicusefiles/docs/rxsummary2016.xlsx,2026-09-19,Drug,LEVETIRACETAM,47109,93,452,644,737,972,86,780,4.4,167.4,152.98,20.9,154.92
2016,MINNESOTA HEALTH CARE PROGRAMS,methsuximide,METHSUXIMIDE,Neuromuscular Drugs,203,25,41380.48,1655.21,203.84,6.51,2.35,0.344,30,31.2,90,86.4,202.68,202.35,41077.72,0,1.49,302.76,202.68,203.84,41380.48,7.7782980629e-06,,,,,0.403940886699507,0.596059113300492,0.699507389162561,0.113300492610837,0.083743842364532,0.103448275862068,rxsummary2016.xlsx,https://www.health.state.mn.us/data/apcd/publicusefiles/docs/rxsummary2016.xlsx,2026-09-19,Drug,METHSUXIMIDE,203,760,188,344,430,544,893,52,8.4,35.6,147.22,3.4,146.19
2016,MINNESOTA HEALTH CARE PROGRAMS,oxcarbazepine,OXCARBAZEPINE,Neuromuscular Drugs,20600,3004,1582798.87,526.89,76.83,2.66,0.61,-0.01,30,28.8,90,125.3,29.44,75.25,1550267.71,0,1.51,31189.67,30.8,76.83,1582798.87,0.0002975190569231,0.359466019417475,0.460679611650485,0.177718446601941,0.002135922330097,0.48126213592233,0.518737864077669,0.558300970873786,0.113592233009708,0.129660194174757,0.198446601941747,rxsummary2016.xlsx,https://www.health.state.mn.us/data/apcd/publicusefiles/docs/rxsummary2016.xlsx,2026-09-19,Drug,OXCARBAZEPINE,20600,123,372,548,624,809,142,479,4.1,124.7,156.88,12.06,157.29
2016,MINNESOTA HEALTH CARE PROGRAMS,perampanel,PERAMPANEL,Neuromuscular Drugs,270,49,160693.27,3279.45,595.16,20.67,16.32,0.23,30,28.7,30,36.4,692.76,591.43,159686.95,0,1.85,501.59,692.76,595.16,160693.27,3.02055498335e-05,0.162962962962962,0.603703703703703,0.233333333333333,0,0.6,0.4,0.674074074074074,0.125925925925925,0.122222222222222,0.0777777777777777,rxsummary2016.xlsx,https://www.health.state.mn.us/data/apcd/publicusefiles/docs/rxsummary2016.xlsx,2026-09-19,Drug,PERAMPANEL,270,490,122,150,201,230,847,82,4.7,18.7,302.16,4.54,301.57
2016,MINNESOTA HEALTH CARE PROGRAMS,phenobarbital,PHENOBARBITAL,Central Nervous System Drugs,4271,646,206437.78,319.56,48.33,1.7,0.29,0.176,30,28.3,75,163.7,35.95,47.29,202005.26,0,0.97,4175.62,36.69,48.33,206437.78,3.88041555898e-05,0.324280028096464,0.376024350269257,0.287754624209786,0.0119409974244907,0.504331538281432,0.495668461718567,0.622804963708733,0.0732849449777569,0.152891594474361,0.151018496839147,rxsummary2016.xlsx,https://www.health.state.mn.us/data/apcd/publicusefiles/docs/rxsummary2016.xlsx,2026-09-19,Drug,PHENOBARBITAL,4271,439,458,629,717,966,344,112,6.1,218.5,48.66,5.35,48.53
2016,MINNESOTA HEALTH CARE PROGRAMS,phenytoin,PHENYTOIN,Neuromuscular Drugs,1070,155,45192.4,291.56,42.23,1.5,0.24,-0.007,30,28.1,150,173.1,30.2,41.13,44016.87,0,1.05,1123.94,30.43,42.23,45192.4,8.4948255163e-06,0.221495327102803,0.471962616822429,0.294392523364485,0.0121495327102803,0.407476635514018,0.592523364485981,0.505607476635514,0.110280373831775,0.173831775700934,0.210280373831775,rxsummary2016.xlsx,https://www.health.state.mn.us/data/apcd/publicusefiles/docs/rxsummary2016.xlsx,2026-09-19,Drug,PHENYTOIN,1070,746,471,668,749,1000,591,471,6.8,134.8,38.49,2.72,39.05
2016,MINNESOTA HEALTH CARE PROGRAMS,phenytoin,PHENYTOIN SODIUM EXTENDED,Neuromuscular Drugs,8236,989,429068.52,433.84,52.09,1.77,0.48,0.063,30,29.2,90,107.3,41.51,50.4,415109.77,0,1.62,13423.12,42.99,52.09,429068.52,8.06521054856e-05,0.0093491986401165,0.343856240893637,0.622268091306459,0.0245264691597863,0.411486158329286,0.588513841670713,0.631617289946576,0.0642302088392423,0.130403108305002,0.173749392909179,rxsummary2016.xlsx,https://www.health.state.mn.us/data/apcd/publicusefiles/docs/rxsummary2016.xlsx,2026-09-19,Drug,PHENYTOIN SODIUM EXTENDED,8236,309,404,614,707,859,258,273,4.7,52.8,38.4,4.24,38.65
2016,MINNESOTA HEALTH CARE PROGRAMS,primidone,PRIMIDONE,Neuromuscular Drugs,1826,270,35775.37,132.5,19.59,0.66,0.21,0.066,30,29.2,69,92.7,11.28,18.41,33629.98,0,1.16,2125.63,11.45,19.59,35775.37,6.724704285e-06,0.0251916757940854,0.288608981380065,0.648959474260679,0.0372398685651697,0.482475355969331,0.517524644030668,0.515881708652792,0.088170865279299,0.195509309967141,0.200438116100766,rxsummary2016.xlsx,https://www.health.state.mn.us/data/apcd/publicusefiles/docs/rxsummary2016.xlsx,2026-09-19,Drug,PRIMIDONE,1826,781,641,871,961,1034,499,262,4.3,71.3,38.52,2,38.33
2016,MINNESOTA HEALTH CARE PROGRAMS,rescue_diazepam,DIAZEPAM (ANTICONVULSANT),Neuromuscular Drugs,2179,1176,914650.57,777.76,419.75,55.05,257.5,-0.01,2,7.6,1,1.6,319.13,416.2,906907.3,0,3.23,7058.02,319.13,419.75,914650.57,0.0001719270718209,,,,,0.426801284993116,0.573198715006883,0.60761817347407,0.111060119320789,0.112895823772372,0.168425883432767,rxsummary2016.xlsx,https://www.health.state.mn.us/data/apcd/publicusefiles/docs/rxsummary2016.xlsx,2026-09-19,Drug,DIAZEPAM (ANTICONVULSANT),2179,183,296,193,95,39,463,480,9.8,1.2,366.16,25.71,364.71
2016,MINNESOTA HEALTH CARE PROGRAMS,rufinamide,RUFINAMIDE,Neuromuscular Drugs,1023,126,2416422.11,19177.95,2362.09,83.38,9.16,0.268,30,28.3,180,257.8,1996.91,2355.52,2409705.86,0,1.86,1909.13,1996.91,2362.09,2416422.11,0.0004542154034362,,,,,0.367546432062561,0.632453567937438,0.636363636363636,0.10654936461388,0.118279569892473,0.138807429130009,rxsummary2016.xlsx,https://www.health.state.mn.us/data/apcd/publicusefiles/docs/rxsummary2016.xlsx,2026-09-19,Drug,RUFINAMIDE,1023,87,39,57,70,323,604,72,5,236.3,1855.44,31.75,1860.49
2016,MINNESOTA HEALTH CARE PROGRAMS,tiagabine,TIAGABINE HCL,Neuromuscular Drugs,61,14,32116.03,2294,526.49,18.03,4.92,-0.181,30,29.1,60,107,300.67,525.86,32078.03,1,0.52,32,300.67,526.49,32116.03,6.0368573283e-06,,,,,0.737704918032786,0.262295081967213,,,,,rxsummary2016.xlsx,https://www.health.state.mn.us/data/apcd/publicusefiles/docs/rxsummary2016.xlsx,2026-09-19,Drug,TIAGABINE HCL,61,796,150,165,228,433,1108,964,2.9,74.8,376.91,0.5,376.95
2016,MINNESOTA HEALTH CARE PROGRAMS,topiramate,TOPIRAMATE,Neuromuscular Drugs,61326,11196,1224403.39,109.36,19.96,0.68,0.27,-0.075,30,29.2,60,71.5,6.55,19.04,1167836.41,0,0.89,54805.86,6.94,19.96,1224403.39,0.0002301513785426,0.126911913380947,0.552000782702279,0.319244692300166,0.0018426116166063,0.771075889508528,0.228924110491471,0.565779604083096,0.105615888856276,0.137886051593125,0.190718455467501,rxsummary2016.xlsx,https://www.health.state.mn.us/data/apcd/publicusefiles/docs/rxsummary2016.xlsx,2026-09-19,Drug,TOPIRAMATE,61326,144,695,866,957,976,61,686,3.7,50.3,119.85,3.35,120.36
2016,MINNESOTA HEALTH CARE PROGRAMS,valproate,DIVALPROEX SODIUM,Neuromuscular Drugs,53008,7725,4479478.18,579.86,84.5,2.91,0.94,-0.28,30,29,60,89.5,55.93,83.16,4408513.31,0,1.26,67015.86,58.2,84.5,4479478.18,0.0008420085134514,0.151184726833685,0.529920012073649,0.310009809840024,0.0088854512526411,0.380584062782976,0.619415937217023,0.627961817084213,0.0954006942348324,0.127490190159975,0.149147298520977,rxsummary2016.xlsx,https://www.health.state.mn.us/data/apcd/publicusefiles/docs/rxsummary2016.xlsx,2026-09-19,Drug,DIVALPROEX SODIUM,53008,43,348,524,601,711,77,1070,4.5,70.5,95.58,8.45,95.65
2016,MINNESOTA HEALTH CARE PROGRAMS,valproate,VALPROATE SODIUM,Neuromuscular Drugs,2958,369,147523.4,399.79,49.87,1.8,0.11,0.724,30,27.6,450,432.2,38.35,46.87,138660.5,0,2.95,8748.41,40.18,49.87,147523.4,2.77300064297e-05,0.525693035835023,0.376267748478701,0.0801217038539553,0.0179175118323191,0.420216362407031,0.579783637592968,0.637254901960784,0.0946585530764029,0.13657876943881,0.131507775524002,rxsummary2016.xlsx,https://www.health.state.mn.us/data/apcd/publicusefiles/docs/rxsummary2016.xlsx,2026-09-19,Drug,VALPROATE SODIUM,2958,502,419,622,702,1137,411,19,6.5,254.6,41.83,10.2,40.72
2016,MINNESOTA HEALTH CARE PROGRAMS,valproate,VALPROIC ACID,Neuromuscular Drugs,810,153,24827.9,162.27,30.65,1.04,0.21,0.101,30,29.2,120,144.5,23.49,29.73,24086.1,0,0.89,722.22,24.26,30.65,24827.9,4.6669059053e-06,0.0987654320987654,0.418518518518518,0.455555555555555,0.0271604938271604,0.482716049382716,0.517283950617283,0.55679012345679,0.0617283950617283,0.150617283950617,0.230864197530864,rxsummary2016.xlsx,https://www.health.state.mn.us/data/apcd/publicusefiles/docs/rxsummary2016.xlsx,2026-09-19,Drug,VALPROIC ACID,810,840,591,758,847,1033,648,198,3.4,82.7,24.64,1.86,24.45
2016,MINNESOTA HEALTH CARE PROGRAMS,vigabatrin,VIGABATRIN,Neuromuscular Drugs,210,30,2006252.9,66875.09,9553.58,318.95,96.99,0.167,30,29.9,90,98.5,10047.4,9553.58,2006252.9,0,0,0,10047.4,9553.58,2006252.9,0.0003771158054701,0.933333333333333,0.0666666666666666,0,0,0.633333333333333,0.366666666666666,0.514285714285714,0.204761904761904,0.0809523809523809,0.2,rxsummary2016.xlsx,https://www.health.state.mn.us/data/apcd/publicusefiles/docs/rxsummary2016.xlsx,2026-09-19,Drug,VIGABATRIN,210,103,5,16,21,77,887,120,0.7,31.2,3570.03,0,3570.03
2016,MINNESOTA HEALTH CARE PROGRAMS,zonisamide,ZONISAMIDE,Neuromuscular Drugs,6070,878,323473.54,368.42,53.29,1.81,0.5,-0.112,30,29.3,90,105.4,21.7,51.9,315087.52,0,1.26,7660.65,22.7,53.29,323473.54,6.0803393523e-05,0.288797364085667,0.506754530477759,0.200164744645799,0.0042833607907742,0.55156507413509,0.448434925864909,0.604448105436573,0.0843492586490939,0.133443163097199,0.177759472817133,rxsummary2016.xlsx,https://www.health.state.mn.us/data/apcd/publicusefiles/docs/rxsummary2016.xlsx,2026-09-19,Drug,ZONISAMIDE,6070,357,433,610,697,853,302,816,4.4,65.5,229.26,10.77,230.39
2017,COMMERCIAL,brivaracetam,BRIVARACETAM,Neuromuscular Drugs,210,53,365724.56,6900.46,1741.54,48.44,16.31,,30,35.9,75,106.7,1040.01,1661.59,348935.65,0,79.94,16788.91,1042.52,1741.54,365724.56,6.81606225382e-05,0.4,0.38095238095238,0.142857142857142,0.0761904761904761,0.466666666666666,0.533333333333333,,,,,rxsummary2017.xlsx,https://www.health.state.mn.us/data/apcd/publicusefiles/docs/rxsummary2017.xlsx,2026-09-19,Drug,BRIVARACETAM,210,524,138,144,179,341,978,,18.5,90,1458.67,248.03,1437.86
2017,COMMERCIAL,carbamazepine,CARBAMAZEPINE,Neuromuscular Drugs,14530,3002,2655906.72,884.71,182.78,3.81,1.15,-0.031,30,47.9,120,158.2,77.76,138.91,2018400.08,16,43.66,634480.23,113.91,182.78,2655906.72,0.0004949852299738,0.0178251892635925,0.306400550584996,0.564487267721954,0.111286992429456,0.54735030970406,0.452649690295939,0.636958017894012,0.120922229869236,0.0992429456297315,0.142876806607019,rxsummary2017.xlsx,https://www.health.state.mn.us/data/apcd/publicusefiles/docs/rxsummary2017.xlsx,2026-09-19,Drug,CARBAMAZEPINE,14530,161,422,558,697,832,226,748,28.9,128.7,184.09,83.2,201.37
2017,COMMERCIAL,clobazam,CLOBAZAM,Neuromuscular Drugs,1333,205,1892333.39,9230.89,1419.6,43.09,11.41,0.168,30,32.9,90,124.3,1033.82,1356.9,1808756.27,0,61.17,81544.41,1213.97,1419.6,1892333.39,0.0003526769487733,0.678169542385596,0.280570142535633,0.0412603150787696,0,0.552138034508627,0.447861965491372,0.675168792198049,0.142535633908477,0.0607651912978244,0.121530382595648,rxsummary2017.xlsx,https://www.health.state.mn.us/data/apcd/publicusefiles/docs/rxsummary2017.xlsx,2026-09-19,Drug,CLOBAZAM,1333,216,118,163,194,390,598,145,15.9,106.8,954.53,239.73,947.1
2017,COMMERCIAL,eslicarbazepine,ESLICARBAZEPINE ACETATE,Neuromuscular Drugs,41,11,79415.05,7219.55,1936.95,40.1,27.57,-0.376,30,48.2,60,70.2,1672.71,1738.17,71265.11,40,198.77,8149.94,1712.71,1936.95,79415.05,1.48006993211e-05,,,,,,,,,,,rxsummary2017.xlsx,https://www.health.state.mn.us/data/apcd/publicusefiles/docs/rxsummary2017.xlsx,2026-09-19,Drug,ESLICARBAZEPINE ACETATE,41,846,135,131,203,263,1280,1289,29,27.5,808.83,634.34,702.73
2017,COMMERCIAL,ethosuximide,ETHOSUXIMIDE,Neuromuscular Drugs,1268,224,216210.97,965.22,170.51,4.17,0.76,-0.066,30,40.8,180,221.6,92.97,127.67,161892.54,15,42.64,54080.14,127.01,170.51,216210.97,4.02955555262e-05,0.808359621451104,0.118296529968454,0.0638801261829652,0.0094637223974763,0.589116719242902,0.410883280757097,0.714511041009463,0.125394321766561,0.0867507886435331,0.0733438485804416,rxsummary2017.xlsx,https://www.health.state.mn.us/data/apcd/publicusefiles/docs/rxsummary2017.xlsx,2026-09-19,Drug,ETHOSUXIMIDE,1268,652,391,572,671,928,618,865,24,164.5,136.96,74.36,137.77
2017,COMMERCIAL,felbamate,FELBAMATE,Neuromuscular Drugs,1147,193,1090029.43,5647.82,950.33,23.62,3.61,-0.075,30,40.2,180,262.6,588.91,898.62,1030720.12,10,50.2,57586.83,635.75,950.33,1090029.43,0.000203150383266,0.448125544899738,0.412380122057541,0.111595466434176,0.027898866608544,0.554489973844812,0.445510026155187,0.765475152571926,0.09590235396687,0.062772449869224,0.075850043591979,rxsummary2017.xlsx,https://www.health.state.mn.us/data/apcd/publicusefiles/docs/rxsummary2017.xlsx,2026-09-19,Drug,FELBAMATE,1147,298,154,211,274,635,645,899,24,193.8,930.6,203.98,942.46
2017,COMMERCIAL,lacosamide,LACOSAMIDE,Neuromuscular Drugs,4269,646,4179085.16,6469.17,978.93,27.91,9.15,0.038,30,35,60,106.9,777.55,902.33,3852070.61,25,75.84,323773.32,815.83,978.93,4179085.16,0.0007788622293944,0.184118060435699,0.397985476692433,0.331459358163504,0.0864371047083626,0.53993909580698,0.460060904193019,0.708362614195361,0.126493323963457,0.0749590067931599,0.0901850550480206,rxsummary2017.xlsx,https://www.health.state.mn.us/data/apcd/publicusefiles/docs/rxsummary2017.xlsx,2026-09-19,Drug,LACOSAMIDE,4269,111,145,202,248,433,404,497,19.7,122.7,718.8,184.4,714.79
2017,COMMERCIAL,lamotrigine,LAMOTRIGINE,Neuromuscular Drugs,77207,14031,4498296.18,320.59,58.26,1.37,0.68,-0.146,30,42.2,60,84.9,0,47.23,3646960.47,5.57,10.95,846065.9,8.24,58.26,4498296.18,0.0008383540552763,0.0847073451889077,0.530534796067714,0.35242918388229,0.0323286748610877,0.674563187275765,0.325436812724234,0.711995026357713,0.109199943010348,0.0764697501521882,0.102335280479749,rxsummary2017.xlsx,https://www.health.state.mn.us/data/apcd/publicusefiles/docs/rxsummary2017.xlsx,2026-09-19,Drug,LAMOTRIGINE,77207,99,626,839,934,951,61,1104,24.9,80.9,293.89,66.48,308.18
2017,COMMERCIAL,levetiracetam,LEVETIRACETAM,Neuromuscular Drugs,38389,7699,3067534.27,398.43,79.9,1.78,0.49,-0.054,30,44.8,120,161.8,12.24,60.86,2336731.42,10,18.97,728480.17,25.98,79.9,3067534.27,0.0005717008600695,0.164578394852692,0.352158170309203,0.358748599859334,0.124514834978769,0.504649769465211,0.495350230534788,0.673656516189533,0.125608898382349,0.0832790643152986,0.117455521112818,rxsummary2017.xlsx,https://www.health.state.mn.us/data/apcd/publicusefiles/docs/rxsummary2017.xlsx,2026-09-19,Drug,LEVETIRACETAM,38389,136,591,759,868,1039,120,824,27.1,144.7,311.45,71.79,330.3
2017,COMMERCIAL,methsuximide,METHSUXIMIDE,Neuromuscular Drugs,101,16,35723.77,2232.73,353.7,8.19,3.71,0.209,30,43.1,60,95.2,226.71,301.57,30458.93,0,51.85,5236.99,243.55,353.7,35723.77,6.6578913995e-06,,,,,0.584158415841584,0.415841584158415,,,,,rxsummary2017.xlsx,https://www.health.state.mn.us/data/apcd/publicusefiles/docs/rxsummary2017.xlsx,2026-09-19,Drug,METHSUXIMIDE,101,979,261,398,508,628,1123,106,26.1,71.3,251.61,98.85,252.25
2017,COMMERCIAL,oxcarbazepine,OXCARBAZEPINE,Neuromuscular Drugs,11266,2200,1058979.53,481.35,93.99,2.25,0.6,0.046,30,41.6,100,154.4,17.75,75.24,847718.49,10,18.61,209762.81,32.55,93.99,1058979.53,0.000197363567872,0.256257766731759,0.396857802236818,0.301082904313864,0.0458015267175572,0.514113261139712,0.485886738860287,0.661370495295579,0.127019350257411,0.0891176992721462,0.122492455174862,rxsummary2017.xlsx,https://www.health.state.mn.us/data/apcd/publicusefiles/docs/rxsummary2017.xlsx,2026-09-19,Drug,OXCARBAZEPINE,11266,304,551,715,821,978,259,469,24.5,137.8,303.94,42.53,314.22
2017,COMMERCIAL,perampanel,PERAMPANEL,Neuromuscular Drugs,232,44,279842.83,6360.06,1206.21,38.06,17.4,0.107,30,31.6,41,69.2,824.9,1134.49,263203.02,40,71.43,16572.56,839.53,1206.21,279842.83,5.21547185829e-05,0.0775862068965517,0.612068965517241,0.202586206896551,0.107758620689655,0.603448275862068,0.396551724137931,0.853448275862068,0.0862068965517241,0,0.0603448275862068,rxsummary2017.xlsx,https://www.health.state.mn.us/data/apcd/publicusefiles/docs/rxsummary2017.xlsx,2026-09-19,Drug,PERAMPANEL,232,586,149,178,209,334,956,249,15.2,54.1,884.89,148.53,879.89
2017,COMMERCIAL,phenobarbital,PHENOBARBITAL,Central Nervous System Drugs,2600,545,167963.41,308.18,64.6,1.4,0.45,0,30,46,90,142.9,26.51,40.48,105261.32,12,24.02,62464.47,46.8,64.6,167963.41,3.13035870198e-05,0.0911538461538461,0.122692307692307,0.626538461538461,0.159615384615384,0.540384615384615,0.459615384615384,0.587692307692307,0.151153846153846,0.103846153846153,0.157307692307692,rxsummary2017.xlsx,https://www.health.state.mn.us/data/apcd/publicusefiles/docs/rxsummary2017.xlsx,2026-09-19,Drug,PHENOBARBITAL,2600,700,635,814,930,1056,483,641,28.7,143.2,48.78,34.22,54.04
2017,COMMERCIAL,phenytoin,PHENYTOIN,Neuromuscular Drugs,451,108,22399.14,207.39,49.66,1.04,0.5,-0.054,30,47.7,60,98.2,7.32,26.58,11988.94,11.41,23.04,10394.8,30.29,49.66,22399.14,4.1745605674e-06,0.0399113082039911,0.228381374722838,0.556541019955654,0.175166297117516,0.42350332594235,0.576496674057649,0.592017738359201,0.0709534368070953,0.121951219512195,0.215077605321507,rxsummary2017.xlsx,https://www.health.state.mn.us/data/apcd/publicusefiles/docs/rxsummary2017.xlsx,2026-09-19,Drug,PHENYTOIN,451,1049,720,884,1003,1033,837,825,28.2,119.3,61.06,43.47,75.67
2017,COMMERCIAL,phenytoin,PHENYTOIN SODIUM EXTENDED,Neuromuscular Drugs,9041,1672,869645.23,520.12,96.18,1.88,0.49,0.048,30,50.9,150,193,29.29,52.66,476177.57,22.46,43.43,392669.17,61.42,96.18,869645.23,0.0001620770567451,0.0025439663754009,0.188474726247096,0.620949010065258,0.188032297312244,0.363344762747483,0.636655237252516,0.619732330494414,0.114146665191903,0.117575489437009,0.148545514876672,rxsummary2017.xlsx,https://www.health.state.mn.us/data/apcd/publicusefiles/docs/rxsummary2017.xlsx,2026-09-19,Drug,PHENYTOIN SODIUM EXTENDED,9041,345,536,706,859,1036,298,459,29.5,138.2,73.68,64.07,97.42
2017,COMMERCIAL,primidone,PRIMIDONE,Neuromuscular Drugs,3672,909,90558.98,99.62,24.66,0.48,0.16,-0.02,30,50.6,90,148,4.42,12.25,44988.03,9.61,12.4,45541.1,15.53,24.66,90558.98,1.68776098964e-05,0.0095315904139433,0.0762527233115468,0.537037037037037,0.377178649237472,0.497821350762527,0.502178649237472,0.611383442265795,0.137527233115468,0.101579520697167,0.149509803921568,rxsummary2017.xlsx,https://www.health.state.mn.us/data/apcd/publicusefiles/docs/rxsummary2017.xlsx,2026-09-19,Drug,PRIMIDONE,3672,821,929,1064,1178,1233,428,712,29.2,136.8,20.93,13.95,25.85
2017,COMMERCIAL,rescue_diazepam,DIAZEPAM (ANTICONVULSANT),Neuromuscular Drugs,706,454,296209.35,652.44,419.55,41.09,261.9,-0.15,4,10.2,1,1.6,270.3,376.55,265847.46,8,42.14,29751.1,286.89,419.55,296209.35,5.52049709148e-05,,,,,0.502832861189801,0.497167138810198,0.698300283286118,0.155807365439093,0.0764872521246458,0.0694050991501416,rxsummary2017.xlsx,https://www.health.state.mn.us/data/apcd/publicusefiles/docs/rxsummary2017.xlsx,2026-09-19,Drug,DIAZEPAM (ANTICONVULSANT),706,571,491,357,201,78,737,1111,12.1,1.8,538.8,100.88,539.49
2017,COMMERCIAL,rufinamide,RUFINAMIDE,Neuromuscular Drugs,359,58,1246156.49,21485.45,3471.18,97.43,13.14,0.083,30,35.6,180,264.1,2409.18,3410.02,1224200.2,0,56.61,20324.08,2444.8,3471.18,1246156.49,0.0002322480123797,0.523676880222841,0.476323119777158,0,0,0.434540389972144,0.565459610027855,0.754874651810584,0.0947075208913649,0.075208913649025,0.075208913649025,rxsummary2017.xlsx,https://www.health.state.mn.us/data/apcd/publicusefiles/docs/rxsummary2017.xlsx,2026-09-19,Drug,RUFINAMIDE,359,274,87,93,122,365,885,325,17.8,225.4,3281.72,234.58,3287.29
2017,COMMERCIAL,tiagabine,TIAGABINE HCL,Neuromuscular Drugs,113,22,86132.23,3915.1,762.23,13.7,5.32,0.035,30,55.6,90,143,401.54,729.92,82481.45,15,29.53,3338.01,452.38,762.23,86132.23,1.60525900076e-05,,,,,0.566371681415929,0.43362831858407,,,,,rxsummary2017.xlsx,https://www.health.state.mn.us/data/apcd/publicusefiles/docs/rxsummary2017.xlsx,2026-09-19,Drug,TIAGABINE HCL,113,830,187,241,384,555,1103,510,31.1,119,704.64,46.41,701.15
2017,COMMERCIAL,topiramate,TOPIRAMATE,Neuromuscular Drugs,66431,16968,1715768.45,101.11,25.82,0.55,0.23,0.048,30,46.7,90,108.6,0,16.63,1104757.83,5.45,9.18,610002.15,8.44,25.82,1715768.45,0.0003197702819943,0.0506239556833406,0.454336078035856,0.464557209736418,0.0304827565443843,0.843356264394635,0.156643735605364,0.639490599268413,0.138625039514684,0.0929234845177703,0.128960876699131,rxsummary2017.xlsx,https://www.health.state.mn.us/data/apcd/publicusefiles/docs/rxsummary2017.xlsx,2026-09-19,Drug,TOPIRAMATE,66431,230,920,1058,1151,1165,72,459,27.3,88.9,118.24,24.7,125.08
2017,COMMERCIAL,valproate,DIVALPROEX SODIUM,Neuromuscular Drugs,26680,5335,2642931.55,495.39,99.06,2.4,0.81,-0.197,30,41.2,90,121,33.1,76.96,2053294.52,10,21.96,586013.17,52.73,99.06,2642931.55,0.0004925670285144,0.0938905547226386,0.365704647676161,0.403785607196401,0.136619190404797,0.44527736131934,0.554722638680659,0.686581709145427,0.12511244377811,0.0804722638680659,0.107833583208395,rxsummary2017.xlsx,https://www.health.state.mn.us/data/apcd/publicusefiles/docs/rxsummary2017.xlsx,2026-09-19,Drug,DIVALPROEX SODIUM,26680,162,546,699,809,913,156,1188,25.7,107.6,150.69,54.47,163.76
2017,COMMERCIAL,valproate,VALPROATE SODIUM,Neuromuscular Drugs,630,134,23477.42,175.2,37.26,1.22,0.09,-0.022,30,30.3,385.5,384.3,20.63,30.58,19267.95,0,6.67,4205.07,25.05,37.26,23477.42,4.3755211922e-06,0.511111111111111,0.246031746031746,0.0507936507936507,0.192063492063492,0.476190476190476,0.523809523809523,0.747619047619047,0.103174603174603,0.0539682539682539,0.0952380952380952,rxsummary2017.xlsx,https://www.health.state.mn.us/data/apcd/publicusefiles/docs/rxsummary2017.xlsx,2026-09-19,Drug,VALPROATE SODIUM,630,1038,767,962,957,1309,761,724,14.7,236.8,36.49,14.33,35.67
2017,COMMERCIAL,valproate,VALPROIC ACID,Neuromuscular Drugs,391,104,17281.22,166.16,44.19,1.15,0.25,0.274,30,38.2,120,170.5,14.07,26.57,10390.27,12,17.61,6889.32,30.65,44.19,17281.22,3.2207263122e-06,0.102301790281329,0.278772378516624,0.478260869565217,0.140664961636828,0.345268542199488,0.654731457800511,0.501278772378516,0.145780051150895,0.0869565217391304,0.265984654731457,rxsummary2017.xlsx,https://www.health.state.mn.us/data/apcd/publicusefiles/docs/rxsummary2017.xlsx,2026-09-19,Drug,VALPROIC ACID,391,1081,780,920,975,1153,865,86,23.1,144.2,33.83,28.42,39.95
2017,COMMERCIAL,vigabatrin,VIGABATRIN,Neuromuscular Drugs,182,27,2726614.08,100985.7,14981.39,500.02,124.6,-0.202,30,29.9,90,120.2,11655.66,14789.48,2691686.47,0,191.9,34927.61,11655.66,14981.39,2726614.08,0.0005081630643408,0.934065934065934,0.0659340659340659,0,0,0.703296703296703,0.296703296703296,,,,,rxsummary2017.xlsx,https://www.health.state.mn.us/data/apcd/publicusefiles/docs/rxsummary2017.xlsx,2026-09-19,Drug,VIGABATRIN,182,157,6,12,17,129,1002,1195,0.4,72.5,9145.39,797.71,9099.71
2017,COMMERCIAL,zonisamide,ZONISAMIDE,Neuromuscular Drugs,4740,1028,422567.51,411.05,89.14,2.13,0.61,0.044,30,41.6,90,144.7,10.55,75.37,357273.81,10,13.69,64896.5,23.28,89.14,422567.51,7.8754526483e-05,0.168776371308016,0.460337552742616,0.326160337552742,0.0447257383966244,0.679113924050632,0.320886075949367,0.690717299578059,0.128270042194092,0.0898734177215189,0.0911392405063291,rxsummary2017.xlsx,https://www.health.state.mn.us/data/apcd/publicusefiles/docs/rxsummary2017.xlsx,2026-09-19,Drug,ZONISAMIDE,4740,487,581,731,835,976,392,475,24.6,129.7,578.89,40.82,585.4
2017,MEDICARE,brivaracetam,BRIVARACETAM,Neuromuscular Drugs,260,38,354990.21,9341.84,1365.34,50.42,17.01,,30,27,60,80.2,1041.49,1349.33,350828.19,0,15.77,4102.65,1041.49,1365.34,354990.21,6.61600459881e-05,0,0.423076923076923,0.469230769230769,0.107692307692307,0.615384615384615,0.384615384615384,,,,,rxsummary2017.xlsx,https://www.health.state.mn.us/data/apcd/publicusefiles/docs/rxsummary2017.xlsx,2026-09-19,Drug,BRIVARACETAM,260,508,125,139,158,291,890,,7,58.6,1022.46,77.49,1015.85
2017,MEDICARE,carbamazepine,CARBAMAZEPINE,Neuromuscular Drugs,33633,4448,4814471.47,1082.39,143.14,3.76,1.07,0.049,30,38,90,132.8,81.08,125.36,4216549.06,0,17.6,592177.08,91.5,143.14,4814471.47,0.0008972801077066,0,0.175482413106175,0.386525139000386,0.437992447893437,0.526982427972526,0.473017572027473,0.535426515624535,0.0918443195670918,0.153985668837153,0.218743495971218,rxsummary2017.xlsx,https://www.health.state.mn.us/data/apcd/publicusefiles/docs/rxsummary2017.xlsx,2026-09-19,Drug,CARBAMAZEPINE,33633,97,376,540,620,753,135,484,24,125.3,162.82,51.84,173.46
2017,MEDICARE,clobazam,CLOBAZAM,Neuromuscular Drugs,998,108,1306143.91,12093.92,1308.76,42.54,15.49,0.245,30,30.7,60,84.4,1039.01,1301.9,1299300.74,0,6.83,6818.12,1039.01,1308.76,1306143.91,0.0002434279558094,0,0.57815631262525,0.374749498997995,0.0470941883767535,0.528056112224448,0.471943887775551,0.627254509018036,0.064128256513026,0.140280561122244,0.168336673346693,rxsummary2017.xlsx,https://www.health.state.mn.us/data/apcd/publicusefiles/docs/rxsummary2017.xlsx,2026-09-19,Drug,CLOBAZAM,998,283,108,140,178,301,650,90,10.4,76.8,977.59,67.93,979.36
2017,MEDICARE,eslicarbazepine,ESLICARBAZEPINE ACETATE,Neuromuscular Drugs,112,14,162917.39,11636.95,1454.61,40.89,28.26,-0.253,30,35.5,30,51.4,855.17,1435.05,160725.85,0,19.43,2176.35,855.17,1454.61,162917.39,3.0363152873e-05,0,0.473214285714285,0.410714285714285,0.116071428571428,0.428571428571428,0.571428571428571,0.857142857142857,0,0.142857142857142,0,rxsummary2017.xlsx,https://www.health.state.mn.us/data/apcd/publicusefiles/docs/rxsummary2017.xlsx,2026-09-19,Drug,ESLICARBAZEPINE ACETATE,112,644,109,135,183,228,1030,1149,21.6,39.9,1195.7,59.18,1179.33
2017,MEDICARE,ethosuximide,ETHOSUXIMIDE,Neuromuscular Drugs,470,57,84389.23,1480.51,179.55,4.86,1.26,0.058,30,36.9,112,141.4,151.88,169.02,79440.21,0,10.49,4930.64,154.15,179.55,84389.23,1.57277445417e-05,0,0.263829787234042,0.52127659574468,0.214893617021276,0.702127659574468,0.297872340425531,0.523404255319148,0.0425531914893617,0.168085106382978,0.26595744680851,rxsummary2017.xlsx,https://www.health.state.mn.us/data/apcd/publicusefiles/docs/rxsummary2017.xlsx,2026-09-19,Drug,ETHOSUXIMIDE,470,754,329,489,558,710,789,455,20.4,104.5,129.04,35.12,129.94
2017,MEDICARE,felbamate,FELBAMATE,Neuromuscular Drugs,2133,204,2118211.36,10383.38,993.06,29.21,5.57,-0.065,30,33.9,150,178.2,669.96,975.71,2081206.23,0,17.26,36828.43,671.16,993.06,2118211.36,0.0003947741572651,0,0.448663853727144,0.407407407407407,0.143928738865447,0.529770276605719,0.47022972339428,0.602906704172526,0.116268166901078,0.114392873886544,0.166432255039849,rxsummary2017.xlsx,https://www.health.state.mn.us/data/apcd/publicusefiles/docs/rxsummary2017.xlsx,2026-09-19,Drug,FELBAMATE,2133,196,116,172,223,483,508,927,18.2,131.3,1482.61,93.54,1483.57
2017,MEDICARE,lacosamide,LACOSAMIDE,Neuromuscular Drugs,7686,765,6510799.17,8510.84,847.09,29.65,10.64,0.051,30,28.5,60,79.5,769.63,804.62,6184382.73,0,41.67,320281.19,785.02,847.09,6510799.17,0.001213427188616,0,0.277387457715326,0.401769450949778,0.320843091334894,0.504423627374447,0.495576372625552,0.679156908665105,0.0912047879260994,0.107338017174082,0.122300286234712,rxsummary2017.xlsx,https://www.health.state.mn.us/data/apcd/publicusefiles/docs/rxsummary2017.xlsx,2026-09-19,Drug,LACOSAMIDE,7686,68,129,191,220,359,290,482,14.7,102.2,768.26,143.59,780.15
2017,MEDICARE,lamotrigine,LAMOTRIGINE,Neuromuscular Drugs,72152,8904,3955550.91,444.24,54.82,1.49,0.68,-0.051,30,36.5,60,80.3,6.09,50.8,3665890.31,1.12,3.96,286034.58,8,54.82,3955550.91,0.0007372018234358,0,0.271232952655505,0.427874487193702,0.300892560150792,0.638194367446501,0.361805632553498,0.55922219758288,0.0936910965738995,0.167770817163765,0.179315888679454,rxsummary2017.xlsx,https://www.health.state.mn.us/data/apcd/publicusefiles/docs/rxsummary2017.xlsx,2026-09-19,Drug,LAMOTRIGINE,72152,116,549,773,814,842,79,888,21.7,79.4,296.88,28.89,302.69
2017,MEDICARE,levetiracetam,LEVETIRACETAM,Neuromuscular Drugs,68075,9750,4193523.87,430.1,61.6,1.59,0.46,-0.008,30,38.6,62,133.2,16.4,52.9,3601524.9,1.2,8.6,586011.59,23.81,61.6,4193523.87,0.0007815531929497,0,0.116415717958134,0.283143591626882,0.600440690414983,0.53571795813441,0.464282041865589,0.586074182886522,0.0951303709144326,0.13839147998531,0.180403966213734,rxsummary2017.xlsx,https://www.health.state.mn.us/data/apcd/publicusefiles/docs/rxsummary2017.xlsx,2026-09-19,Drug,LEVETIRACETAM,68075,110,555,732,797,938,80,722,25.5,142.8,253.52,29.31,258.32
2017,MEDICARE,methsuximide,METHSUXIMIDE,Neuromuscular Drugs,181,20,70181.85,3509.09,387.74,11.51,3.91,0.199,30,33.6,90,99,336.63,378.33,68478.03,0,9.26,1677.82,339.69,387.74,70181.85,1.30798942977e-05,0,0.580110497237569,0.259668508287292,0.160220994475138,0.740331491712707,0.259668508287292,,,,,rxsummary2017.xlsx,https://www.health.state.mn.us/data/apcd/publicusefiles/docs/rxsummary2017.xlsx,2026-09-19,Drug,METHSUXIMIDE,181,792,194,337,391,529,951,132,17.7,60.2,239.5,35.57,238.17
2017,MEDICARE,oxcarbazepine,OXCARBAZEPINE,Neuromuscular Drugs,16205,2118,933894.15,440.93,57.63,1.64,0.55,0.012,30,35.1,62,104.2,24.27,51.13,828573.87,0,6.46,104716.39,28.79,57.63,933894.15,0.0001740512221788,0,0.331317494600431,0.372786177105831,0.295896328293736,0.526380746683122,0.473619253316877,0.529342795433508,0.0995988892317186,0.181610614008022,0.189447701326751,rxsummary2017.xlsx,https://www.health.state.mn.us/data/apcd/publicusefiles/docs/rxsummary2017.xlsx,2026-09-19,Drug,OXCARBAZEPINE,16205,327,550,759,788,899,214,629,20.1,95.8,176.44,21.39,178.54
2017,MEDICARE,perampanel,PERAMPANEL,Neuromuscular Drugs,238,35,228685.16,6533.86,960.86,30.52,16.19,0.342,30,31.4,42,59.3,772.09,940.38,223812.74,0,19.33,4600.61,777.67,960.86,228685.16,4.26203886084e-05,0,0.394957983193277,0.323529411764705,0.281512605042016,0.752100840336134,0.247899159663865,0.634453781512605,0.193277310924369,0.11344537815126,0.0588235294117647,rxsummary2017.xlsx,https://www.health.state.mn.us/data/apcd/publicusefiles/docs/rxsummary2017.xlsx,2026-09-19,Drug,PERAMPANEL,238,584,144,176,215,297,905,60,15.3,52.6,832.66,58.55,822.97
2017,MEDICARE,phenobarbital,PHENOBARBITAL,Central Nervous System Drugs,7716,934,421093.09,450.84,54.57,1.38,0.48,0.01,30,39.2,62,111.5,31.65,40.27,310785.52,0,14.2,109635.26,41.24,54.57,421093.09,7.84797366656e-05,0,0.0900725764644893,0.341627786417833,0.568299637117677,0.548081907724209,0.45191809227579,0.504924831518921,0.0930533955417314,0.180015552099533,0.222006220839813,rxsummary2017.xlsx,https://www.health.state.mn.us/data/apcd/publicusefiles/docs/rxsummary2017.xlsx,2026-09-19,Drug,PHENOBARBITAL,7716,478,547,774,830,916,288,637,25,122.8,41.13,28.79,47.29
2017,MEDICARE,phenytoin,PHENYTOIN,Neuromuscular Drugs,3624,442,153924.77,348.24,42.47,1.38,0.3,0.01,30,30.5,90,137,25.26,37.19,134802.89,0,5.24,18997.76,28.71,42.47,153924.77,2.8687185097e-05,0,0.0687086092715231,0.371688741721854,0.559602649006622,0.506622516556291,0.493377483443708,0.498620309050772,0.0902317880794701,0.144315673289183,0.266832229580573,rxsummary2017.xlsx,https://www.health.state.mn.us/data/apcd/publicusefiles/docs/rxsummary2017.xlsx,2026-09-19,Drug,PHENYTOIN,3624,658,589,828,829,1004,418,639,20.3,144.6,56.87,13.5,57.53
2017,MEDICARE,phenytoin,PHENYTOIN SODIUM EXTENDED,Neuromuscular Drugs,25792,3212,1762911.16,548.85,68.35,1.66,0.5,0.133,30,41.1,90,136.2,31.29,50.98,1314987.08,1.2,17.3,446278.46,41.9,68.35,1762911.16,0.0003285563379861,0,0.0553272332506203,0.264190446650124,0.680482320099255,0.510313275434243,0.489686724565756,0.491586538461538,0.0902605459057071,0.173348325062034,0.244804590570719,rxsummary2017.xlsx,https://www.health.state.mn.us/data/apcd/publicusefiles/docs/rxsummary2017.xlsx,2026-09-19,Drug,PHENYTOIN SODIUM EXTENDED,25792,227,508,698,786,912,160,218,27.8,120.1,68.36,36.85,80.38
2017,MEDICARE,primidone,PRIMIDONE,Neuromuscular Drugs,14867,2665,908777.53,341,61.12,1.3,0.46,1.623,30,46.9,90,131.4,7.4,51.5,765724.14,4.95,9.58,142468.02,15.42,61.12,908777.53,0.0001693702008789,0,0.0137216654335104,0.136880339005851,0.849397995560637,0.573619425573417,0.426380574426582,0.532252640075334,0.095782605771171,0.147709692607789,0.224255061545705,rxsummary2017.xlsx,https://www.health.state.mn.us/data/apcd/publicusefiles/docs/rxsummary2017.xlsx,2026-09-19,Drug,PRIMIDONE,14867,333,593,735,842,936,228,5,29.7,129.8,650.61,21.83,652.76
2017,MEDICARE,rescue_diazepam,DIAZEPAM (ANTICONVULSANT),Neuromuscular Drugs,293,119,184984.95,1554.49,631.34,84.23,280.28,0.309,2,7.4,2,2.2,347.63,617,180781.47,0,14.34,4203.48,367.38,631.34,184984.95,3.44759163896e-05,0,0.423208191126279,0.433447098976109,0.14334470989761,0.590443686006825,0.409556313993174,0.617747440273037,0.0819112627986348,0.163822525597269,0.136518771331058,rxsummary2017.xlsx,https://www.health.state.mn.us/data/apcd/publicusefiles/docs/rxsummary2017.xlsx,2026-09-19,Drug,DIAZEPAM (ANTICONVULSANT),293,621,320,230,120,58,870,69,10.9,3.1,956.93,57.84,954.19
2017,MEDICARE,rufinamide,RUFINAMIDE,Neuromuscular Drugs,590,53,2302477.94,43442.98,3902.5,132.7,20.52,0.194,30,29.4,180,190.1,3722.83,3876.07,2286881.38,0,25.17,14853.37,3722.83,3902.5,2302477.94,0.0004291161899844,0,0.389830508474576,0.503389830508474,0.106779661016949,0.433898305084745,0.566101694915254,0.581355932203389,0.047457627118644,0.203389830508474,0.167796610169491,rxsummary2017.xlsx,https://www.health.state.mn.us/data/apcd/publicusefiles/docs/rxsummary2017.xlsx,2026-09-19,Drug,RUFINAMIDE,590,186,57,81,90,269,749,135,10.1,111.3,2205.15,215.52,2287.01
2017,MEDICARE,tiagabine,TIAGABINE HCL,Neuromuscular Drugs,500,50,337194.16,6743.88,674.38,22.37,6.11,0.139,30,30.1,60,110.2,338.01,655.32,327662.02,0,18.92,9462.96,359.94,674.38,337194.16,6.28433700538e-05,0,0.192,0.48,0.328,0.57,0.43,0.556,0.058,0.234,0.152,rxsummary2017.xlsx,https://www.health.state.mn.us/data/apcd/publicusefiles/docs/rxsummary2017.xlsx,2026-09-19,Drug,TIAGABINE HCL,500,516,142,220,256,456,780,205,21.3,114,666.11,89.56,673.53
2017,MEDICARE,topiramate,TOPIRAMATE,Neuromuscular Drugs,47339,7877,1661261.32,210.9,35.09,0.86,0.35,-0.008,30,40.5,60,99.6,6.11,31.37,1485174.14,1.2,3.69,174687.78,8.42,35.09,1661261.32,0.0003096117082481,0,0.253638648894146,0.442806142926551,0.303555208179302,0.735355626439088,0.264644373560911,0.55869367751748,0.0986712858319778,0.152305709879803,0.190329326770738,rxsummary2017.xlsx,https://www.health.state.mn.us/data/apcd/publicusefiles/docs/rxsummary2017.xlsx,2026-09-19,Drug,TOPIRAMATE,47339,240,694,865,935,989,106,727,25.1,95.3,236.35,17.21,240.47
2017,MEDICARE,valproate,DIVALPROEX SODIUM,Neuromuscular Drugs,90916,9866,10313633.28,1045.37,113.44,3.68,1.11,-0.042,30,30.7,84,101.9,52.89,105.42,9584930.06,0,7.94,722319.48,58.83,113.44,10313633.28,0.0019221669580951,0,0.208192177394518,0.378822209512077,0.412985613093404,0.47610981565401,0.523890184345989,0.588015310836376,0.0894342030005719,0.153174358748735,0.169376127414316,rxsummary2017.xlsx,https://www.health.state.mn.us/data/apcd/publicusefiles/docs/rxsummary2017.xlsx,2026-09-19,Drug,DIVALPROEX SODIUM,90916,37,382,589,622,743,61,858,17.3,97.7,162.98,28.8,166.03
2017,MEDICARE,valproate,VALPROATE SODIUM,Neuromuscular Drugs,3054,393,190566.1,484.9,62.39,2.39,0.12,0.515,30,26,473,481.9,47.23,59.23,180917.99,0,3.14,9614.03,54.67,62.39,190566.1,3.55160834992e-05,0,0.257039947609692,0.418140144073346,0.324819908316961,0.419122462344466,0.580877537655533,0.572691552062868,0.093320235756385,0.124426981008513,0.209561231172233,rxsummary2017.xlsx,https://www.health.state.mn.us/data/apcd/publicusefiles/docs/rxsummary2017.xlsx,2026-09-19,Drug,VALPROATE SODIUM,3054,614,534,728,711,1136,443,35,11.8,297.5,48.88,11.91,49.21
2017,MEDICARE,valproate,VALPROIC ACID,Neuromuscular Drugs,1524,248,69736.11,281.19,45.75,1.19,0.26,0.18,30,38.2,150,175.1,31.48,39.14,59663.27,0,6.56,10008.64,35.81,45.75,69736.11,1.29968210803e-05,0,0.106299212598425,0.398950131233595,0.494750656167979,0.495406824146981,0.504593175853018,0.58005249343832,0.0682414698162729,0.16272965879265,0.188976377952755,rxsummary2017.xlsx,https://www.health.state.mn.us/data/apcd/publicusefiles/docs/rxsummary2017.xlsx,2026-09-19,Drug,VALPROIC ACID,1524,793,632,814,864,1025,580,151,24.2,132.6,34.77,15.17,36.34
2017,MEDICARE,zonisamide,ZONISAMIDE,Neuromuscular Drugs,6283,802,552331.34,688.69,87.9,2.46,0.63,-0.101,30,35.7,120,137.7,21.2,83.44,524295.34,0,4.43,27849.81,24.97,87.9,552331.34,0.0001029388017632,0,0.267706509629158,0.439439758077351,0.29285373229349,0.569473181601145,0.430526818398854,0.571542256883654,0.10695527614197,0.148177622155021,0.173324844819353,rxsummary2017.xlsx,https://www.health.state.mn.us/data/apcd/publicusefiles/docs/rxsummary2017.xlsx,2026-09-19,Drug,ZONISAMIDE,6283,423,467,647,703,858,323,1001,21.4,112.5,611.68,11.8,612.2
2017,MINNESOTA HEALTH CARE PROGRAMS,brivaracetam,BRIVARACETAM,Neuromuscular Drugs,324,62,272694.33,4398.29,841.64,29.4,12.85,0.256,30,28.6,60,65.4,967.54,837.96,271500.29,0,3.5,1135.26,970.54,841.64,272694.33,5.08224421555e-05,0.296296296296296,0.62037037037037,0.0833333333333333,0,0.570987654320987,0.429012345679012,0.645061728395061,0.0617283950617283,0.145061728395061,0.148148148148148,rxsummary2017.xlsx,https://www.health.state.mn.us/data/apcd/publicusefiles/docs/rxsummary2017.xlsx,2026-09-19,Drug,BRIVARACETAM,324,385,112,129,164,272,798,83,4.9,31.3,520.41,44.85,519.7
2017,MINNESOTA HEALTH CARE PROGRAMS,carbamazepine,CARBAMAZEPINE,Neuromuscular Drugs,15751,2159,1713281.03,793.55,108.77,3.72,0.99,-0.056,30,29.1,90,109.4,76.55,106.7,1680740.54,0,1.82,28708.6,78.2,108.77,1713281.03,0.0003193066978814,0.0596152625230144,0.543394070217763,0.376991937019871,0.0199987302393498,0.499904767951241,0.500095232048758,0.591644974922227,0.0824709542251285,0.136562757920132,0.189321312932512,rxsummary2017.xlsx,https://www.health.state.mn.us/data/apcd/publicusefiles/docs/rxsummary2017.xlsx,2026-09-19,Drug,CARBAMAZEPINE,15751,112,297,453,531,665,169,686,5.5,103.7,90.32,13.11,90.77
2017,MINNESOTA HEALTH CARE PROGRAMS,clobazam,CLOBAZAM,Neuromuscular Drugs,2762,354,2828621.27,7990.45,1024.12,35.79,10.22,0.15,30,28.6,60,100.1,896.28,1010.88,2792077.25,0,5.73,15826.62,896.28,1024.12,2828621.27,0.0005271742939224,0.579652425778421,0.3816075307748,0.0387400434467776,0,0.474293989862418,0.525706010137581,0.549601737871107,0.121288921071687,0.145546705286024,0.18356263577118,rxsummary2017.xlsx,https://www.health.state.mn.us/data/apcd/publicusefiles/docs/rxsummary2017.xlsx,2026-09-19,Drug,CLOBAZAM,2762,75,77,111,138,308,423,148,4.3,89.4,823.27,47.92,820.52
2017,MINNESOTA HEALTH CARE PROGRAMS,ethosuximide,ETHOSUXIMIDE,Neuromuscular Drugs,1385,193,149001.48,772.02,107.58,3.63,0.52,-0.069,30,29.6,150,204.6,98.48,105.53,146159.9,0,1.9,2635.79,101.3,107.58,149001.48,2.77696243203e-05,,,,,0.587003610108303,0.412996389891696,0.55740072202166,0.147292418772563,0.152346570397111,0.142960288808664,rxsummary2017.xlsx,https://www.health.state.mn.us/data/apcd/publicusefiles/docs/rxsummary2017.xlsx,2026-09-19,Drug,ETHOSUXIMIDE,1385,491,300,458,539,799,537,720,3.9,161.6,64.43,11.33,63.28
2017,MINNESOTA HEALTH CARE PROGRAMS,felbamate,FELBAMATE,Neuromuscular Drugs,2846,310,2014057.51,6496.95,707.68,24.08,2.74,-0.074,30,29.3,180,257.8,550.32,695.58,1979623.3,0,9.82,27953.57,554.67,707.68,2014057.51,0.0003753628515115,0.414617006324666,0.530920590302178,0.0544624033731553,0,0.476458186929023,0.523541813070976,0.586788475052705,0.0773014757554462,0.141602248770203,0.194307800421644,rxsummary2017.xlsx,https://www.health.state.mn.us/data/apcd/publicusefiles/docs/rxsummary2017.xlsx,2026-09-19,Drug,FELBAMATE,2846,101,90,144,196,509,416,736,4.6,206.7,600.74,63.9,595.1
2017,MINNESOTA HEALTH CARE PROGRAMS,lacosamide,LACOSAMIDE,Neuromuscular Drugs,6361,735,4987128.94,6785.2,784.01,27.23,6.44,0.12,30,28.7,60,121.6,799.95,777.03,4942727.67,0,2.78,17723.61,799.95,784.01,4987128.94,0.0009294585335719,0.279987423361106,0.560132054708379,0.151705706649897,0.0081748152806162,0.461091023423989,0.53890897657601,0.730545511711994,0.0839490646124823,0.0811193208614997,0.104386102814022,rxsummary2017.xlsx,https://www.health.state.mn.us/data/apcd/publicusefiles/docs/rxsummary2017.xlsx,2026-09-19,Drug,LACOSAMIDE,6361,41,87,131,173,389,293,202,4.4,184.8,402.62,16.06,400.57
2017,MINNESOTA HEALTH CARE PROGRAMS,lamotrigine,LAMOTRIGINE,Neuromuscular Drugs,90974,13315,2910895.98,218.61,31.99,1.09,0.52,-0.177,30,29.1,60,60.5,5.51,30.74,2797320.54,0,1.12,102735.59,6.22,31.99,2910895.98,0.0005425079522711,0.122595466836678,0.605227867302745,0.268955965440675,0.0032207004199001,0.660056719502275,0.339943280497724,0.591894387407391,0.106063270824631,0.131663991909776,0.170378349858201,rxsummary2017.xlsx,https://www.health.state.mn.us/data/apcd/publicusefiles/docs/rxsummary2017.xlsx,2026-09-19,Drug,LAMOTRIGINE,90974,73,511,711,786,797,41,952,4.3,51.6,177.35,10.21,178.45
2017,MINNESOTA HEALTH CARE PROGRAMS,levetiracetam,LEVETIRACETAM,Neuromuscular Drugs,49150,6806,2074408.35,304.79,42.2,1.44,0.26,-0.07,30,29.2,90,159.2,17.28,41.26,2028317.06,0,0.86,42474.41,18.07,42.2,2074408.35,0.0003866105260596,0.273896236012207,0.433753814852492,0.27851475076297,0.0138351983723296,0.478351983723296,0.521648016276703,0.646490335707019,0.0855951169888097,0.115544252288911,0.152370295015259,rxsummary2017.xlsx,https://www.health.state.mn.us/data/apcd/publicusefiles/docs/rxsummary2017.xlsx,2026-09-19,Drug,LEVETIRACETAM,49150,95,456,639,722,941,83,723,4.6,169.9,157.18,4.86,157.93
2017,MINNESOTA HEALTH CARE PROGRAMS,methsuximide,METHSUXIMIDE,Neuromuscular Drugs,203,25,54923.97,2196.95,270.56,9.34,3.19,0.327,30,28.9,90,84.8,323.54,265.97,53992.13,0,2.24,455.14,323.54,270.56,54923.97,1.02362608282e-05,0.246305418719211,0.699507389162561,0.0541871921182266,0,0.399014778325123,0.600985221674876,,,,,rxsummary2017.xlsx,https://www.health.state.mn.us/data/apcd/publicusefiles/docs/rxsummary2017.xlsx,2026-09-19,Drug,METHSUXIMIDE,203,693,169,305,368,490,876,66,4.1,25.3,138.29,4.77,135.66
2017,MINNESOTA HEALTH CARE PROGRAMS,oxcarbazepine,OXCARBAZEPINE,Neuromuscular Drugs,20631,2998,1219663.91,406.82,59.11,2.04,0.46,-0.23,30,28.8,90,127.4,22.49,58.06,1197899.77,0,0.93,19257.79,23.04,59.11,1219663.91,0.0002273105513969,0.356453880083369,0.46299258397557,0.178857059764432,0.0016964761766274,0.483011002859774,0.516988997140225,0.562503029421743,0.108041297077213,0.121613106490233,0.207842567010808,rxsummary2017.xlsx,https://www.health.state.mn.us/data/apcd/publicusefiles/docs/rxsummary2017.xlsx,2026-09-19,Drug,OXCARBAZEPINE,20631,141,413,578,654,830,143,1016,4.5,130.4,149.94,6.78,150.26
2017,MINNESOTA HEALTH CARE PROGRAMS,perampanel,PERAMPANEL,Neuromuscular Drugs,336,50,228341.18,4566.82,679.58,23.71,17.77,0.141,30,28.6,30,38.2,757.41,673.92,226437.36,0,3.31,1113.19,761,679.58,228341.18,4.25562805514e-05,0.107142857142857,0.648809523809523,0.244047619047619,0,0.571428571428571,0.428571428571428,0.589285714285714,0.181547619047619,0.142857142857142,0.0863095238095238,rxsummary2017.xlsx,https://www.health.state.mn.us/data/apcd/publicusefiles/docs/rxsummary2017.xlsx,2026-09-19,Drug,PERAMPANEL,336,411,110,150,199,225,785,161,4.5,23.8,340.35,8.26,338.66
2017,MINNESOTA HEALTH CARE PROGRAMS,phenobarbital,PHENOBARBITAL,Central Nervous System Drugs,4033,613,187205.46,305.39,46.41,1.63,0.29,-0.039,30,28.3,60,156.5,36.49,45.38,183031.94,0,0.95,3866.85,36.7,46.41,187205.46,3.48897560944e-05,0.321844780560376,0.364492933300272,0.303248202330771,0.0104140838085792,0.483758988346144,0.516241011653855,0.64716092239028,0.071410860401686,0.14902058021324,0.132407636994792,rxsummary2017.xlsx,https://www.health.state.mn.us/data/apcd/publicusefiles/docs/rxsummary2017.xlsx,2026-09-19,Drug,PHENOBARBITAL,4033,449,455,621,692,921,364,641,6,212.5,44.74,4.84,44.63
2017,MINNESOTA HEALTH CARE PROGRAMS,phenytoin,PHENYTOIN,Neuromuscular Drugs,1036,135,45268.72,335.32,43.69,1.57,0.24,0.034,30,27.6,180,180.5,25.91,42.41,43943.07,0,1.14,1186.98,26.88,43.69,45268.72,8.4367977275e-06,,,,,0.361969111969111,0.638030888030888,0.55019305019305,0.114864864864864,0.115830115830115,0.219111969111969,rxsummary2017.xlsx,https://www.health.state.mn.us/data/apcd/publicusefiles/docs/rxsummary2017.xlsx,2026-09-19,Drug,PHENYTOIN,1036,735,440,634,701,963,590,433,7.5,127.7,45.25,2.92,45.79
2017,MINNESOTA HEALTH CARE PROGRAMS,phenytoin,PHENYTOIN SODIUM EXTENDED,Neuromuscular Drugs,7278,889,359396.06,404.27,49.38,1.68,0.46,-0.052,30,29.3,90,105.7,32.86,47.84,348223.73,0,1.43,10428.13,33.44,49.38,359396.06,6.69811707132e-05,0.0182742511679032,0.334432536411101,0.627232756251717,0.0200604561692772,0.406155537235504,0.593844462764495,0.625309150865622,0.0651277823577906,0.127370156636438,0.182192910140148,rxsummary2017.xlsx,https://www.health.state.mn.us/data/apcd/publicusefiles/docs/rxsummary2017.xlsx,2026-09-19,Drug,PHENYTOIN SODIUM EXTENDED,7278,337,415,611,687,828,270,669,4.7,53.7,49.05,4,49.46
2017,MINNESOTA HEALTH CARE PROGRAMS,primidone,PRIMIDONE,Neuromuscular Drugs,1921,271,32223.5,118.9,16.77,0.57,0.18,-0.143,30,29.2,60,88.8,9.78,15.66,30086.23,0,1.07,2069,10.85,16.77,32223.5,6.0055409468e-06,0.0130140551795939,0.296720458094742,0.656428943258719,0.0338365434669442,0.466944299843831,0.533055700156168,0.550234252993232,0.0989068193649141,0.145757418011452,0.2051015096304,rxsummary2017.xlsx,https://www.health.state.mn.us/data/apcd/publicusefiles/docs/rxsummary2017.xlsx,2026-09-19,Drug,PRIMIDONE,1921,789,652,867,951,1015,476,888,5.3,64.1,38,2.57,38.5
2017,MINNESOTA HEALTH CARE PROGRAMS,rescue_diazepam,DIAZEPAM (ANTICONVULSANT),Neuromuscular Drugs,2180,1227,925339.55,754.14,424.46,51.19,273.12,0.011,2,8.2,1,1.5,319.13,417.55,910270.61,0,4.49,9792.78,319.13,424.46,925339.55,0.0001724568888325,,,,,0.45137614678899,0.548623853211009,0.596788990825688,0.122477064220183,0.138532110091743,0.142201834862385,rxsummary2017.xlsx,https://www.health.state.mn.us/data/apcd/publicusefiles/docs/rxsummary2017.xlsx,2026-09-19,Drug,DIAZEPAM (ANTICONVULSANT),2180,182,305,208,112,47,458,500,10.3,1,343.82,38.36,342.62
2017,MINNESOTA HEALTH CARE PROGRAMS,rufinamide,RUFINAMIDE,Neuromuscular Drugs,1020,125,2526680.78,20213.44,2477.13,86.58,9.79,0.048,30,28.6,180,252.8,2318.45,2459.72,2508923.43,0,1.04,1070.23,2318.45,2477.13,2526680.78,0.0004709012020417,0.458823529411764,0.483333333333333,0.0578431372549019,0,0.426470588235294,0.573529411764705,0.670588235294117,0.1,0.0774509803921568,0.151960784313725,rxsummary2017.xlsx,https://www.health.state.mn.us/data/apcd/publicusefiles/docs/rxsummary2017.xlsx,2026-09-19,Drug,RUFINAMIDE,1020,83,49,66,78,315,593,390,5.3,228.9,1905.77,6.8,1908.36
2017,MINNESOTA HEALTH CARE PROGRAMS,tiagabine,TIAGABINE HCL,Neuromuscular Drugs,194,24,67191.12,2799.63,346.34,11.87,4.89,-0.342,30,29.1,60,70.7,288.75,344.22,66778.89,0,1.93,375.93,289.25,346.34,67191.12,1.2522507562e-05,,,,,0.649484536082474,0.350515463917525,0.706185567010309,0.0876288659793814,0.0618556701030927,0.144329896907216,rxsummary2017.xlsx,https://www.health.state.mn.us/data/apcd/publicusefiles/docs/rxsummary2017.xlsx,2026-09-19,Drug,TIAGABINE HCL,194,649,146,253,314,429,883,1101,3.5,51.2,242.43,6.11,241.15
2017,MINNESOTA HEALTH CARE PROGRAMS,topiramate,TOPIRAMATE,Neuromuscular Drugs,66255,12006,1091530.4,90.91,16.47,0.56,0.23,-0.174,30,29.2,60,70.2,5.52,15.63,1036211.21,0,0.79,52526.89,6.01,16.47,1091530.4,0.0002034301212459,0.114995094709833,0.551928156365557,0.330118481624028,0.002958267300581,0.769858878575201,0.230141121424798,0.564032903177118,0.102814881895705,0.141423288808391,0.191728926118783,rxsummary2017.xlsx,https://www.health.state.mn.us/data/apcd/publicusefiles/docs/rxsummary2017.xlsx,2026-09-19,Drug,TOPIRAMATE,66255,163,712,869,953,972,55,948,4.1,49.7,103.55,3.4,103.98
2017,MINNESOTA HEALTH CARE PROGRAMS,valproate,DIVALPROEX SODIUM,Neuromuscular Drugs,53149,7498,3340282.26,445.48,62.84,2.16,0.7,-0.256,30,29,60,88.7,39.56,61.54,3270889.24,0,1.14,60738.36,41.37,62.84,3340282.26,0.0006225333029179,0.146286853938926,0.530997761011495,0.315038853035805,0.0076765320137726,0.384936687425915,0.615063312574084,0.622777474646747,0.101262488475794,0.132250841972567,0.14370919490489,rxsummary2017.xlsx,https://www.health.state.mn.us/data/apcd/publicusefiles/docs/rxsummary2017.xlsx,2026-09-19,Drug,DIVALPROEX SODIUM,53149,64,397,567,640,728,75,1047,4.8,69.9,86.75,7.96,87.1
2017,MINNESOTA HEALTH CARE PROGRAMS,valproate,VALPROATE SODIUM,Neuromuscular Drugs,3154,412,125973.96,305.76,39.94,1.43,0.08,-0.199,30,27.8,473,452.7,23.63,37.17,117251.41,0,2.72,8596.82,29.68,39.94,125973.96,2.34779516508e-05,0.507292327203551,0.366835764109067,0.115409004438807,0.0104629042485732,0.400443880786303,0.599556119213696,0.617311350665821,0.108116677235256,0.129676601141407,0.144895370957514,rxsummary2017.xlsx,https://www.health.state.mn.us/data/apcd/publicusefiles/docs/rxsummary2017.xlsx,2026-09-19,Drug,VALPROATE SODIUM,3154,525,454,652,726,1122,400,988,6.7,248.6,37.29,10.8,37.12
2017,MINNESOTA HEALTH CARE PROGRAMS,valproate,VALPROIC ACID,Neuromuscular Drugs,737,133,25568.15,192.24,34.69,1.2,0.24,0.131,30,28.7,120,144.3,27.65,33.85,24952.9,0,0.74,548.6,27.8,34.69,25568.15,4.7651736081e-06,0.112618724559023,0.436906377204884,0.421981004070556,0.0284938941655359,0.416553595658073,0.583446404341926,0.541383989145183,0.0651289009497964,0.139755766621438,0.253731343283582,rxsummary2017.xlsx,https://www.health.state.mn.us/data/apcd/publicusefiles/docs/rxsummary2017.xlsx,2026-09-19,Drug,VALPROIC ACID,737,824,543,693,766,966,658,182,4.6,83.9,23.48,1.63,23.53
2017,MINNESOTA HEALTH CARE PROGRAMS,vigabatrin,VIGABATRIN,Neuromuscular Drugs,125,20,1118913.96,55945.69,8951.31,298.37,97.63,-0.063,30,30,90,91.6,10528.85,8950.41,1118801.7,0,0,0,10528.85,8951.31,1118913.96,0.0002085336354778,1,0,0,0,0.616,0.384,0.56,0.12,0.184,0.136,rxsummary2017.xlsx,https://www.health.state.mn.us/data/apcd/publicusefiles/docs/rxsummary2017.xlsx,2026-09-19,Drug,VIGABATRIN,125,158,15,19,24,85,951,703,0,24.2,2357.2,0,2356.72
2017,MINNESOTA HEALTH CARE PROGRAMS,zonisamide,ZONISAMIDE,Neuromuscular Drugs,6914,1001,454901.11,454.44,65.79,2.24,0.61,0.234,30,29.3,90,107.5,18.05,64.74,447662.45,0,0.74,5124.7,18.75,65.79,454901.11,8.47805869284e-05,0.281168643332369,0.515909748336708,0.199739658663581,0.0031819496673416,0.550621926525889,0.44937807347411,0.60862019091698,0.0944460514897309,0.107029216083309,0.189904541509979,rxsummary2017.xlsx,https://www.health.state.mn.us/data/apcd/publicusefiles/docs/rxsummary2017.xlsx,2026-09-19,Drug,ZONISAMIDE,6914,301,391,559,629,772,277,90,4.6,71.8,327.77,2.97,330.05
2018,COMMERCIAL,brivaracetam,BRIVARACETAM,Neuromuscular Drugs,392,79,650224.79,8230.69,1658.73,48.65,17.75,-0.047,30,34,75,93.4,1097.96,1552.78,608691.92,0,97.44,38196.74,1115.33,1658.73,650224.79,0.0001184895510919,0.198979591836734,0.563775510204081,0.163265306122448,0.0739795918367346,0.59438775510204,0.405612244897959,0.778061224489795,0.0943877551020408,0.0459183673469387,0.0816326530612244,rxsummary2018.xlsx,https://www.health.state.mn.us/data/apcd/publicusefiles/docs/rxsummary2018.xlsx,2026-09-19,Drug,BRIVARACETAM,392,394,129,148,182,326,848,854,17.2,53,971.45,263.61,932.77
2018,COMMERCIAL,carbamazepine,CARBAMAZEPINE,Neuromuscular Drugs,13321,2703,2384461,882.15,179,3.65,1.09,-0.02,30,48.9,120,163.8,71.6,134.27,1788674.8,15,42.68,568594.3,108.45,179,2384461,0.0004345169821752,0.0141130545754823,0.29239546580587,0.580812251332482,0.112679228286164,0.548532392463028,0.451467607536971,0.631409053374371,0.11358006155694,0.10134374296224,0.153667142106448,rxsummary2018.xlsx,https://www.health.state.mn.us/data/apcd/publicusefiles/docs/rxsummary2018.xlsx,2026-09-19,Drug,CARBAMAZEPINE,13321,167,428,551,684,828,231,727,29.1,134.5,185.17,80.26,199.75
2018,COMMERCIAL,clobazam,CLOBAZAM,Neuromuscular Drugs,1353,185,2074714.57,11214.67,1533.41,47.14,11.14,0.08,30,32.5,120,137.6,1109.43,1436.41,1943465.08,0,96.24,130215.75,1240.61,1533.41,2074714.57,0.0003780723248698,,,,,0.549889135254988,0.450110864745011,0.662971175166297,0.184035476718403,0.0436067997043606,0.109386548410938,rxsummary2018.xlsx,https://www.health.state.mn.us/data/apcd/publicusefiles/docs/rxsummary2018.xlsx,2026-09-19,Drug,CLOBAZAM,1353,188,117,153,184,392,598,341,15.5,115,1133.42,360.43,1123.21
2018,COMMERCIAL,ethosuximide,ETHOSUXIMIDE,Neuromuscular Drugs,1212,197,184746.87,937.8,152.43,3.87,0.74,-0.106,30,39.3,150,204.9,83.86,115.7,140231.55,15,36.65,44429.25,119.3,152.43,184746.87,3.36661628849e-05,,,,,0.581683168316831,0.418316831683168,0.689768976897689,0.117161716171617,0.066006600660066,0.127062706270627,rxsummary2018.xlsx,https://www.health.state.mn.us/data/apcd/publicusefiles/docs/rxsummary2018.xlsx,2026-09-19,Drug,ETHOSUXIMIDE,1212,667,404,588,669,915,614,1041,23,150.2,119.71,68.76,121.22
2018,COMMERCIAL,felbamate,FELBAMATE,Neuromuscular Drugs,1159,162,808373.66,4989.96,697.47,19.15,2.71,-0.266,30,36.4,180,257.1,514.74,641.74,743782.06,7,51.07,59200.69,547.19,697.47,808373.66,0.0001473087977589,0.485763589301121,0.397756686798964,0.0802415875754961,0.0362381363244176,0.561691113028472,0.438308886971527,0.694564279551337,0.132873166522864,0.0716134598792062,0.100949094046591,rxsummary2018.xlsx,https://www.health.state.mn.us/data/apcd/publicusefiles/docs/rxsummary2018.xlsx,2026-09-19,Drug,FELBAMATE,1159,352,167,266,309,672,622,1243,22,180.2,571.43,189.19,570.05
2018,COMMERCIAL,lacosamide,LACOSAMIDE,Neuromuscular Drugs,4493,636,4859570.17,7640.83,1081.58,30.58,9.49,0.104,30,35.3,60,113.8,829.71,983.09,4417028.29,25,82.56,370970.89,867.29,1081.58,4859570.17,0.0008855526531729,0.188515468506565,0.41397729801914,0.301135099042955,0.0963721344313376,0.525706654796349,0.47429334520365,0.690852437124415,0.132873358557756,0.0801246383262853,0.0961495659915423,rxsummary2018.xlsx,https://www.health.state.mn.us/data/apcd/publicusefiles/docs/rxsummary2018.xlsx,2026-09-19,Drug,LACOSAMIDE,4493,92,137,197,237,424,387,265,20.6,135.4,777.17,220.19,775
2018,COMMERCIAL,lamotrigine,LAMOTRIGINE,Neuromuscular Drugs,79772,13804,3970675.42,287.64,49.77,1.15,0.58,-0.145,30,42.9,60,84.9,0,39.55,3155667.87,5,10.11,807062.49,7.79,49.77,3970675.42,0.0007235706101697,0.0812064383492954,0.544902973474402,0.341360377074662,0.0325302111016396,0.677706463420749,0.32229353657925,0.704445168730883,0.110026074311788,0.0800907586621872,0.105437998295141,rxsummary2018.xlsx,https://www.health.state.mn.us/data/apcd/publicusefiles/docs/rxsummary2018.xlsx,2026-09-19,Drug,LAMOTRIGINE,79772,111,645,870,958,976,59,1131,25.3,80.9,279,50.54,289.19
2018,COMMERCIAL,levetiracetam,LEVETIRACETAM,Neuromuscular Drugs,37305,7250,2619223.03,361.27,70.21,1.54,0.42,-0.121,30,45.3,120,165.1,9.08,50.98,1902039.52,10,18.58,693129.82,23.48,70.21,2619223.03,0.0004772973374861,0.16919983916365,0.352151186168073,0.352660501273287,0.125988473394987,0.509422329446454,0.490577670553545,0.65964347942635,0.133789036322208,0.0855381316177456,0.121029352633695,rxsummary2018.xlsx,https://www.health.state.mn.us/data/apcd/publicusefiles/docs/rxsummary2018.xlsx,2026-09-19,Drug,LEVETIRACETAM,37305,154,603,780,882,1057,118,1078,27.5,147.1,301.27,64.25,318.53
2018,COMMERCIAL,methsuximide,METHSUXIMIDE,Neuromuscular Drugs,75,15,33937,2262.46,452.49,9.38,4.18,0.279,30,48.2,90,108,266.51,374.33,28075.21,35,78.15,5861.79,396.44,452.49,33937,6.1842918899e-06,,,,,0.44,0.56,,,,,rxsummary2018.xlsx,https://www.health.state.mn.us/data/apcd/publicusefiles/docs/rxsummary2018.xlsx,2026-09-19,Drug,METHSUXIMIDE,75,978,267,345,478,589,1183,68,29.3,81.8,314.87,125.57,325.58
2018,COMMERCIAL,oxcarbazepine,OXCARBAZEPINE,Neuromuscular Drugs,11008,2020,907313.81,449.16,82.42,1.96,0.53,-0.123,30,41.8,95,152.7,15.42,63.11,694810.01,10,18.78,206762.97,30.41,82.42,907313.81,0.0001653385224615,0.258811773255813,0.399527616279069,0.298055959302325,0.0436046511627906,0.510356104651162,0.489643895348837,0.635446947674418,0.13063226744186,0.095657703488372,0.138263081395348,rxsummary2018.xlsx,https://www.health.state.mn.us/data/apcd/publicusefiles/docs/rxsummary2018.xlsx,2026-09-19,Drug,OXCARBAZEPINE,11008,333,563,734,834,1004,258,1084,24.8,136.7,265.58,38.97,276.21
2018,COMMERCIAL,perampanel,PERAMPANEL,Neuromuscular Drugs,249,49,376240.5,7678.37,1511,44.43,22,0.252,30,34,60,68.6,909.11,1362.8,339339.2,15,135.2,33666.81,1075.79,1511,376240.5,6.85617783776e-05,0.180722891566265,0.457831325301204,0.228915662650602,0.132530120481927,0.590361445783132,0.409638554216867,0.550200803212851,0.184738955823293,0.0963855421686746,0.16867469879518,rxsummary2018.xlsx,https://www.health.state.mn.us/data/apcd/publicusefiles/docs/rxsummary2018.xlsx,2026-09-19,Drug,PERAMPANEL,249,505,136,154,190,297,942,84,17.5,58.4,1252.38,393.91,1200.84
2018,COMMERCIAL,phenobarbital,PHENOBARBITAL,Central Nervous System Drugs,2798,599,175105.04,292.32,62.58,1.34,0.48,-0.031,30,46.5,90,129.3,11.47,31.22,87359.08,17.49,30.11,84259.89,44.38,62.58,175105.04,3.19091457333e-05,0.253395282344531,0.11615439599714,0.501786990707648,0.128663330950679,0.536097212294496,0.463902787705503,0.614367405289492,0.155825589706933,0.0886347390993566,0.141172265904217,rxsummary2018.xlsx,https://www.health.state.mn.us/data/apcd/publicusefiles/docs/rxsummary2018.xlsx,2026-09-19,Drug,PHENOBARBITAL,2798,679,641,804,917,1026,469,778,29.4,118.7,46.11,36.44,52.69
2018,COMMERCIAL,phenytoin,PHENYTOIN,Neuromuscular Drugs,395,84,19215.48,228.75,48.64,1,0.54,-0.02,30,48.6,60,88.8,7.29,25.23,9966.03,10,21.9,8653.47,33.26,48.64,19215.48,3.5016099574e-06,,,,,0.379746835443037,0.620253164556962,0.577215189873417,0.0987341772151898,0.0911392405063291,0.232911392405063,rxsummary2018.xlsx,https://www.health.state.mn.us/data/apcd/publicusefiles/docs/rxsummary2018.xlsx,2026-09-19,Drug,PHENYTOIN,395,1061,693,877,990,997,844,725,29.3,95.8,58.93,35.62,65.94
2018,COMMERCIAL,phenytoin,PHENYTOIN SODIUM EXTENDED,Neuromuscular Drugs,7900,1360,807431.41,593.69,102.2,1.99,0.53,0.062,30,51.1,150,192.2,26.09,54.55,430979.25,24.98,46.18,364892.89,63.79,102.2,807431.41,0.0001471370928636,0.0016455696202531,0.167468354430379,0.631898734177215,0.198987341772151,0.346455696202531,0.653544303797468,0.588987341772151,0.129873417721518,0.115316455696202,0.165822784810126,rxsummary2018.xlsx,https://www.health.state.mn.us/data/apcd/publicusefiles/docs/rxsummary2018.xlsx,2026-09-19,Drug,PHENYTOIN SODIUM EXTENDED,7900,354,508,671,829,1008,312,400,29.4,138,84.18,70.39,110.7
2018,COMMERCIAL,primidone,PRIMIDONE,Neuromuscular Drugs,3556,851,83709.15,98.36,23.54,0.45,0.15,-0.045,30,51.5,90,147.5,2.47,10.87,38688.54,8.76,12.06,42918.65,15.09,23.54,83709.15,1.52542009445e-05,0.0039370078740157,0.0950506186726659,0.522778402699662,0.378233970753655,0.492407199100112,0.507592800899887,0.604893138357705,0.141451068616422,0.107142857142857,0.146512935883014,rxsummary2018.xlsx,https://www.health.state.mn.us/data/apcd/publicusefiles/docs/rxsummary2018.xlsx,2026-09-19,Drug,PRIMIDONE,3556,825,914,1058,1177,1233,426,844,30,139,20.96,14.07,25.2
2018,COMMERCIAL,rescue_diazepam,DIAZEPAM (ANTICONVULSANT),Neuromuscular Drugs,592,391,238648.71,610.35,403.12,38.78,264.87,-0.039,7,10.3,1,1.5,272.18,365.56,216411.61,2.5,37.55,22231.37,285.04,403.12,238648.71,4.34886195535e-05,,,,,0.521959459459459,0.47804054054054,0.66554054054054,0.14527027027027,0.0945945945945945,0.0945945945945945,rxsummary2018.xlsx,https://www.health.state.mn.us/data/apcd/publicusefiles/docs/rxsummary2018.xlsx,2026-09-19,Drug,DIAZEPAM (ANTICONVULSANT),592,603,498,371,204,85,751,819,10.9,1.8,554.26,85.32,542.63
2018,COMMERCIAL,rufinamide,RUFINAMIDE,Neuromuscular Drugs,397,72,1364523.57,18951.71,3437.08,104.15,16.77,-0.009,30,33,120,204.8,2601.54,3375.27,1339985.1,0,60.5,24019.14,2654.03,3437.08,1364523.57,0.0002486552154736,,,,,0.380352644836272,0.619647355163727,0.72544080604534,0.120906801007556,0.103274559193954,0.0503778337531486,rxsummary2018.xlsx,https://www.health.state.mn.us/data/apcd/publicusefiles/docs/rxsummary2018.xlsx,2026-09-19,Drug,RUFINAMIDE,397,264,102,103,123,335,842,688,14.4,181.1,3402.29,260.77,3391.16
2018,COMMERCIAL,tiagabine,TIAGABINE HCL,Neuromuscular Drugs,77,21,64110.35,3052.87,832.6,16.24,5.58,0.092,30,51.2,90,149.1,284.67,794.8,61199.77,12,29.32,2257.79,355.84,832.6,64110.35,1.16827391214e-05,,,,,0.532467532467532,0.467532467532467,,,,,rxsummary2018.xlsx,https://www.health.state.mn.us/data/apcd/publicusefiles/docs/rxsummary2018.xlsx,2026-09-19,Drug,TIAGABINE HCL,77,880,228,231,350,541,1173,293,29.7,161.6,938.38,58.32,933.48
2018,COMMERCIAL,topiramate,TOPIRAMATE,Neuromuscular Drugs,69530,17382,1805945.86,103.89,25.97,0.54,0.24,0.005,30,47.4,90,108,0,16.47,1145450.67,5,9.45,657677.26,8.26,25.97,1805945.86,0.0003290949799804,0.0466561196605781,0.449475046742413,0.471580612685171,0.0322882209118366,0.845764418236732,0.154235581763267,0.624061556162807,0.14086006040558,0.0963037537753487,0.138774629656263,rxsummary2018.xlsx,https://www.health.state.mn.us/data/apcd/publicusefiles/docs/rxsummary2018.xlsx,2026-09-19,Drug,TOPIRAMATE,69530,210,902,1032,1137,1151,69,612,27.4,87.8,121.17,30.16,129.21
2018,COMMERCIAL,valproate,DIVALPROEX SODIUM,Neuromuscular Drugs,24886,4837,2065048.33,426.92,82.98,1.99,0.68,-0.162,30,41.5,90,121.3,22.46,58.79,1463250.17,10,21.17,527068.65,42.27,82.98,2065048.33,0.0003763108595182,0.0922607088322751,0.370328698866832,0.396648718154785,0.140761874146106,0.432773446917945,0.567226553082054,0.664550349594149,0.137306115888451,0.0784778590372096,0.119665675480189,rxsummary2018.xlsx,https://www.health.state.mn.us/data/apcd/publicusefiles/docs/rxsummary2018.xlsx,2026-09-19,Drug,DIVALPROEX SODIUM,24886,191,575,731,828,934,156,1162,25.8,108.7,140.23,52.92,157.92
2018,COMMERCIAL,valproate,VALPROATE SODIUM,Neuromuscular Drugs,709,139,24959.56,179.56,35.2,1.1,0.08,-0.055,30,31.9,450,429.9,15.36,23.18,16435.45,0,6.53,4634.72,22.39,35.2,24959.56,4.5483455957e-06,0.571227080394922,0.227080394922425,0.0550070521861777,0.146685472496473,0.49083215796897,0.509167842031029,0.644569816643159,0.153737658674188,0.100141043723554,0.101551480959097,rxsummary2018.xlsx,https://www.health.state.mn.us/data/apcd/publicusefiles/docs/rxsummary2018.xlsx,2026-09-19,Drug,VALPROATE SODIUM,709,1022,750,960,969,1315,726,882,17.8,243.5,28.48,11.3,43.71
2018,COMMERCIAL,valproate,VALPROIC ACID,Neuromuscular Drugs,390,103,18745.32,181.99,48.06,1.15,0.27,0.087,30,41.7,120,172.1,16.43,27.22,10616.48,12,19.57,7634.44,35.57,48.06,18745.32,3.4159333603e-06,0.0461538461538461,0.333333333333333,0.497435897435897,0.123076923076923,0.482051282051282,0.517948717948717,0.592307692307692,0.0974358974358974,0.128205128205128,0.182051282051282,rxsummary2018.xlsx,https://www.health.state.mn.us/data/apcd/publicusefiles/docs/rxsummary2018.xlsx,2026-09-19,Drug,VALPROIC ACID,390,1065,744,882,963,1129,850,315,24.9,138.8,36.48,26,41.93
2018,COMMERCIAL,vigabatrin,VIGABATRIN,Neuromuscular Drugs,83,13,672726.75,51748.21,8105.14,270.71,89.96,-0.458,30,29.9,90,90,7196.14,8065.33,669422.76,0,39.8,3303.99,7196.14,8105.14,672726.75,0.0001225900516882,1,0,0,0,0.53012048192771,0.469879518072289,,,,,rxsummary2018.xlsx,https://www.health.state.mn.us/data/apcd/publicusefiles/docs/rxsummary2018.xlsx,2026-09-19,Drug,VIGABATRIN,83,390,47,57,58,157,1152,1297,0.5,29.8,3850.41,288.32,3818.46
2018,COMMERCIAL,zonisamide,ZONISAMIDE,Neuromuscular Drugs,5193,1079,172170.44,159.56,33.15,0.77,0.24,-0.628,30,42.8,90,133.7,6.41,16.42,85282.35,10,16.34,84869.83,22.58,33.15,172170.44,3.13743776931e-05,0.205661467359907,0.428653957250144,0.313884074715963,0.0518005006739842,0.684190256113999,0.315809743886,0.691122665126131,0.119391488542268,0.0870402464856537,0.102445599845946,rxsummary2018.xlsx,https://www.health.state.mn.us/data/apcd/publicusefiles/docs/rxsummary2018.xlsx,2026-09-19,Drug,ZONISAMIDE,5193,681,782,975,1065,1149,367,1315,25.2,119.7,27.51,32.9,41.2
2018,MEDICARE,brivaracetam,BRIVARACETAM,Neuromuscular Drugs,536,69,713406.35,10339.22,1330.98,45.74,17.43,-0.025,30,29,60,76.3,1106.64,1300,696804.01,0,19.56,10489.46,1114.33,1330.98,713406.35,0.0001300030381149,0,0.307835820895522,0.485074626865671,0.207089552238805,0.557835820895522,0.442164179104477,0.761194029850746,0.0597014925373134,0.0783582089552238,0.100746268656716,rxsummary2018.xlsx,https://www.health.state.mn.us/data/apcd/publicusefiles/docs/rxsummary2018.xlsx,2026-09-19,Drug,BRIVARACETAM,536,367,113,132,169,294,769,720,9.2,50.6,767.53,75.68,780.93
2018,MEDICARE,carbamazepine,CARBAMAZEPINE,Neuromuscular Drugs,32457,4384,4332034.58,988.14,133.46,3.42,1,-0.067,30,38.9,90,132.5,71.9,114.05,3701885.61,0,18.58,603077.53,84.22,133.46,4332034.58,0.0007894205828405,0,0.167421511538343,0.371506916843824,0.461071571617832,0.525649320639615,0.474350679360384,0.526296330529623,0.0898727547216316,0.161906522475891,0.221924392272853,rxsummary2018.xlsx,https://www.health.state.mn.us/data/apcd/publicusefiles/docs/rxsummary2018.xlsx,2026-09-19,Drug,CARBAMAZEPINE,32457,107,379,542,615,744,142,877,24.9,127.4,147.79,49.03,158.11
2018,MEDICARE,clobazam,CLOBAZAM,Neuromuscular Drugs,1207,124,1596692,12876.54,1322.85,44.9,17.19,0.01,30,29.4,60,76.9,1132.09,1313.4,1585285.03,0,8.56,10340.73,1133,1322.85,1596692,0.0002909629426958,0,0.544324772162386,0.410107705053852,0.0455675227837613,0.56255178127589,0.437448218724109,0.620546810273405,0.0671085335542667,0.126760563380281,0.185584092792046,rxsummary2018.xlsx,https://www.health.state.mn.us/data/apcd/publicusefiles/docs/rxsummary2018.xlsx,2026-09-19,Drug,CLOBAZAM,1207,246,108,133,171,297,617,532,8.2,64.7,878.18,67.1,879.02
2018,MEDICARE,eslicarbazepine,ESLICARBAZEPINE ACETATE,Neuromuscular Drugs,170,27,243117.55,9004.35,1430.1,48.76,31.27,-0.016,30,29.3,30,45.7,949.11,1384.01,235283.03,0,46.08,7834.52,949.11,1430.1,243117.55,4.4302969996e-05,0,0.364705882352941,0.329411764705882,0.305882352941176,0.505882352941176,0.494117647058823,,,,,rxsummary2018.xlsx,https://www.health.state.mn.us/data/apcd/publicusefiles/docs/rxsummary2018.xlsx,2026-09-19,Drug,ESLICARBAZEPINE ACETATE,170,571,119,129,163,221,970,685,5.7,26.9,799.52,205.1,862.17
2018,MEDICARE,ethosuximide,ETHOSUXIMIDE,Neuromuscular Drugs,509,65,80971.09,1245.7,159.07,4.17,1.16,-0.114,30,38.1,93,136.3,127.9,148.42,75549.86,0,10.61,5405.06,130.07,159.07,80971.09,1.47552481127e-05,0,0.290766208251473,0.489194499017681,0.220039292730844,0.756385068762278,0.243614931237721,0.532416502946954,0.0333988212180746,0.198428290766208,0.235756385068762,rxsummary2018.xlsx,https://www.health.state.mn.us/data/apcd/publicusefiles/docs/rxsummary2018.xlsx,2026-09-19,Drug,ETHOSUXIMIDE,509,761,342,503,572,714,775,1001,23.5,99.9,105.56,34.07,108.09
2018,MEDICARE,felbamate,FELBAMATE,Neuromuscular Drugs,1885,199,1666447.62,8374.1,884.05,25.26,4.83,-0.109,30,34.9,155,182.8,650.83,855.48,1612583.28,0,24.51,46208,662.31,884.05,1666447.62,0.0003036744114479,0,0.425464190981432,0.462599469496021,0.111936339522546,0.552254641909814,0.447745358090185,0.609549071618037,0.112997347480106,0.120954907161803,0.156498673740053,rxsummary2018.xlsx,https://www.health.state.mn.us/data/apcd/publicusefiles/docs/rxsummary2018.xlsx,2026-09-19,Drug,FELBAMATE,1885,235,125,187,225,501,540,988,19.4,123.2,913.02,119.81,915.93
2018,MEDICARE,lacosamide,LACOSAMIDE,Neuromuscular Drugs,8343,825,7165706.33,8685.7,858.88,28.97,10.67,0.013,30,29.6,60,80.4,820.64,809.01,6749623.75,0,41.41,345533.5,843,858.88,7165706.33,0.0013057966096597,0,0.282392424787246,0.38990770705981,0.327699868152942,0.506052978544887,0.493947021455112,0.670382356466498,0.087378640776699,0.110631667265971,0.13160733549083,rxsummary2018.xlsx,https://www.health.state.mn.us/data/apcd/publicusefiles/docs/rxsummary2018.xlsx,2026-09-19,Drug,LACOSAMIDE,8343,59,123,190,216,367,288,515,15.7,109.6,544.99,141.57,572.35
2018,MEDICARE,lamotrigine,LAMOTRIGINE,Neuromuscular Drugs,73464,9119,3803313.62,417.07,51.77,1.37,0.66,-0.055,30,37.5,60,78,6.17,47.65,3500806.18,1,3.94,289808.29,8.2,51.77,3803313.62,0.0006930725041963,,,,,0.63103016443428,0.368969835565719,0.554271479908526,0.0928890340847217,0.170028857671784,0.182810628334966,rxsummary2018.xlsx,https://www.health.state.mn.us/data/apcd/publicusefiles/docs/rxsummary2018.xlsx,2026-09-19,Drug,LAMOTRIGINE,73464,120,548,758,810,840,79,838,23,74.1,286.75,28.16,293.24
2018,MEDICARE,levetiracetam,LEVETIRACETAM,Neuromuscular Drugs,71021,10263,4153511.58,404.7,58.48,1.5,0.45,-0.05,30,38.8,62,128.6,14.09,48.32,3431737.79,1.25,9.8,696204.15,22.33,58.48,4153511.58,0.0007568885870524,,,,,0.535306458653074,0.464693541346925,0.575393193562467,0.095619605468805,0.144182706523422,0.184804494445304,rxsummary2018.xlsx,https://www.health.state.mn.us/data/apcd/publicusefiles/docs/rxsummary2018.xlsx,2026-09-19,Drug,LEVETIRACETAM,71021,111,556,729,791,933,81,824,26.2,138.2,233.74,33.25,239.75
2018,MEDICARE,methsuximide,METHSUXIMIDE,Neuromuscular Drugs,109,16,42079.88,2629.99,386.05,10.4,4.25,-0.004,30,37.1,80,90.7,278.43,368.14,40128.19,0,17.64,1922.89,283.97,386.05,42079.88,7.6681574862e-06,0,0.431192660550458,0.357798165137614,0.211009174311926,0.8348623853211,0.165137614678899,0.513761467889908,0.192660550458715,0.146788990825688,0.146788990825688,rxsummary2018.xlsx,https://www.health.state.mn.us/data/apcd/publicusefiles/docs/rxsummary2018.xlsx,2026-09-19,Drug,METHSUXIMIDE,109,867,229,325,402,512,1031,622,22.7,52.9,234.93,73.96,240.25
2018,MEDICARE,oxcarbazepine,OXCARBAZEPINE,Neuromuscular Drugs,16197,2177,756255.51,347.38,46.69,1.29,0.45,-0.189,30,36,60,101.8,22.28,38.76,627855.9,0,7.7,124878.78,27.92,46.69,756255.51,0.0001378113804162,0,0.328332407235907,0.361610174723714,0.310057418040377,0.528369451132925,0.471630548867074,0.532444279804902,0.086435759708588,0.178366364141507,0.202753596345002,rxsummary2018.xlsx,https://www.health.state.mn.us/data/apcd/publicusefiles/docs/rxsummary2018.xlsx,2026-09-19,Drug,OXCARBAZEPINE,16197,355,586,786,824,929,220,1086,21.3,92.8,110.48,22.85,113.41
2018,MEDICARE,perampanel,PERAMPANEL,Neuromuscular Drugs,376,49,381689.98,7789.59,1015.13,32.48,20.25,0.056,30,31.2,31,50.1,927.7,994.16,373807.33,0,19.36,7279.4,933.74,1015.13,381689.98,6.95548294713e-05,0,0.364361702127659,0.361702127659574,0.273936170212765,0.63031914893617,0.369680851063829,0.683510638297872,0.162234042553191,0.0744680851063829,0.0797872340425531,rxsummary2018.xlsx,https://www.health.state.mn.us/data/apcd/publicusefiles/docs/rxsummary2018.xlsx,2026-09-19,Drug,PERAMPANEL,376,496,128,167,212,271,838,318,12.8,32,515.68,64.21,502.5
2018,MEDICARE,phenobarbital,PHENOBARBITAL,Central Nervous System Drugs,7417,904,400622.48,443.16,54.01,1.37,0.5,-0.01,30,39.2,60,108,30.57,38.43,285072.3,0,15.03,111504.39,40.95,54.01,400622.48,7.30048723804e-05,0,0.0884454631252527,0.339625185384926,0.57192935148982,0.5326951597681,0.467304840231899,0.492786841040852,0.083996224888769,0.192395847377645,0.230821086692732,rxsummary2018.xlsx,https://www.health.state.mn.us/data/apcd/publicusefiles/docs/rxsummary2018.xlsx,2026-09-19,Drug,PHENOBARBITAL,7417,484,534,754,811,912,301,656,25,126.7,36.49,32.81,46.93
2018,MEDICARE,phenytoin,PHENYTOIN,Neuromuscular Drugs,3458,432,161826.31,374.59,46.79,1.46,0.33,0.101,30,31.9,90,140.6,24.44,40.96,141666.76,0,5.61,19416.45,29.83,46.79,161826.31,2.9489381398e-05,0,0.0870445344129554,0.358877964141122,0.554077501445922,0.513880855986119,0.48611914401388,0.460670908039329,0.0945633314054366,0.151243493348756,0.293522267206477,rxsummary2018.xlsx,https://www.health.state.mn.us/data/apcd/publicusefiles/docs/rxsummary2018.xlsx,2026-09-19,Drug,PHENYTOIN,3458,649,572,784,798,986,424,181,21,141.5,67.51,14.53,68.41
2018,MEDICARE,phenytoin,PHENYTOIN SODIUM EXTENDED,Neuromuscular Drugs,23585,2926,1717384.38,586.93,72.81,1.75,0.53,0.065,30,41.4,90,134.8,31.27,52.28,1233173.22,1.25,20.03,472558.77,41.65,72.81,1717384.38,0.0003129565457487,0,0.05312698749205,0.251006995972016,0.695866016535933,0.503964384142463,0.496035615857536,0.477676489294042,0.0933220267118931,0.175959296162815,0.253042187831248,rxsummary2018.xlsx,https://www.health.state.mn.us/data/apcd/publicusefiles/docs/rxsummary2018.xlsx,2026-09-19,Drug,PHENYTOIN SODIUM EXTENDED,23585,230,487,678,757,893,179,287,28.2,120.8,70.03,43.04,86.12
2018,MEDICARE,primidone,PRIMIDONE,Neuromuscular Drugs,15360,2810,366637.44,130.47,23.86,0.49,0.18,-0.609,30,47.7,90,130.5,7.65,14.25,219003.33,5,9.45,145268.34,15.69,23.86,366637.44,6.68118262287e-05,0,0.0207682291666666,0.117643229166666,0.861588541666666,0.566276041666666,0.433723958333333,0.528450520833333,0.0974609375,0.150716145833333,0.223372395833333,rxsummary2018.xlsx,https://www.health.state.mn.us/data/apcd/publicusefiles/docs/rxsummary2018.xlsx,2026-09-19,Drug,PRIMIDONE,15360,503,803,946,1042,1078,224,1199,30,129.2,20.45,15.36,25.53
2018,MEDICARE,rescue_diazepam,DIAZEPAM (ANTICONVULSANT),Neuromuscular Drugs,212,109,201363.93,1847.37,949.82,125.3,305.09,0.504,3,7.5,2,3.1,511.49,940.1,199302.35,0,9.63,2041.75,511.49,949.82,201363.93,3.66942664118e-05,0,0.382075471698113,0.518867924528301,0.0990566037735849,0.60377358490566,0.396226415094339,0.641509433962264,0.0896226415094339,0.10377358490566,0.165094339622641,rxsummary2018.xlsx,https://www.health.state.mn.us/data/apcd/publicusefiles/docs/rxsummary2018.xlsx,2026-09-19,Drug,DIAZEPAM (ANTICONVULSANT),212,605,288,175,98,55,934,16,10.4,3.5,1071.88,52.8,1068.61
2018,MEDICARE,rufinamide,RUFINAMIDE,Neuromuscular Drugs,637,52,2601823.71,50035.07,4084.49,152.2,22.83,0.046,30,26.8,180,178.8,4059.29,4054.51,2582728.6,0,28.75,18317.32,4065.84,4084.49,2601823.71,0.0004741266838171,0,0.425431711145996,0.486656200941915,0.0879120879120879,0.459968602825745,0.540031397174254,0.615384615384615,0.0408163265306122,0.189952904238618,0.153846153846153,rxsummary2018.xlsx,https://www.health.state.mn.us/data/apcd/publicusefiles/docs/rxsummary2018.xlsx,2026-09-19,Drug,RUFINAMIDE,637,174,45,80,88,264,745,368,6.8,92.4,2121.02,189.34,2140.35
2018,MEDICARE,tiagabine,TIAGABINE HCL,Neuromuscular Drugs,388,52,256064.5,4924.31,659.96,24.03,5.81,-0.021,30,27.4,60,113.5,312.39,644.1,249911.55,0,13.94,5409.72,319.08,659.96,256064.5,4.66622745275e-05,0,0.234536082474226,0.52061855670103,0.244845360824742,0.533505154639175,0.466494845360824,0.43041237113402,0.0360824742268041,0.244845360824742,0.288659793814432,rxsummary2018.xlsx,https://www.health.state.mn.us/data/apcd/publicusefiles/docs/rxsummary2018.xlsx,2026-09-19,Drug,TIAGABINE HCL,388,562,157,223,234,469,829,705,19.1,111.3,655.76,96.71,660.73
2018,MEDICARE,topiramate,TOPIRAMATE,Neuromuscular Drugs,48879,8343,1632256.5,195.64,33.39,0.8,0.34,-0.048,30,41.7,60,95.9,6.34,29.91,1462402.78,1.2,3.4,166626.18,8.58,33.39,1632256.5,0.000297443811627,0,0.234108717445119,0.430859878475418,0.335031404079461,0.729679412426604,0.270320587573395,0.563063892469158,0.0964831522739826,0.150882792201149,0.189570163055708,rxsummary2018.xlsx,https://www.health.state.mn.us/data/apcd/publicusefiles/docs/rxsummary2018.xlsx,2026-09-19,Drug,TOPIRAMATE,48879,241,707,874,943,981,107,811,26.1,85.8,199.65,15.36,201.96
2018,MEDICARE,valproate,DIVALPROEX SODIUM,Neuromuscular Drugs,91251,10020,8315194.04,829.85,91.12,2.96,0.93,-0.196,30,30.7,62,97.7,40.5,82.33,7513053.41,0,7.89,720384.23,48.69,91.12,8315194.04,0.001515266142102,0,0.200282736627543,0.363820670458405,0.43589659291405,0.480444049928219,0.51955595007178,0.580092272961392,0.0844593483907025,0.159987287810544,0.17546109083736,rxsummary2018.xlsx,https://www.health.state.mn.us/data/apcd/publicusefiles/docs/rxsummary2018.xlsx,2026-09-19,Drug,DIVALPROEX SODIUM,91251,50,417,628,651,760,60,1092,18.1,91.9,135.58,26.93,139.91
2018,MEDICARE,valproate,VALPROATE SODIUM,Neuromuscular Drugs,3177,394,160853.24,408.25,50.63,1.97,0.1,-0.188,29,25.5,473,478.9,37.07,47.08,149591.56,0,2.65,8445.53,39.96,50.63,160853.24,2.93120602173e-05,0,0.254013220018885,0.429650613786591,0.316336166194523,0.419263456090651,0.580736543909348,0.563424614416115,0.091910607491344,0.137236386528171,0.207428391564368,rxsummary2018.xlsx,https://www.health.state.mn.us/data/apcd/publicusefiles/docs/rxsummary2018.xlsx,2026-09-19,Drug,VALPROATE SODIUM,3177,650,553,767,725,1165,437,1083,10.4,313.7,38.11,9.28,39.76
2018,MEDICARE,valproate,VALPROIC ACID,Neuromuscular Drugs,1459,238,73969.49,310.79,50.69,1.34,0.3,0.107,30,37.5,140,167.9,35.49,42.93,62644.86,0,7.15,10436.15,43.63,50.69,73969.49,1.34793563693e-05,0,0.0870459218642906,0.384509938313913,0.528444139821795,0.428375599725839,0.57162440027416,0.559972583961617,0.093899931459904,0.143934201507882,0.202193283070596,rxsummary2018.xlsx,https://www.health.state.mn.us/data/apcd/publicusefiles/docs/rxsummary2018.xlsx,2026-09-19,Drug,VALPROIC ACID,1459,776,597,766,816,999,580,174,24,126.8,36.15,17.87,38.7
2018,MEDICARE,zonisamide,ZONISAMIDE,Neuromuscular Drugs,6342,826,582783.82,705.54,91.89,2.49,0.68,0.045,30,36.8,120,134.6,22.56,85.31,541093.66,0,6.22,39498.31,25.85,91.89,582783.82,0.0001061998777614,0,0.271050141911069,0.436928413749605,0.292021444339325,0.563702302112898,0.436297697887101,0.584988962472406,0.100283822138126,0.127562283191422,0.187164932198044,rxsummary2018.xlsx,https://www.health.state.mn.us/data/apcd/publicusefiles/docs/rxsummary2018.xlsx,2026-09-19,Drug,ZONISAMIDE,6342,405,447,625,685,832,328,375,22.7,110.7,522.74,31.65,527.95
2018,MINNESOTA HEALTH CARE PROGRAMS,brivaracetam,BRIVARACETAM,Neuromuscular Drugs,753,116,780072.78,6724.76,1035.95,36.08,11.77,0.23,30,28.7,60,87.9,1048.45,1020.2,768217.55,0,2.2,1661.09,1048.45,1035.95,780072.78,0.0001421515681081,0.272244355909694,0.630810092961487,0.096945551128818,0,0.552456839309428,0.447543160690571,0.715803452855245,0.0584329349269588,0.110225763612217,0.115537848605577,rxsummary2018.xlsx,https://www.health.state.mn.us/data/apcd/publicusefiles/docs/rxsummary2018.xlsx,2026-09-19,Drug,BRIVARACETAM,753,219,95,115,153,300,659,95,4.6,73.4,625.38,6.58,620.35
2018,MINNESOTA HEALTH CARE PROGRAMS,carbamazepine,CARBAMAZEPINE,Neuromuscular Drugs,15436,2015,1518200.15,753.44,98.35,3.34,0.9,-0.095,30,29.3,90,108.6,70.8,96.4,1488177.79,0,1.56,24151.43,72.42,98.35,1518200.15,0.0002766594830094,0.0570743715988598,0.52176729722726,0.398419279606115,0.0227390515677636,0.504340502720912,0.495659497279087,0.576768592899714,0.0858383000777403,0.138960870691889,0.198432236330655,rxsummary2018.xlsx,https://www.health.state.mn.us/data/apcd/publicusefiles/docs/rxsummary2018.xlsx,2026-09-19,Drug,CARBAMAZEPINE,15436,140,316,472,551,684,176,911,5.7,101.5,86.7,7.51,86.84
2018,MINNESOTA HEALTH CARE PROGRAMS,clobazam,CLOBAZAM,Neuromuscular Drugs,2985,382,3328286.06,8712.79,1115,38.79,9.85,0.088,30,28.7,75,113.1,984.66,1099.79,3282885.08,0,12.16,36316.59,984.66,1115,3328286.06,0.000606508898492,0.598324958123953,0.375544388609715,0.0261306532663316,0,0.480402010050251,0.519597989949748,0.57822445561139,0.10217755443886,0.12931323283082,0.190284757118927,rxsummary2018.xlsx,https://www.health.state.mn.us/data/apcd/publicusefiles/docs/rxsummary2018.xlsx,2026-09-19,Drug,CLOBAZAM,2985,64,78,108,145,324,424,289,4.9,99.8,949.57,104.87,945.27
2018,MINNESOTA HEALTH CARE PROGRAMS,eslicarbazepine,ESLICARBAZEPINE ACETATE,Neuromuscular Drugs,71,11,95757.47,8705.22,1348.69,42.46,30.85,,30,31.7,30,43.7,939.7,1326.4,94174.6,3,9.06,643.56,953.94,1348.69,95757.47,1.7449749392e-05,0,0.732394366197183,0.267605633802816,0,0.436619718309859,0.56338028169014,,,,,rxsummary2018.xlsx,https://www.health.state.mn.us/data/apcd/publicusefiles/docs/rxsummary2018.xlsx,2026-09-19,Drug,ESLICARBAZEPINE ACETATE,71,596,79,95,135,187,1055,,12.7,37.2,1069.11,9.63,1091.07
2018,MINNESOTA HEALTH CARE PROGRAMS,ethosuximide,ETHOSUXIMIDE,Neuromuscular Drugs,1463,209,155751.9,745.22,106.46,3.62,0.53,-0.01,30,29.3,140,199.9,95.12,103.79,151851.13,0,1.76,2582.64,96.53,106.46,155751.9,2.83824501873e-05,0.75187969924812,0.215311004784688,0.0328092959671907,0,0.593301435406698,0.406698564593301,0.494190020505809,0.170881749829118,0.158578263841421,0.17634996582365,rxsummary2018.xlsx,https://www.health.state.mn.us/data/apcd/publicusefiles/docs/rxsummary2018.xlsx,2026-09-19,Drug,ETHOSUXIMIDE,1463,496,317,458,536,802,546,654,4.5,156.8,58.39,9.04,57.59
2018,MINNESOTA HEALTH CARE PROGRAMS,felbamate,FELBAMATE,Neuromuscular Drugs,2900,313,1976510.73,6314.73,681.55,23.08,2.6,-0.036,30,29.5,180,261.9,501.67,665.55,1930112.31,0,14.91,43256.63,508.48,681.55,1976510.73,0.0003601767769054,0.426206896551724,0.517586206896551,0.0562068965517241,0,0.490689655172413,0.509310344827586,0.598620689655172,0.0789655172413793,0.130344827586206,0.192068965517241,rxsummary2018.xlsx,https://www.health.state.mn.us/data/apcd/publicusefiles/docs/rxsummary2018.xlsx,2026-09-19,Drug,FELBAMATE,2900,109,101,145,205,520,428,755,6.4,208.1,639.49,68.33,631.04
2018,MINNESOTA HEALTH CARE PROGRAMS,lacosamide,LACOSAMIDE,Neuromuscular Drugs,7032,778,5820283.93,7481.08,827.68,28.87,6.78,0.055,30,28.6,60,121.9,838.42,819.04,5759547.35,0,3.77,26521.66,845.13,827.68,5820283.93,0.0010606221735926,0.256683731513083,0.564419795221843,0.169084186575654,0.0098122866894197,0.457195676905574,0.542804323094425,0.717576791808873,0.074943117178612,0.0873151308304891,0.120164960182025,rxsummary2018.xlsx,https://www.health.state.mn.us/data/apcd/publicusefiles/docs/rxsummary2018.xlsx,2026-09-19,Drug,LACOSAMIDE,7032,37,89,129,174,388,277,418,5.2,183.3,458.11,17.45,454.97
2018,MINNESOTA HEALTH CARE PROGRAMS,lamotrigine,LAMOTRIGINE,Neuromuscular Drugs,98947,13795,3109220.2,225.38,31.42,1.07,0.53,-0.017,30,29.1,56,58.8,5.06,30.36,3004593.09,0,0.87,86726.25,5.53,31.42,3109220.2,0.0005665888342155,0.122702052614025,0.611296956956754,0.262736616572508,0.0032643738567111,0.66242533881775,0.337574661182249,0.574731927193345,0.10637007690986,0.139276582412806,0.179621413483986,rxsummary2018.xlsx,https://www.health.state.mn.us/data/apcd/publicusefiles/docs/rxsummary2018.xlsx,2026-09-19,Drug,LAMOTRIGINE,98947,67,511,712,790,800,40,691,4.8,50.2,199.05,6.44,200.38
2018,MINNESOTA HEALTH CARE PROGRAMS,levetiracetam,LEVETIRACETAM,Neuromuscular Drugs,52566,7092,2059217.37,290.35,39.17,1.35,0.24,-0.071,30,29,90,158.1,15.87,38.12,2003973.7,0,0.94,49562.9,16.87,39.17,2059217.37,0.0003752482918593,0.275139824220979,0.425408058440817,0.285222387094319,0.0142297302438838,0.481318723129018,0.518681276870981,0.636856523227942,0.0818970437164707,0.123730167789065,0.157516265266522,rxsummary2018.xlsx,https://www.health.state.mn.us/data/apcd/publicusefiles/docs/rxsummary2018.xlsx,2026-09-19,Drug,LEVETIRACETAM,52566,105,464,657,734,968,78,853,5.2,169.7,154.57,8.01,155.55
2018,MINNESOTA HEALTH CARE PROGRAMS,methsuximide,METHSUXIMIDE,Neuromuscular Drugs,134,20,35765.76,1788.28,266.9,9.12,3.61,-0.013,30,29.2,80,73.8,261.54,253.91,34025.22,0,1.27,170.9,264.54,266.9,35765.76,6.5175442586e-06,,,,,0.470149253731343,0.529850746268656,,,,,rxsummary2018.xlsx,https://www.health.state.mn.us/data/apcd/publicusefiles/docs/rxsummary2018.xlsx,2026-09-19,Drug,METHSUXIMIDE,134,777,204,304,368,470,957,667,3.8,25.1,149.75,1.97,145.93
2018,MINNESOTA HEALTH CARE PROGRAMS,oxcarbazepine,OXCARBAZEPINE,Neuromuscular Drugs,21516,3044,1076046,353.49,50.01,1.73,0.39,-0.154,30,28.8,84,126.4,20.97,48.86,1051457.67,0,0.94,20398.79,22,50.01,1076046,0.0001960863526817,0.345092024539877,0.468581520728759,0.183956125673917,0.0023703290574456,0.480154303773935,0.519845696226064,0.552379624465514,0.100762223461609,0.141197248559211,0.205660903513664,rxsummary2018.xlsx,https://www.health.state.mn.us/data/apcd/publicusefiles/docs/rxsummary2018.xlsx,2026-09-19,Drug,OXCARBAZEPINE,21516,182,436,610,680,866,140,1008,4.8,128.9,124.26,6.8,124.52
2018,MINNESOTA HEALTH CARE PROGRAMS,perampanel,PERAMPANEL,Neuromuscular Drugs,440,62,377932.38,6095.68,858.93,30.87,20.14,0.263,30,27.8,30,42.6,912.18,850.8,374355.42,0,4.61,2030.57,914.92,858.93,377932.38,6.8870087296e-05,0.134090909090909,0.663636363636363,0.202272727272727,0,0.593181818181818,0.406818181818181,0.647727272727272,0.134090909090909,0.109090909090909,0.109090909090909,rxsummary2018.xlsx,https://www.health.state.mn.us/data/apcd/publicusefiles/docs/rxsummary2018.xlsx,2026-09-19,Drug,PERAMPANEL,440,338,105,126,166,225,754,78,5.8,30.3,579.97,11.94,579.17
2018,MINNESOTA HEALTH CARE PROGRAMS,phenobarbital,PHENOBARBITAL,Central Nervous System Drugs,3946,592,182257.35,307.86,46.18,1.64,0.28,-0.004,30,28,62,163,35.58,44.78,176712.97,0,1.25,4954.61,36.73,46.18,182257.35,3.32125011485e-05,0.340851495184997,0.342625443487075,0.301571211353269,0.0149518499746578,0.490623416117587,0.509376583882412,0.639128231120121,0.0727318803852002,0.151039026862645,0.137100861632032,rxsummary2018.xlsx,https://www.health.state.mn.us/data/apcd/publicusefiles/docs/rxsummary2018.xlsx,2026-09-19,Drug,PHENOBARBITAL,3946,467,451,625,689,932,377,628,7.2,222.1,42.89,5.42,42.63
2018,MINNESOTA HEALTH CARE PROGRAMS,phenytoin,PHENYTOIN,Neuromuscular Drugs,861,113,29765.86,263.41,34.57,1.2,0.16,-0.208,30,28.7,210,205.9,24.11,33.56,28897.21,0,0.81,699.56,25.01,34.57,29765.86,5.4241909006e-06,,,,,0.335656213704994,0.664343786295005,0.590011614401858,0.08130081300813,0.102206736353077,0.226480836236933,rxsummary2018.xlsx,https://www.health.state.mn.us/data/apcd/publicusefiles/docs/rxsummary2018.xlsx,2026-09-19,Drug,PHENYTOIN,861,795,478,691,768,1053,633,1062,6.5,145.7,27.25,2.63,27.2
2018,MINNESOTA HEALTH CARE PROGRAMS,phenytoin,PHENYTOIN SODIUM EXTENDED,Neuromuscular Drugs,6583,753,344660.95,457.71,52.35,1.77,0.49,0.06,30,29.5,90,105.2,32.81,50.76,334166.54,0,1.43,9461.16,33.37,52.35,344660.95,6.28070812932e-05,0.013975391159046,0.339510861309433,0.627069725049369,0.0194440224821509,0.387665198237885,0.612334801762114,0.613853866018532,0.0732188971593498,0.12380373689807,0.189123499924046,rxsummary2018.xlsx,https://www.health.state.mn.us/data/apcd/publicusefiles/docs/rxsummary2018.xlsx,2026-09-19,Drug,PHENYTOIN SODIUM EXTENDED,6583,352,393,598,675,821,294,399,6,56.6,57.65,3.95,58.1
2018,MINNESOTA HEALTH CARE PROGRAMS,primidone,PRIMIDONE,Neuromuscular Drugs,2008,288,29852.22,103.65,14.86,0.5,0.17,-0.113,30,29.4,68,86.4,9.85,13.82,27761.57,0,0.98,1985.86,11.18,14.86,29852.22,5.4399281622e-06,0.024402390438247,0.270418326693227,0.672310756972111,0.0328685258964143,0.491035856573705,0.508964143426294,0.544820717131474,0.115537848605577,0.171812749003984,0.167828685258964,rxsummary2018.xlsx,https://www.health.state.mn.us/data/apcd/publicusefiles/docs/rxsummary2018.xlsx,2026-09-19,Drug,PRIMIDONE,2008,794,691,915,985,1048,483,946,5.9,63,19.09,1.73,19.03
2018,MINNESOTA HEALTH CARE PROGRAMS,rescue_diazepam,DIAZEPAM (ANTICONVULSANT),Neuromuscular Drugs,2261,1227,1065623.15,868.47,471.3,54.67,276.64,0.11,2,8.6,1,1.7,338.65,462.69,1046148.18,0,6.37,14420.06,342.27,471.3,1065623.15,0.0001941870113514,,,,,0.448474126492702,0.551525873507297,0.596638655462184,0.121185316231755,0.149049093321539,0.13312693498452,rxsummary2018.xlsx,https://www.health.state.mn.us/data/apcd/publicusefiles/docs/rxsummary2018.xlsx,2026-09-19,Drug,DIAZEPAM (ANTICONVULSANT),2261,185,292,190,113,51,461,231,10.4,2.3,657.03,35.93,661.96
2018,MINNESOTA HEALTH CARE PROGRAMS,rufinamide,RUFINAMIDE,Neuromuscular Drugs,1065,126,2763706.42,21934.17,2595.02,91.09,9.38,0.047,30,28.4,180,276.5,2318.45,2588.16,2756392.97,0,1.01,1085.98,2318.45,2595.02,2763706.42,0.000503626342908,0.507042253521126,0.445070422535211,0.0478873239436619,0,0.463849765258215,0.536150234741784,0.711737089201877,0.092018779342723,0.0553990610328638,0.140845070422535,rxsummary2018.xlsx,https://www.health.state.mn.us/data/apcd/publicusefiles/docs/rxsummary2018.xlsx,2026-09-19,Drug,RUFINAMIDE,1065,79,51,68,82,328,602,447,6.2,249.9,1810.19,5.5,1812.58
2018,MINNESOTA HEALTH CARE PROGRAMS,tiagabine,TIAGABINE HCL,Neuromuscular Drugs,95,19,39838.3,2096.75,419.35,15.43,5.44,0.21,30,27.1,60,77,340.68,418.51,39758.99,0,0.5,48,341.55,419.35,39838.3,7.2596775082e-06,,,,,0.610526315789473,0.389473684210526,0.694736842105263,0.168421052631578,0,0.136842105263157,rxsummary2018.xlsx,https://www.health.state.mn.us/data/apcd/publicusefiles/docs/rxsummary2018.xlsx,2026-09-19,Drug,TIAGABINE HCL,95,759,177,211,269,419,1011,110,6.4,51.7,231.57,0.94,232.05
2018,MINNESOTA HEALTH CARE PROGRAMS,topiramate,TOPIRAMATE,Neuromuscular Drugs,70209,12494,1091901.49,87.39,15.55,0.53,0.22,-0.055,30,29.3,60,69.7,5.15,14.74,1035044.56,0,0.73,51851.65,5.77,15.55,1091901.49,0.0001989756763761,0.11018530387842,0.547978179435684,0.338688772094745,0.0031477445911492,0.775071572020681,0.224928427979318,0.552379324588015,0.106766938711561,0.150564742411941,0.190288994288481,rxsummary2018.xlsx,https://www.health.state.mn.us/data/apcd/publicusefiles/docs/rxsummary2018.xlsx,2026-09-19,Drug,TOPIRAMATE,70209,181,732,897,969,991,54,805,4.3,50.4,93,2.12,93.43
2018,MINNESOTA HEALTH CARE PROGRAMS,valproate,DIVALPROEX SODIUM,Neuromuscular Drugs,53088,7226,2736684.79,378.72,51.54,1.77,0.57,-0.179,30,29,60,88.9,28.63,50.45,2678670.76,0,0.89,47673.49,29.5,51.54,2736684.79,0.0004987022291896,0.138261000602772,0.541233423749246,0.312650693188667,0.0078548824593128,0.369462025316455,0.630537974683544,0.614357293550331,0.0959538878842676,0.139014466546112,0.150674352019288,rxsummary2018.xlsx,https://www.health.state.mn.us/data/apcd/publicusefiles/docs/rxsummary2018.xlsx,2026-09-19,Drug,DIVALPROEX SODIUM,53088,80,422,602,674,782,76,1039,5.3,70.3,81.49,5.92,81.98
2018,MINNESOTA HEALTH CARE PROGRAMS,valproate,VALPROATE SODIUM,Neuromuscular Drugs,3371,455,70282.78,154.46,20.84,0.75,0.04,-0.478,30,27.7,473,448,14.51,20.56,69321.77,0,0.26,891.86,14.76,20.84,70282.78,1.28075323792e-05,0.510234351824384,0.356867398398101,0.123108869771581,0.0097893800059329,0.401067932364283,0.598932067635716,0.640759418570157,0.109463067339068,0.112726194007712,0.137051320083061,rxsummary2018.xlsx,https://www.health.state.mn.us/data/apcd/publicusefiles/docs/rxsummary2018.xlsx,2026-09-19,Drug,VALPROATE SODIUM,3371,653,595,816,894,1187,403,1141,6.9,247.8,20.41,0.83,20.36
2018,MINNESOTA HEALTH CARE PROGRAMS,valproate,VALPROIC ACID,Neuromuscular Drugs,674,142,28104.21,197.91,41.69,1.45,0.27,0.201,30,28.6,120,150.3,31.07,40.77,27481.63,0,0.79,538.88,31.86,41.69,28104.21,5.1213907527e-06,0.0816023738872403,0.439169139465875,0.44213649851632,0.0370919881305637,0.434718100890207,0.565281899109792,0.532640949554896,0.0816023738872403,0.127596439169139,0.258160237388724,rxsummary2018.xlsx,https://www.health.state.mn.us/data/apcd/publicusefiles/docs/rxsummary2018.xlsx,2026-09-19,Drug,VALPROIC ACID,674,808,538,648,720,942,678,116,4.6,95.6,34.06,2.2,33.94
2018,MINNESOTA HEALTH CARE PROGRAMS,vigabatrin,VIGABATRIN,Neuromuscular Drugs,196,32,1773230.03,55413.43,9047.09,305.67,89.85,0.01,30,29.5,120,100.6,9476.93,9032.1,1770292.2,0,14.35,2814.45,9528.07,9047.09,1773230.03,0.0003231332201861,,,,,0.576530612244897,0.423469387755102,0.479591836734693,0.142857142857142,0.229591836734693,0.147959183673469,rxsummary2018.xlsx,https://www.health.state.mn.us/data/apcd/publicusefiles/docs/rxsummary2018.xlsx,2026-09-19,Drug,VIGABATRIN,196,122,18,27,29,103,898,561,3.3,33.7,3614.08,88.98,3579.44
2018,MINNESOTA HEALTH CARE PROGRAMS,zonisamide,ZONISAMIDE,Neuromuscular Drugs,7606,1058,461795.6,436.47,60.71,2.06,0.56,-0.077,30,29.4,90,107.3,17.55,59.75,454497.94,0,0.6,4578.39,17.84,60.71,461795.6,8.41523642004e-05,0.28858795687615,0.493163292137785,0.215487772810938,0.0027609781751249,0.533263213252695,0.466736786747304,0.594530633710228,0.0971601367341572,0.116092558506442,0.192216671049171,rxsummary2018.xlsx,https://www.health.state.mn.us/data/apcd/publicusefiles/docs/rxsummary2018.xlsx,2026-09-19,Drug,ZONISAMIDE,7606,306,400,567,645,783,265,866,5.3,71.1,329.12,2.18,331.57
2019,COMMERCIAL,brivaracetam,BRIVARACETAM,Neuromuscular Drugs,472,78,867474.91,11121.47,1837.87,49.53,19.07,0.107,30,37.1,60,96.3,1171.09,1726.01,814678.77,0,110.89,52342.37,1190.51,1837.87,867474.91,0.0001514176357156,0.163135593220338,0.559322033898305,0.233050847457627,0.0444915254237288,0.59322033898305,0.406779661016949,0.762711864406779,0.116525423728813,0.0444915254237288,0.0762711864406779,rxsummary2019.xlsx,https://www.health.state.mn.us/data/apcd/publicusefiles/docs/rxsummary2019.xlsx,2026-09-19,Drug,BRIVARACETAM,472,313,118,145,187,316,777,183,21.4,66.7,1246.69,343.87,1219.37
2019,COMMERCIAL,cannabidiol,CANNABIDIOL,Neuromuscular Drugs,436,70,842974.11,12042.48,1933.42,64.75,12.18,,30,29.8,126,158.7,1303.79,1787.51,779356.12,0,137.81,60086.77,1571.35,1933.42,842974.11,0.0001471410241775,0.71788990825688,0.247706422018348,0.0344036697247706,0,0.511467889908256,0.488532110091743,0.701834862385321,0.155963302752293,0.0527522935779816,0.0894495412844036,rxsummary2019.xlsx,https://www.health.state.mn.us/data/apcd/publicusefiles/docs/rxsummary2019.xlsx,2026-09-19,Drug,CANNABIDIOL,436,324,114,141,164,379,789,,4,109.5,1415.13,410.02,1379.2
2019,COMMERCIAL,carbamazepine,CARBAMAZEPINE,Neuromuscular Drugs,11308,2268,1992232.92,878.4,176.17,3.51,1.06,-0.015,30,50.1,120,164.6,65.58,129.9,1468953.95,15,43.27,489387.06,106.66,176.17,1992232.92,0.0003477440039636,0.0141492748496639,0.292536257516802,0.602493809692253,0.0908206579412805,0.556420233463035,0.443579766536964,0.641846480367881,0.107357622921825,0.100990449239476,0.149805447470817,rxsummary2019.xlsx,https://www.health.state.mn.us/data/apcd/publicusefiles/docs/rxsummary2019.xlsx,2026-09-19,Drug,CARBAMAZEPINE,11308,181,402,524,645,785,240,630,29.3,131,185.84,81.5,201.32
2019,COMMERCIAL,clobazam,CLOBAZAM,Neuromuscular Drugs,1125,170,415023.23,2441.31,368.9,11.38,2.71,-0.759,30,32.4,105,135.9,153.5,335.8,377779.95,0,32.29,36330.55,181.75,368.9,415023.23,7.24422522533e-05,0.708444444444444,0.236444444444444,0.0551111111111111,0,0.550222222222222,0.449777777777777,0.618666666666666,0.204444444444444,0.0488888888888888,0.128,rxsummary2019.xlsx,https://www.health.state.mn.us/data/apcd/publicusefiles/docs/rxsummary2019.xlsx,2026-09-19,Drug,CLOBAZAM,1125,462,244,385,415,632,620,1281,15.3,122.8,599.68,147.01,605.22
2019,COMMERCIAL,ethosuximide,ETHOSUXIMIDE,Neuromuscular Drugs,1150,199,152972.03,768.7,133.01,3.24,0.61,-0.127,30,40.9,150,217,71.22,94.36,108517.06,15,38.3,44048.19,102.6,133.01,152972.03,2.67012484698e-05,,,,,0.598260869565217,0.401739130434782,0.709565217391304,0.121739130434782,0.0678260869565217,0.100869565217391,rxsummary2019.xlsx,https://www.health.state.mn.us/data/apcd/publicusefiles/docs/rxsummary2019.xlsx,2026-09-19,Drug,ETHOSUXIMIDE,1150,670,431,579,663,919,615,1005,24,163.3,106.06,59.76,104.94
2019,COMMERCIAL,felbamate,FELBAMATE,Neuromuscular Drugs,1080,165,686983.89,4163.53,636.09,16.63,2.41,-0.088,30,38.2,180,262.9,438.43,578.48,624761.52,0,36.4,39316.22,478.29,636.09,686983.89,0.0001199129510253,0.44074074074074,0.409259259259259,0.0962962962962962,0.0537037037037037,0.541666666666666,0.458333333333333,0.697222222222222,0.158333333333333,0.0462962962962962,0.0981481481481481,rxsummary2019.xlsx,https://www.health.state.mn.us/data/apcd/publicusefiles/docs/rxsummary2019.xlsx,2026-09-19,Drug,FELBAMATE,1080,366,189,268,330,653,623,889,23.6,183.3,519.79,132.84,525.05
2019,COMMERCIAL,lacosamide,LACOSAMIDE,Neuromuscular Drugs,4365,608,5123139.95,8426.21,1173.68,33.39,10.17,0.085,30,35.1,60,115.2,890.49,1051.46,4589629.84,15,94.79,413784.43,922.46,1173.68,5123139.95,0.0008942434296683,0.199541809851088,0.417182130584192,0.302863688430698,0.0804123711340206,0.50836197021764,0.491638029782359,0.717754868270332,0.131500572737686,0.0616265750286368,0.0891179839633447,rxsummary2019.xlsx,https://www.health.state.mn.us/data/apcd/publicusefiles/docs/rxsummary2019.xlsx,2026-09-19,Drug,LACOSAMIDE,4365,83,134,182,221,404,380,245,20.1,143.7,825.68,262.87,827.49
2019,COMMERCIAL,lamotrigine,LAMOTRIGINE,Neuromuscular Drugs,79219,13762,3145907.36,228.59,39.71,0.89,0.46,-0.202,30,44.2,60,85.1,0,29.81,2361983.04,4.84,9.51,753707.64,7.64,39.71,3145907.36,0.0005491177314071,0.080006059152476,0.56298362766508,0.324909428293717,0.0321008848887261,0.680505939231749,0.31949406076825,0.709463638773526,0.115161766747876,0.0764589303071232,0.098915664171474,rxsummary2019.xlsx,https://www.health.state.mn.us/data/apcd/publicusefiles/docs/rxsummary2019.xlsx,2026-09-19,Drug,LAMOTRIGINE,79219,131,670,867,966,993,52,1133,26.2,81.2,233.67,42.98,244.49
2019,COMMERCIAL,levetiracetam,LEVETIRACETAM,Neuromuscular Drugs,35545,6684,2240443.36,335.19,63.03,1.37,0.36,-0.102,30,45.9,120,173.5,7.93,43.66,1552046.03,10,18.01,640428.54,23.1,63.03,2240443.36,0.0003910691048414,0.177662118441412,0.371894781263187,0.34671543114362,0.103727669151779,0.505162470108313,0.494837529891686,0.667323111548741,0.134083556055704,0.0868476578984385,0.111745674497116,rxsummary2019.xlsx,https://www.health.state.mn.us/data/apcd/publicusefiles/docs/rxsummary2019.xlsx,2026-09-19,Drug,LEVETIRACETAM,35545,163,585,758,846,1045,118,930,27.7,156.6,278.19,57.25,294.12
2019,COMMERCIAL,oxcarbazepine,OXCARBAZEPINE,Neuromuscular Drugs,10645,1894,836665.22,441.74,78.59,1.83,0.5,-0.046,30,42.7,120,156.1,14.26,59.37,632047.17,10,18.46,196522.15,30.88,78.59,836665.22,0.0001460398082267,0.260685767966181,0.415124471582902,0.282949741662752,0.0412400187881634,0.494504462188821,0.505495537811178,0.640582433067167,0.137435415688116,0.0893377172381399,0.132644434006575,rxsummary2019.xlsx,https://www.health.state.mn.us/data/apcd/publicusefiles/docs/rxsummary2019.xlsx,2026-09-19,Drug,OXCARBAZEPINE,10645,326,538,701,797,972,252,745,25.3,137.6,267.55,40.04,279.52
2019,COMMERCIAL,perampanel,PERAMPANEL,Neuromuscular Drugs,248,44,321698.5,7311.32,1297.17,46.01,21.62,-0.141,30,28.1,30,59.9,940.63,1163.17,288467.05,0,87.47,21693.74,967.36,1297.17,321698.5,5.6152432447e-05,0.173387096774193,0.455645161290322,0.237903225806451,0.133064516129032,0.600806451612903,0.399193548387096,0.57258064516129,0.193548387096774,0.0725806451612903,0.161290322580645,rxsummary2019.xlsx,https://www.health.state.mn.us/data/apcd/publicusefiles/docs/rxsummary2019.xlsx,2026-09-19,Drug,PERAMPANEL,248,504,142,174,191,297,934,1038,10.2,51.8,931.21,318.22,1019.67
2019,COMMERCIAL,phenobarbital,PHENOBARBITAL,Central Nervous System Drugs,2390,475,132293.16,278.51,55.35,1.22,0.46,-0.115,30,45.1,90,118.1,8.85,27.03,64604.09,15,26.69,63797.19,41.04,55.35,132293.16,2.30917543293e-05,0.243514644351464,0.120083682008368,0.506276150627615,0.130125523012552,0.519665271966527,0.480334728033472,0.631799163179916,0.174895397489539,0.0740585774058577,0.119246861924686,rxsummary2019.xlsx,https://www.health.state.mn.us/data/apcd/publicusefiles/docs/rxsummary2019.xlsx,2026-09-19,Drug,PHENOBARBITAL,2390,702,620,789,883,991,489,970,28.4,107.4,42.03,34.01,49.73
2019,COMMERCIAL,phenytoin,PHENYTOIN,Neuromuscular Drugs,331,60,16378.41,272.97,49.48,1.13,0.55,0.017,30,43.7,45,88.8,0.59,17.97,5948.84,11.27,27.41,9075.29,30.74,49.48,16378.41,2.8588493919e-06,,,,,0.36858006042296,0.631419939577039,0.604229607250755,0.102719033232628,0.0785498489425981,0.214501510574018,rxsummary2019.xlsx,https://www.health.state.mn.us/data/apcd/publicusefiles/docs/rxsummary2019.xlsx,2026-09-19,Drug,PHENYTOIN,331,1044,626,815,908,944,859,500,29.2,107.5,35.6,57.85,71.89
2019,COMMERCIAL,phenytoin,PHENYTOIN SODIUM EXTENDED,Neuromuscular Drugs,6570,1080,675472.11,625.43,102.81,2,0.52,0.005,30,51.2,150,193.9,23.96,51.85,340664.8,25,47.98,315258.32,67.44,102.81,675472.11,0.0001179035712837,,,,,0.324809741248097,0.675190258751902,0.599391171993911,0.137899543378995,0.114307458143074,0.148401826484018,rxsummary2019.xlsx,https://www.health.state.mn.us/data/apcd/publicusefiles/docs/rxsummary2019.xlsx,2026-09-19,Drug,PHENYTOIN SODIUM EXTENDED,6570,371,463,637,775,959,318,542,29.6,136.2,85.74,74.14,111.7
2019,COMMERCIAL,primidone,PRIMIDONE,Neuromuscular Drugs,2861,644,73110.64,113.52,25.55,0.49,0.16,0.085,30,51.9,90,155.1,1.78,11.05,31634.88,8.69,12.66,36243.56,15.71,25.55,73110.64,1.27614529559e-05,0.0052429220552254,0.107305138063614,0.59489688919958,0.292555050681579,0.487242222998951,0.512757777001048,0.609926599091226,0.152044739601537,0.108703250611674,0.12932541069556,rxsummary2019.xlsx,https://www.health.state.mn.us/data/apcd/publicusefiles/docs/rxsummary2019.xlsx,2026-09-19,Drug,PRIMIDONE,2861,821,829,990,1117,1199,458,241,29.7,147.3,20.6,16.23,27.3
2019,COMMERCIAL,rescue_diazepam,DIAZEPAM (ANTICONVULSANT),Neuromuscular Drugs,503,342,200752.01,586.99,399.1,33.44,251.25,-0.009,8,11.9,1,1.5,286.56,357.94,180044.22,0,39.35,19797.84,303.22,399.1,200752.01,3.50412379297e-05,,,,,0.46520874751491,0.534791252485089,0.7395626242544731,0.131212723658051,0.0656063618290258,0.0636182902584493,rxsummary2019.xlsx,https://www.health.state.mn.us/data/apcd/publicusefiles/docs/rxsummary2019.xlsx,2026-09-19,Drug,DIAZEPAM (ANTICONVULSANT),503,610,476,360,219,87,763,609,11.6,1.3,230.26,97.43,212.76
2019,COMMERCIAL,rufinamide,RUFINAMIDE,Neuromuscular Drugs,293,46,1068783.07,23234.41,3647.72,116.92,12.93,0.061,30,31.1,210,281.8,2458.76,3526.65,1033310.67,0,60.2,17641.23,2617.49,3647.72,1068783.07,0.0001865559495575,0.539249146757679,0.46075085324232,0,0,0.392491467576791,0.607508532423208,0.617747440273037,0.133105802047781,0.109215017064846,0.139931740614334,rxsummary2019.xlsx,https://www.health.state.mn.us/data/apcd/publicusefiles/docs/rxsummary2019.xlsx,2026-09-19,Drug,RUFINAMIDE,293,281,92,105,122,364,894,323,10.3,232.8,3494.69,261.66,3452.42
2019,COMMERCIAL,tiagabine,TIAGABINE HCL,Neuromuscular Drugs,57,13,40867.43,3143.64,716.97,20.05,5.11,-0.138,30,35.7,60,140.2,355.84,661.26,37692.03,10,55.7,3175.4,355.84,716.97,40867.43,7.1334047325e-06,0,0.298245614035087,0.456140350877192,0.245614035087719,0.649122807017543,0.350877192982456,,,,,rxsummary2019.xlsx,https://www.health.state.mn.us/data/apcd/publicusefiles/docs/rxsummary2019.xlsx,2026-09-19,Drug,TIAGABINE HCL,57,912,217,250,286,533,1216,1033,23.1,129.4,621.48,207.8,611.15
2019,COMMERCIAL,topiramate,TOPIRAMATE,Neuromuscular Drugs,67925,17491,1624319.08,92.86,23.91,0.48,0.21,-0.079,30,49.5,90,110.8,0,14.93,1014426.13,5,8.9,604907.99,8.14,23.91,1624319.08,0.0002835246897705,0.0437983069562016,0.461700404858299,0.465866764814133,0.0286345233713654,0.839440559440559,0.16055944055944,0.635907250644092,0.143864556496135,0.0918218623481781,0.128406330511593,rxsummary2019.xlsx,https://www.health.state.mn.us/data/apcd/publicusefiles/docs/rxsummary2019.xlsx,2026-09-19,Drug,TOPIRAMATE,67925,208,882,1002,1123,1141,65,853,28.4,89.2,126,31.15,134.64
2019,COMMERCIAL,valproate,DIVALPROEX SODIUM,Neuromuscular Drugs,22633,4164,1656833.54,397.89,73.2,1.73,0.59,-0.117,30,42.1,90,123.3,18.3,47.95,1085369.71,10,18.94,428807.02,34.21,73.2,1656833.54,0.0002892000846471,0.0872619626209517,0.386868731498254,0.398223832457031,0.127645473423761,0.409358017054743,0.590641982945256,0.667918526046038,0.130915035567534,0.0822250695886537,0.118941368797773,rxsummary2019.xlsx,https://www.health.state.mn.us/data/apcd/publicusefiles/docs/rxsummary2019.xlsx,2026-09-19,Drug,DIVALPROEX SODIUM,22633,206,557,721,807,926,158,976,26.3,112.4,124.08,51.27,148.26
2019,COMMERCIAL,valproate,VALPROATE SODIUM,Neuromuscular Drugs,736,126,25795.73,204.72,35.04,1.14,0.08,-0.004,30,30.7,400,417.2,14.62,24.3,17888.35,0,5.69,4190.82,19.95,35.04,25795.73,4.5026414056e-06,0.616847826086956,0.239130434782608,0.0421195652173913,0.101902173913043,0.49320652173913,0.506793478260869,0.558423913043478,0.182065217391304,0.0991847826086956,0.160326086956521,rxsummary2019.xlsx,https://www.health.state.mn.us/data/apcd/publicusefiles/docs/rxsummary2019.xlsx,2026-09-19,Drug,VALPROATE SODIUM,736,980,686,911,906,1286,691,586,13,268,30.26,12.24,41.07
2019,COMMERCIAL,valproate,VALPROIC ACID,Neuromuscular Drugs,324,102,17855.97,175.05,55.11,1.23,0.27,0.146,30,44.7,180,200,18.46,30.32,9824.79,12,22.02,7136.12,44.25,55.11,17855.97,3.1167573028e-06,,,,,0.410493827160493,0.589506172839506,0.608024691358024,0.0771604938271604,0.132716049382716,0.182098765432098,rxsummary2019.xlsx,https://www.health.state.mn.us/data/apcd/publicusefiles/docs/rxsummary2019.xlsx,2026-09-19,Drug,VALPROIC ACID,324,1031,721,791,882,1090,866,140,27.3,160.3,40.39,26.58,46.16
2019,COMMERCIAL,zonisamide,ZONISAMIDE,Neuromuscular Drugs,4769,991,158954.19,160.39,33.33,0.75,0.23,0.005,30,44.3,90,139.8,6.59,16.75,79899.52,10,15.7,74894.19,22.88,33.33,158954.19,2.77454337404e-05,0.220171943803732,0.42797232124135,0.298595093310966,0.0532606416439505,0.66261270706647,0.337387292933529,0.676242398825749,0.132732228978821,0.0704550220171943,0.120570350178234,rxsummary2019.xlsx,https://www.health.state.mn.us/data/apcd/publicusefiles/docs/rxsummary2019.xlsx,2026-09-19,Drug,ZONISAMIDE,4769,662,737,928,1022,1123,362,545,26.2,119.4,27.16,26.93,36.28
2019,MEDICARE,brivaracetam,BRIVARACETAM,Neuromuscular Drugs,825,97,1187264.77,12239.84,1439.1,47.48,19.52,0.081,30,30.3,60,73.6,1195.77,1394.22,1150239.16,0,21.06,17377.62,1197.88,1439.1,1187264.77,0.0002072369152923,0,0.438787878787878,0.404848484848484,0.156363636363636,0.52,0.48,0.752727272727272,0.122424242424242,0.0812121212121212,0.0436363636363636,rxsummary2019.xlsx,https://www.health.state.mn.us/data/apcd/publicusefiles/docs/rxsummary2019.xlsx,2026-09-19,Drug,BRIVARACETAM,825,299,116,131,174,292,703,279,11,42.3,770.61,93.35,829.61
2019,MEDICARE,cannabidiol,CANNABIDIOL,Neuromuscular Drugs,331,42,1130178.94,26909.02,3414.43,116.18,12.82,,30,29.3,240,266.1,3024.28,3398.51,1124908.18,0,13.47,4459.33,3024.28,3414.43,1130178.94,0.0001972725908931,,,,,0.441087613293051,0.558912386706948,0.697885196374622,0.0604229607250755,0.0845921450151057,0.157099697885196,rxsummary2019.xlsx,https://www.health.state.mn.us/data/apcd/publicusefiles/docs/rxsummary2019.xlsx,2026-09-19,Drug,CANNABIDIOL,331,307,81,91,105,348,870,,2.6,158.4,2030.45,63.72,2020.46
2019,MEDICARE,carbamazepine,CARBAMAZEPINE,Neuromuscular Drugs,32175,4451,4225779.91,949.4,131.33,3.3,0.98,-0.015,30,39.7,90,132.6,67.73,111.39,3584284.34,0,18.67,600827.11,81.4,131.33,4225779.91,0.0007376093482946,0,0.164599844599844,0.372276612276612,0.463123543123543,0.525066045066045,0.474933954933954,0.521616161616161,0.09003885003885,0.165252525252525,0.223092463092463,rxsummary2019.xlsx,https://www.health.state.mn.us/data/apcd/publicusefiles/docs/rxsummary2019.xlsx,2026-09-19,Drug,CARBAMAZEPINE,32175,121,398,551,616,771,147,657,25.5,126.7,147.07,50.17,158.51
2019,MEDICARE,clobazam,CLOBAZAM,Neuromuscular Drugs,1067,127,668256.73,5261.86,626.29,20.89,9.86,-0.526,30,29.9,60,63.5,216.12,620.64,662225.79,0,2.02,2164.17,218.37,626.29,668256.73,0.0001166441276182,0,0.645735707591377,0.308341143392689,0.0459231490159325,0.516401124648547,0.483598875351452,0.655107778819119,0.0796626054358013,0.0927835051546391,0.17244611059044,rxsummary2019.xlsx,https://www.health.state.mn.us/data/apcd/publicusefiles/docs/rxsummary2019.xlsx,2026-09-19,Drug,CLOBAZAM,1067,394,154,244,265,389,652,1211,8.5,35.1,936.76,21.67,937.42
2019,MEDICARE,eslicarbazepine,ESLICARBAZEPINE ACETATE,Neuromuscular Drugs,367,41,562666.82,13723.58,1533.15,50.18,32.52,0.072,30,30.5,30,47.1,1026.24,1494.75,548576.55,0,38.08,13976.37,1026.24,1533.15,562666.82,9.82134221957e-05,0,0.343324250681198,0.29700272479564,0.35967302452316,0.574931880108991,0.425068119891008,0.694822888283378,0.0572207084468664,0.188010899182561,0.0599455040871934,rxsummary2019.xlsx,https://www.health.state.mn.us/data/apcd/publicusefiles/docs/rxsummary2019.xlsx,2026-09-19,Drug,ESLICARBAZEPINE ACETATE,367,428,113,130,167,227,852,312,9.3,27.5,921.85,116.96,927.09
2019,MEDICARE,ethosuximide,ETHOSUXIMIDE,Neuromuscular Drugs,588,73,78751,1078.78,133.93,3.76,0.99,-0.158,30,35.6,112,135.2,115.9,126.68,74490.45,0,7.24,4260.55,122.7,133.93,78751,1.37459770798e-05,0,0.331632653061224,0.476190476190476,0.192176870748299,0.758503401360544,0.241496598639455,0.501700680272108,0.0459183673469387,0.197278911564625,0.255102040816326,rxsummary2019.xlsx,https://www.health.state.mn.us/data/apcd/publicusefiles/docs/rxsummary2019.xlsx,2026-09-19,Drug,ETHOSUXIMIDE,588,778,381,545,597,769,764,1063,19.9,88.4,82.92,32.91,86.73
2019,MEDICARE,felbamate,FELBAMATE,Neuromuscular Drugs,1937,227,1613533.46,7108.07,833,23.36,4.61,-0.057,30,35.6,150,180.3,505.18,802.33,1554123.97,0,28.11,54461.45,534.64,833,1613533.46,0.000281642061165,0,0.401652039235931,0.493030459473412,0.105317501290655,0.538977800722767,0.461022199277232,0.603510583376355,0.112545172947857,0.116675271037687,0.1672689726381,rxsummary2019.xlsx,https://www.health.state.mn.us/data/apcd/publicusefiles/docs/rxsummary2019.xlsx,2026-09-19,Drug,FELBAMATE,1937,243,139,196,244,517,541,828,20.5,124.8,927.36,105.86,925.75
2019,MEDICARE,lacosamide,LACOSAMIDE,Neuromuscular Drugs,9814,975,8972799.7,9202.87,914.28,31.17,12.15,0.064,30,29.3,60,75.2,884.63,863.17,8471191.66,0,36.95,362681.33,904.86,914.28,8972799.7,0.0015662010516528,0,0.278989199103321,0.383737517831669,0.337273283065009,0.505400448339107,0.494599551660892,0.667312003260648,0.0905848787446504,0.113205624617892,0.128897493376808,rxsummary2019.xlsx,https://www.health.state.mn.us/data/apcd/publicusefiles/docs/rxsummary2019.xlsx,2026-09-19,Drug,LACOSAMIDE,9814,55,125,180,214,356,276,347,15.1,100.8,585.77,138.57,619.85
2019,MEDICARE,lamotrigine,LAMOTRIGINE,Neuromuscular Drugs,78342,10457,4070793.27,389.28,51.96,1.32,0.64,0.003,30,39.2,60,80.5,7.31,48.03,3763057.06,0,3.53,276791.74,9.59,51.96,4070793.27,0.0007105564499044,0,0.249904265911005,0.414426488984197,0.335669245104796,0.627683745628143,0.372316254371856,0.556917107043476,0.0897219882055602,0.166181613949094,0.187179290801868,rxsummary2019.xlsx,https://www.health.state.mn.us/data/apcd/publicusefiles/docs/rxsummary2019.xlsx,2026-09-19,Drug,LAMOTRIGINE,78342,124,563,773,823,849,77,588,24.3,75.6,293.91,24.25,299.76
2019,MEDICARE,levetiracetam,LEVETIRACETAM,Neuromuscular Drugs,75045,11410,4625942.54,405.42,61.64,1.51,0.46,0.054,30,40.7,62,132.4,18,51.86,3891977.88,1.25,9.16,687739.54,25.21,61.64,4625942.54,0.0008074576846994,,,,,0.52942900926111,0.470570990738889,0.566380171896861,0.0964487973882337,0.14729828769405,0.189872743020854,rxsummary2019.xlsx,https://www.health.state.mn.us/data/apcd/publicusefiles/docs/rxsummary2019.xlsx,2026-09-19,Drug,LEVETIRACETAM,75045,111,556,734,789,937,80,398,27.1,142.8,229.91,29.65,234.89
2019,MEDICARE,methsuximide,METHSUXIMIDE,Neuromuscular Drugs,117,15,46896.43,3126.42,400.82,11.19,4.28,0.038,30,35.7,90,93.5,278.43,381.88,44680.38,0,18.55,2170.43,354.56,400.82,46896.43,8.1857659192e-06,0,0.444444444444444,0.341880341880341,0.213675213675213,0.897435897435897,0.102564102564102,0.401709401709401,0.162393162393162,0.145299145299145,0.29059829059829,rxsummary2019.xlsx,https://www.health.state.mn.us/data/apcd/publicusefiles/docs/rxsummary2019.xlsx,2026-09-19,Drug,METHSUXIMIDE,117,859,217,318,388,531,1034,454,21.5,48.1,219.06,103.46,227.35
2019,MEDICARE,oxcarbazepine,OXCARBAZEPINE,Neuromuscular Drugs,16774,2337,890477.81,381.03,53.08,1.42,0.49,0.136,30,37.2,62,108.2,25.94,44.63,748713.98,0,7.82,131216.68,30.88,53.08,890477.81,0.0001554327889984,0,0.316799809228568,0.380767855013711,0.30243233575772,0.534100393466078,0.465899606533921,0.52181948253249,0.0914510552044831,0.173482770955049,0.213246691307976,rxsummary2019.xlsx,https://www.health.state.mn.us/data/apcd/publicusefiles/docs/rxsummary2019.xlsx,2026-09-19,Drug,OXCARBAZEPINE,16774,347,567,767,804,928,217,138,22.5,101,110.11,22.96,117.76
2019,MEDICARE,perampanel,PERAMPANEL,Neuromuscular Drugs,752,88,777885.51,8839.6,1034.42,35.45,22.92,0.019,30,29.1,30,45.1,989.88,999.6,751704.35,0,18.27,13739.85,989.88,1034.42,777885.51,0.0001357798172879,0,0.409574468085106,0.351063829787234,0.239361702127659,0.551861702127659,0.44813829787234,0.682180851063829,0.110372340425531,0.109042553191489,0.0984042553191489,rxsummary2019.xlsx,https://www.health.state.mn.us/data/apcd/publicusefiles/docs/rxsummary2019.xlsx,2026-09-19,Drug,PERAMPANEL,752,367,129,163,203,268,716,527,12.1,36,608.05,67.53,607.96
2019,MEDICARE,phenobarbital,PHENOBARBITAL,Central Nervous System Drugs,7130,900,385012.8,427.79,53.99,1.34,0.46,0,30,40,62,115,28.89,37.25,265656.51,0,16.02,114288.64,41.88,53.99,385012.8,6.72039354962e-05,0,0.0946704067321178,0.330995792426367,0.574333800841514,0.521739130434782,0.478260869565217,0.491023842917251,0.101402524544179,0.178681626928471,0.228892005610098,rxsummary2019.xlsx,https://www.health.state.mn.us/data/apcd/publicusefiles/docs/rxsummary2019.xlsx,2026-09-19,Drug,PHENOBARBITAL,7130,507,548,762,816,934,324,598,25.7,143.7,36.79,33.23,45.46
2019,MEDICARE,phenytoin,PHENYTOIN,Neuromuscular Drugs,3248,412,152714.85,370.66,47.01,1.45,0.32,0.004,30,32.4,90,144.4,23.81,39.58,128576.15,0,5.6,18219.46,28.77,47.01,152714.85,2.66563577333e-05,0,0.110221674876847,0.367302955665024,0.522475369458128,0.484913793103448,0.515086206896551,0.475061576354679,0.0908251231527093,0.15301724137931,0.2810960591133,rxsummary2019.xlsx,https://www.health.state.mn.us/data/apcd/publicusefiles/docs/rxsummary2019.xlsx,2026-09-19,Drug,PHENYTOIN,3248,661,571,788,798,1002,442,583,21.3,145.4,65.53,16.1,73.09
2019,MEDICARE,phenytoin,PHENYTOIN SODIUM EXTENDED,Neuromuscular Drugs,21971,2874,1681997.89,585.24,76.55,1.76,0.55,0.051,30,43.3,90,138,32.13,55.34,1215917.11,1.25,20.19,443773.33,43.25,76.55,1681997.89,0.0002935925187537,0,0.0487915889126575,0.251922989395111,0.69928542169223,0.490646761640344,0.509353238359655,0.468981839697783,0.0989941286240953,0.18173956579127,0.25028446588685,rxsummary2019.xlsx,https://www.health.state.mn.us/data/apcd/publicusefiles/docs/rxsummary2019.xlsx,2026-09-19,Drug,PHENYTOIN SODIUM EXTENDED,21971,236,487,672,757,902,191,411,29.3,121.3,77.15,45.71,95.91
2019,MEDICARE,primidone,PRIMIDONE,Neuromuscular Drugs,15533,3026,391577.73,129.4,25.2,0.49,0.18,0.056,30,50.8,90,137.4,8.78,15.82,245868.03,5.15,9.08,141110.54,16.34,25.2,391577.73,6.83498431966e-05,0,0.0196999935620936,0.108671859911156,0.871628146526749,0.538144595377583,0.461855404622416,0.510654735080151,0.0990150003218953,0.157857464752462,0.23247279984549,rxsummary2019.xlsx,https://www.health.state.mn.us/data/apcd/publicusefiles/docs/rxsummary2019.xlsx,2026-09-19,Drug,PRIMIDONE,15533,503,804,944,1043,1096,226,387,30.8,134,22.89,13.53,27.26
2019,MEDICARE,rescue_diazepam,DIAZEPAM (ANTICONVULSANT),Neuromuscular Drugs,236,138,174536.87,1264.75,739.56,101.71,297.84,-0.221,2,7.2,1,2.4,347.48,727.69,171735.33,0,11.83,2792.36,353.96,739.56,174536.87,3.04653885616e-05,0,0.449152542372881,0.415254237288135,0.135593220338983,0.559322033898305,0.440677966101694,0.614406779661016,0.0847457627118644,0.127118644067796,0.173728813559322,rxsummary2019.xlsx,https://www.health.state.mn.us/data/apcd/publicusefiles/docs/rxsummary2019.xlsx,2026-09-19,Drug,DIAZEPAM (ANTICONVULSANT),236,637,355,217,116,59,928,1121,13.9,3,924.3,49.44,920.11
2019,MEDICARE,rufinamide,RUFINAMIDE,Neuromuscular Drugs,582,54,2651439.71,49100.73,4555.73,163.83,24.82,0.115,30,27.8,180,183.5,4185.62,4498.13,2617914.93,0,56.17,32695.6,4252.64,4555.73,2651439.71,0.0004628084657006,0,0.434707903780068,0.462199312714776,0.103092783505154,0.43127147766323,0.568728522336769,0.639175257731958,0.0446735395189003,0.159793814432989,0.156357388316151,rxsummary2019.xlsx,https://www.health.state.mn.us/data/apcd/publicusefiles/docs/rxsummary2019.xlsx,2026-09-19,Drug,RUFINAMIDE,582,178,52,81,90,257,768,189,8.6,97.7,2402.48,333.88,2486.06
2019,MEDICARE,tiagabine,TIAGABINE HCL,Neuromuscular Drugs,224,35,142931.61,4083.76,638.08,18.79,4.75,-0.033,30,33.9,90,134.2,450.47,610.33,136714.5,0,18.6,4167.07,456.33,638.08,142931.61,2.49486944299e-05,0,0.450892857142857,0.294642857142857,0.254464285714285,0.455357142857142,0.544642857142857,,,,,rxsummary2019.xlsx,https://www.health.state.mn.us/data/apcd/publicusefiles/docs/rxsummary2019.xlsx,2026-09-19,Drug,TIAGABINE HCL,224,671,178,242,282,515,940,724,21.2,104.5,525.46,103.54,547.72
2019,MEDICARE,topiramate,TOPIRAMATE,Neuromuscular Drugs,51982,9239,1790399.59,193.78,34.44,0.78,0.34,0.031,30,43.8,60,98.5,7.49,31,1611921.52,1,3.33,173227.65,10.12,34.44,1790399.59,0.0003125140217647,,,,,0.729406332961409,0.27059366703859,0.552556654226463,0.100111577084375,0.14974414220307,0.197587626486091,rxsummary2019.xlsx,https://www.health.state.mn.us/data/apcd/publicusefiles/docs/rxsummary2019.xlsx,2026-09-19,Drug,TOPIRAMATE,51982,227,711,873,952,990,108,472,27.1,86.8,211.61,13.32,214.1
2019,MEDICARE,valproate,DIVALPROEX SODIUM,Neuromuscular Drugs,94096,10831,7504598.31,692.88,79.75,2.5,0.8,-0.124,30,31.8,70,98.9,35.15,70.57,6641279.3,0,7.46,702213.56,40.71,79.75,7504598.31,0.0013099266849068,0,0.204631440231253,0.358357422207107,0.437011137561639,0.467628804625063,0.532371195374936,0.56705917360993,0.0880377486821969,0.159836762455364,0.185066315252508,rxsummary2019.xlsx,https://www.health.state.mn.us/data/apcd/publicusefiles/docs/rxsummary2019.xlsx,2026-09-19,Drug,DIVALPROEX SODIUM,94096,61,454,658,688,806,61,1007,18.6,91.1,124.13,25.23,130.01
2019,MEDICARE,valproate,VALPROATE SODIUM,Neuromuscular Drugs,3249,438,143724.16,328.13,44.23,1.71,0.09,-0.126,30,25.8,473,482.4,28.76,40.64,132043.13,0,2.46,8007.98,32.38,44.23,143724.16,2.50870339321e-05,0,0.249923053247152,0.420129270544783,0.329947676208064,0.418282548476454,0.581717451523545,0.578024007386888,0.072329947676208,0.133579562942443,0.216066481994459,rxsummary2019.xlsx,https://www.health.state.mn.us/data/apcd/publicusefiles/docs/rxsummary2019.xlsx,2026-09-19,Drug,VALPROATE SODIUM,3249,669,593,808,764,1190,441,1012,11.6,310.1,39.72,8.18,41.47
2019,MEDICARE,valproate,VALPROIC ACID,Neuromuscular Drugs,1441,241,84196.17,349.36,58.42,1.53,0.33,0.152,30,38,140,176.6,43.11,50.54,72838.21,0,6.62,9539.57,47.2,58.42,84196.17,1.4696430814e-05,0,0.106176266481609,0.385843164469118,0.507980569049271,0.410131852879944,0.589868147120055,0.555863983344899,0.0999306037473976,0.118667591950034,0.225537820957668,rxsummary2019.xlsx,https://www.health.state.mn.us/data/apcd/publicusefiles/docs/rxsummary2019.xlsx,2026-09-19,Drug,VALPROIC ACID,1441,766,585,746,785,999,593,109,25,135.1,49.85,16.89,51.7
2019,MEDICARE,zonisamide,ZONISAMIDE,Neuromuscular Drugs,6753,996,669741.51,672.43,99.17,2.54,0.72,0.079,30,38.9,112,136.5,26.89,92.59,625286.47,0,6.08,41116.37,31,99.17,669741.51,0.0001169032957793,0,0.277358211165407,0.40633792388568,0.316303864948911,0.57159780838146,0.428402191618539,0.592329335110321,0.088553235598993,0.128387383385162,0.190730045905523,rxsummary2019.xlsx,https://www.health.state.mn.us/data/apcd/publicusefiles/docs/rxsummary2019.xlsx,2026-09-19,Drug,ZONISAMIDE,6753,392,462,607,683,826,330,287,24.1,110.6,495.34,25.96,499.27
2019,MINNESOTA HEALTH CARE PROGRAMS,brivaracetam,BRIVARACETAM,Neuromuscular Drugs,1128,151,1434387.05,9499.25,1271.61,43.54,13.58,0.227,30,29.2,60,93.6,1131.54,1143.05,1289371.64,0,2.2,2488.07,1135.72,1271.61,1434387.05,0.0002503720779799,0.291666666666666,0.627659574468085,0.0806737588652482,0,0.569148936170212,0.430851063829787,0.664893617021276,0.0842198581560283,0.106382978723404,0.14450354609929,rxsummary2019.xlsx,https://www.health.state.mn.us/data/apcd/publicusefiles/docs/rxsummary2019.xlsx,2026-09-19,Drug,BRIVARACETAM,1128,145,84,103,137,279,586,97,3.6,78.5,737.86,5.83,689.36
2019,MINNESOTA HEALTH CARE PROGRAMS,cannabidiol,CANNABIDIOL,Neuromuscular Drugs,528,104,954135.58,9174.38,1807.07,60.92,11.99,,30,29.6,133,150.6,1358.55,1585.68,837239.8,0,2.67,1414.7,1562.91,1807.07,954135.58,0.0001665442446927,0.62310606060606,0.352272727272727,0.0246212121212121,0,0.503787878787878,0.496212121212121,0.628787878787878,0.115530303030303,0.145833333333333,0.109848484848484,rxsummary2019.xlsx,https://www.health.state.mn.us/data/apcd/publicusefiles/docs/rxsummary2019.xlsx,2026-09-19,Drug,CANNABIDIOL,528,190,87,88,114,299,717,,3.1,94.9,1370.04,11.67,1272.75
2019,MINNESOTA HEALTH CARE PROGRAMS,carbamazepine,CARBAMAZEPINE,Neuromuscular Drugs,14773,1899,1454550.94,765.95,98.46,3.36,0.91,0.001,30,29.2,90,107.1,66.36,94.65,1398350.94,0,1.54,22842.32,70.93,98.46,1454550.94,0.0002538916824266,0.0551682122791579,0.526839504501455,0.397684965816015,0.020307317403371,0.505855276517971,0.494144723482028,0.568469505178365,0.0868476274284167,0.141406620185473,0.203276247207743,rxsummary2019.xlsx,https://www.health.state.mn.us/data/apcd/publicusefiles/docs/rxsummary2019.xlsx,2026-09-19,Drug,CARBAMAZEPINE,14773,143,315,457,524,654,177,613,6.2,102.5,88.68,5.78,88.82
2019,MINNESOTA HEALTH CARE PROGRAMS,clobazam,CLOBAZAM,Neuromuscular Drugs,3128,362,1149231.46,3174.67,367.4,12.91,3.26,-0.67,30,28.4,75,112.3,80.45,318.18,995294.23,0,2.38,7460.46,114.99,367.4,1149231.46,0.000200598205847,0.593989769820971,0.368286445012787,0.0377237851662404,0,0.476342710997442,0.523657289002557,0.594309462915601,0.111892583120204,0.132992327365728,0.160805626598465,rxsummary2019.xlsx,https://www.health.state.mn.us/data/apcd/publicusefiles/docs/rxsummary2019.xlsx,2026-09-19,Drug,CLOBAZAM,3128,167,144,242,303,469,405,1135,5.7,101.8,599.92,12.18,640.68
2019,MINNESOTA HEALTH CARE PROGRAMS,ethosuximide,ETHOSUXIMIDE,Neuromuscular Drugs,1495,218,155232.99,712.07,103.83,3.54,0.49,-0.024,30,29.2,150,209.7,84.2,89.15,133290.44,0,5.29,7914.5,93.85,103.83,155232.99,2.70958987515e-05,,,,,0.587290969899665,0.412709030100334,0.441471571906354,0.189966555183946,0.177257525083612,0.191304347826086,rxsummary2019.xlsx,https://www.health.state.mn.us/data/apcd/publicusefiles/docs/rxsummary2019.xlsx,2026-09-19,Drug,ETHOSUXIMIDE,1495,504,326,444,513,797,536,690,5,161.2,59.91,23.18,56.5
2019,MINNESOTA HEALTH CARE PROGRAMS,felbamate,FELBAMATE,Neuromuscular Drugs,2956,312,1948458.12,6245.05,659.15,22.49,2.63,-0.032,30,29.2,180,250.6,425.72,602.95,1782344.65,0,14.04,41510.75,460.09,659.15,1948458.12,0.0003401031181656,,,,,0.468538565629228,0.531461434370771,0.577469553450608,0.0713802435723951,0.119756427604871,0.231393775372124,rxsummary2019.xlsx,https://www.health.state.mn.us/data/apcd/publicusefiles/docs/rxsummary2019.xlsx,2026-09-19,Drug,FELBAMATE,2956,116,106,159,209,498,415,723,7,202.6,636.35,67.96,625.97
2019,MINNESOTA HEALTH CARE PROGRAMS,lacosamide,LACOSAMIDE,Neuromuscular Drugs,7840,826,7049613.51,8534.64,899.18,31.4,7.73,0.086,30,28.6,60,116.2,890.46,838.83,6576454.23,0,3.34,26235.01,903.01,899.18,7049613.51,0.0012305091456692,0.252806122448979,0.5483418367346931,0.191581632653061,0.0072704081632653,0.453316326530612,0.546683673469387,0.684311224489795,0.0892857142857142,0.0973214285714285,0.129081632653061,rxsummary2019.xlsx,https://www.health.state.mn.us/data/apcd/publicusefiles/docs/rxsummary2019.xlsx,2026-09-19,Drug,LACOSAMIDE,7840,35,91,129,171,357,257,303,5.4,179.1,497.2,15.26,474.79
2019,MINNESOTA HEALTH CARE PROGRAMS,lamotrigine,LAMOTRIGINE,Neuromuscular Drugs,100952,13993,3107524.35,222.07,30.78,1.05,0.52,-0.02,30,29.1,56,58.5,5.29,28.23,2850217.76,0,0.86,86833.57,5.98,30.78,3107524.35,0.000542417981871,0.117352801331325,0.612231555590775,0.26678025200095,0.0036353910769474,0.662552500198113,0.337447499801886,0.5792455820588,0.103544258657579,0.141829780489737,0.175380378793882,rxsummary2019.xlsx,https://www.health.state.mn.us/data/apcd/publicusefiles/docs/rxsummary2019.xlsx,2026-09-19,Drug,LAMOTRIGINE,100952,71,492,699,789,777,36,675,5.1,50.2,175.16,4.02,179.15
2019,MINNESOTA HEALTH CARE PROGRAMS,levetiracetam,LEVETIRACETAM,Neuromuscular Drugs,54314,7282,2264620.29,310.98,41.69,1.43,0.25,0.064,30,28.9,108,164.2,18.74,39.01,2118856.71,0,1.48,80434.66,20.72,41.69,2264620.29,0.000395289184912,0.281087749014986,0.430073277607983,0.275251316419339,0.0135876569576904,0.476359686268733,0.523640313731266,0.639871856243325,0.0855764627904407,0.120558235445741,0.153993445520491,rxsummary2019.xlsx,https://www.health.state.mn.us/data/apcd/publicusefiles/docs/rxsummary2019.xlsx,2026-09-19,Drug,LEVETIRACETAM,54314,101,438,630,703,970,74,371,5.5,176.4,147.05,8.4,150.95
2019,MINNESOTA HEALTH CARE PROGRAMS,methsuximide,METHSUXIMIDE,Neuromuscular Drugs,140,17,39809.64,2341.74,284.35,9.74,4.14,0.065,30,29.1,60,68.5,261.54,246.93,34570.78,3,1.86,261.66,264.54,284.35,39809.64,6.9487676219e-06,,,,,0.4,0.6,,,,,rxsummary2019.xlsx,https://www.health.state.mn.us/data/apcd/publicusefiles/docs/rxsummary2019.xlsx,2026-09-19,Drug,METHSUXIMIDE,140,753,177,294,356,438,949,365,3,24.9,155.82,2.19,129.4
2019,MINNESOTA HEALTH CARE PROGRAMS,oxcarbazepine,OXCARBAZEPINE,Neuromuscular Drugs,21738,2947,1332649.94,452.2,61.3,2.12,0.46,0.225,30,28.8,84,131,21.94,55.95,1216276.93,0,1.29,28050.87,24.87,61.3,1332649.94,0.0002326138783097,0.34713405097065,0.460529947557272,0.18975986751311,0.0025761339589658,0.474008648449719,0.52599135155028,0.55396080596191,0.101251265065783,0.146885638053178,0.197902290919127,rxsummary2019.xlsx,https://www.health.state.mn.us/data/apcd/publicusefiles/docs/rxsummary2019.xlsx,2026-09-19,Drug,OXCARBAZEPINE,21738,154,382,550,623,814,140,98,5.2,134,164.23,9.81,168.36
2019,MINNESOTA HEALTH CARE PROGRAMS,perampanel,PERAMPANEL,Neuromuscular Drugs,481,69,512869.74,7432.89,1066.25,36.77,22.92,0.241,30,28.9,30,46.5,960.04,943.7,453921.91,0,6.38,3070.16,967.36,1066.25,512869.74,8.95213481862e-05,0.187110187110187,0.661122661122661,0.151767151767151,0,0.553014553014553,0.446985446985446,0.675675675675675,0.13097713097713,0.0498960498960498,0.143451143451143,rxsummary2019.xlsx,https://www.health.state.mn.us/data/apcd/publicusefiles/docs/rxsummary2019.xlsx,2026-09-19,Drug,PERAMPANEL,481,294,98,117,155,218,735,89,4.1,33.1,643.44,14.29,656.84
2019,MINNESOTA HEALTH CARE PROGRAMS,phenobarbital,PHENOBARBITAL,Central Nervous System Drugs,3628,562,171131.29,304.5,47.16,1.69,0.28,0.021,30,27.8,60,163.8,33.35,43.81,158947.02,0,1.21,4394.56,36.58,47.16,171131.29,2.98709450037e-05,0.336549062844542,0.356394707828004,0.291069459757442,0.015986769570011,0.480429988974641,0.519570011025358,0.675578831312017,0.0741455347298787,0.129823594266813,0.120452039691289,rxsummary2019.xlsx,https://www.health.state.mn.us/data/apcd/publicusefiles/docs/rxsummary2019.xlsx,2026-09-19,Drug,PHENOBARBITAL,3628,488,441,597,665,932,383,547,8.3,222.6,45.43,5.15,46.08
2019,MINNESOTA HEALTH CARE PROGRAMS,phenytoin,PHENYTOIN,Neuromuscular Drugs,792,97,29153.41,300.55,36.8,1.32,0.17,0.064,30,27.8,210,210,27.64,35.12,27817.94,0,0.8,635.96,29.03,36.8,29153.41,5.0887240245e-06,,,,,0.356060606060606,0.643939393939393,0.617424242424242,0.0959595959595959,0.0782828282828282,0.208333333333333,rxsummary2019.xlsx,https://www.health.state.mn.us/data/apcd/publicusefiles/docs/rxsummary2019.xlsx,2026-09-19,Drug,PHENYTOIN,792,803,442,660,725,1043,645,370,7.8,146.8,25.08,2.74,25
2019,MINNESOTA HEALTH CARE PROGRAMS,phenytoin,PHENYTOIN SODIUM EXTENDED,Neuromuscular Drugs,5886,645,312013.28,483.74,53,1.78,0.51,0.012,30,29.6,90,103.3,32.96,50.67,298294.78,0,1.87,11065.27,34.38,53,312013.28,5.44618785222e-05,0.0120625212368331,0.335881753312945,0.622833843017329,0.0292218824328916,0.385490995582738,0.614509004417261,0.600407747196738,0.0822290180088345,0.142201834862385,0.175161399932042,rxsummary2019.xlsx,https://www.health.state.mn.us/data/apcd/publicusefiles/docs/rxsummary2019.xlsx,2026-09-19,Drug,PHENYTOIN SODIUM EXTENDED,5886,383,369,571,655,783,308,581,6.7,55,53.4,4.7,54.02
2019,MINNESOTA HEALTH CARE PROGRAMS,primidone,PRIMIDONE,Neuromuscular Drugs,1832,260,27503.94,105.78,15.01,0.5,0.17,0.009,30,29.7,60,86,10.87,13.42,24600.7,0,1.46,2685.57,11.58,15.01,27503.94,4.8008092449e-06,0.0251091703056768,0.226528384279475,0.731441048034934,0.0169213973799126,0.525109170305676,0.474890829694323,0.57150655021834,0.119541484716157,0.123362445414847,0.185589519650655,rxsummary2019.xlsx,https://www.health.state.mn.us/data/apcd/publicusefiles/docs/rxsummary2019.xlsx,2026-09-19,Drug,PRIMIDONE,1832,813,680,904,971,1044,490,589,6.2,66,10.48,3.42,10.47
2019,MINNESOTA HEALTH CARE PROGRAMS,rescue_diazepam,DIAZEPAM (ANTICONVULSANT),Neuromuscular Drugs,2202,1191,1070020.2,898.42,485.93,53.69,291.55,0.031,2,9,1,1.6,346.12,458.58,1009796.88,0,4,8810.71,346.74,485.93,1070020.2,0.0001867718904423,,,,,0.445958219800181,0.554041780199818,0.620345140781108,0.116712079927338,0.127157129881925,0.135785649409627,rxsummary2019.xlsx,https://www.health.state.mn.us/data/apcd/publicusefiles/docs/rxsummary2019.xlsx,2026-09-19,Drug,DIAZEPAM (ANTICONVULSANT),2202,174,292,197,124,53,464,518,10.5,2.3,696.78,24.67,700.7
2019,MINNESOTA HEALTH CARE PROGRAMS,rufinamide,RUFINAMIDE,Neuromuscular Drugs,1318,153,3761482.32,24584.85,2853.93,101.1,10.36,0.099,30,28.2,182,275.2,2079.83,2599.05,3425557.89,0,1.66,2197.2,2239.65,2853.93,3761482.32,0.0006565662627415,0.482549317147192,0.443854324734446,0.0735963581183611,0,0.465857359635811,0.534142640364188,0.701820940819423,0.08649468892261,0.0455235204855842,0.166160849772382,rxsummary2019.xlsx,https://www.health.state.mn.us/data/apcd/publicusefiles/docs/rxsummary2019.xlsx,2026-09-19,Drug,RUFINAMIDE,1318,55,55,71,83,313,556,272,6.4,236.2,2089.67,10.97,2103.4
2019,MINNESOTA HEALTH CARE PROGRAMS,topiramate,TOPIRAMATE,Neuromuscular Drugs,70812,12324,1178331.86,95.61,16.64,0.56,0.24,0.069,30,29.3,60,69.3,5.88,15.2,1076834.19,0,0.86,61163.79,6.59,16.64,1178331.86,0.0002056776769828,0.114867536575721,0.536053211320115,0.346763260464328,0.002315991639835,0.772058408179404,0.227941591820595,0.559354346720894,0.106747443936056,0.146218155114952,0.187680054228096,rxsummary2019.xlsx,https://www.health.state.mn.us/data/apcd/publicusefiles/docs/rxsummary2019.xlsx,2026-09-19,Drug,TOPIRAMATE,70812,162,700,878,945,984,48,349,4.9,52,94.09,2.95,98.59
2019,MINNESOTA HEALTH CARE PROGRAMS,valproate,DIVALPROEX SODIUM,Neuromuscular Drugs,50335,6829,2351086.72,344.27,46.7,1.6,0.51,-0.093,30,29,60,91.2,23.81,44.43,2236483.32,0,0.82,41613.96,24.81,46.7,2351086.72,0.0004103818893216,0.139564915069037,0.542644283301877,0.309347372603556,0.0084434290255289,0.35202145624317,0.647978543756829,0.625350153968411,0.0920234429323532,0.136684215754445,0.145942187344789,rxsummary2019.xlsx,https://www.health.state.mn.us/data/apcd/publicusefiles/docs/rxsummary2019.xlsx,2026-09-19,Drug,DIVALPROEX SODIUM,50335,97,424,600,672,786,80,874,5.8,74.9,81.2,5.47,82.46
2019,MINNESOTA HEALTH CARE PROGRAMS,valproate,VALPROATE SODIUM,Neuromuscular Drugs,3703,483,81461.54,168.65,21.99,0.78,0.04,0.055,30,27.9,450,444,16.93,20.58,76240.61,0,0.44,1651.45,18.03,21.99,81461.54,1.42191014937e-05,0.566567647853092,0.314339724547664,0.110721036997029,0.0083715906022144,0.383742911153119,0.61625708884688,0.61166621658115,0.120172832838239,0.128814474750202,0.139346475830407,rxsummary2019.xlsx,https://www.health.state.mn.us/data/apcd/publicusefiles/docs/rxsummary2019.xlsx,2026-09-19,Drug,VALPROATE SODIUM,3703,627,545,792,867,1168,377,411,6.1,249.8,17.13,1.64,17.26
2019,MINNESOTA HEALTH CARE PROGRAMS,valproate,VALPROIC ACID,Neuromuscular Drugs,758,137,33173.08,242.13,43.76,1.52,0.28,0.049,30,28.6,120,151.7,34.84,42.38,32129.15,0,0.98,747.56,35.94,43.76,33173.08,5.7903569141e-06,0.12532981530343,0.394459102902374,0.41820580474934,0.0620052770448548,0.395778364116094,0.604221635883905,0.522427440633245,0.0686015831134564,0.156992084432717,0.25197889182058,rxsummary2019.xlsx,https://www.health.state.mn.us/data/apcd/publicusefiles/docs/rxsummary2019.xlsx,2026-09-19,Drug,VALPROIC ACID,758,781,476,613,691,931,653,440,4.5,96.3,33.03,2.35,32.91
2019,MINNESOTA HEALTH CARE PROGRAMS,vigabatrin,VIGABATRIN,Neuromuscular Drugs,216,36,2168736.17,60242.67,10040.44,341.31,91.28,0.109,30,29.4,120,109.9,10528.85,9698.08,2094785.91,0,126.65,27357.46,10626.99,10040.44,2168736.17,0.0003785526239052,,,,,0.550925925925925,0.449074074074074,0.458333333333333,0.129629629629629,0.194444444444444,0.217592592592592,rxsummary2019.xlsx,https://www.health.state.mn.us/data/apcd/publicusefiles/docs/rxsummary2019.xlsx,2026-09-19,Drug,VIGABATRIN,216,104,19,27,28,116,873,248,2.2,37.2,4364.31,596.11,3955.71
2019,MINNESOTA HEALTH CARE PROGRAMS,zonisamide,ZONISAMIDE,Neuromuscular Drugs,8095,1056,347971.77,329.51,42.98,1.46,0.4,-0.291,30,29.2,90,107.4,18.22,41.23,333817.89,0,0.75,6092.13,19.07,42.98,347971.77,6.07384283992e-05,,,,,0.533662754786905,0.466337245213094,0.592835083384805,0.105003088326127,0.119085855466337,0.18307597282273,rxsummary2019.xlsx,https://www.health.state.mn.us/data/apcd/publicusefiles/docs/rxsummary2019.xlsx,2026-09-19,Drug,ZONISAMIDE,8095,359,429,618,698,850,249,1087,5.5,79,222.27,2.27,225.5
2020,COMMERCIAL,brivaracetam,BRIVARACETAM,Neuromuscular Drugs,721,107,1505366.3,14068.84,2087.88,56.99,13.89,0.136,30,36.6,60,150.2,1191.73,1988.14,1433453.15,0,99.74,71913.15,1223.77,2087.88,1505366.3,0.0002571840295437,0.224687933425797,0.517337031900138,0.239944521497919,0.0180305131761442,0.574202496532593,0.425797503467406,0.76005547850208,0.0901525658807212,0.0596393897364771,0.0901525658807212,rxsummary2020.xlsx,https://www.health.state.mn.us/data/apcd/publicusefiles/docs/rxsummary2020.xlsx,2026-09-19,Drug,BRIVARACETAM,721,193,113,133,167,341,642,191,20.4,175.1,1603.11,310.26,1590.89
2020,COMMERCIAL,cannabidiol,CANNABIDIOL,Neuromuscular Drugs,550,65,1432477.2,22038.11,2604.5,86.6,13.66,0.347,30,30,138,190.6,1772.89,2473.25,1360289.43,0,98.1,53959.56,1886.03,2604.5,1432477.2,0.000244731304617,0.618181818181818,0.358181818181818,0.0236363636363636,0,0.527272727272727,0.472727272727272,0.698181818181818,0.125454545454545,0.0581818181818181,0.118181818181818,rxsummary2020.xlsx,https://www.health.state.mn.us/data/apcd/publicusefiles/docs/rxsummary2020.xlsx,2026-09-19,Drug,CANNABIDIOL,550,200,95,124,138,349,705,56,2.6,129.2,1770.8,344.77,1747.11
2020,COMMERCIAL,carbamazepine,CARBAMAZEPINE,Neuromuscular Drugs,8677,1771,1517047.62,856.6,174.83,3.34,1.06,-0.007,30,52.3,120,163.4,60.26,125.44,1088486.83,20,49,425185.22,103.54,174.83,1517047.62,0.0002591797225175,0.0101417540624639,0.288924743574968,0.633974876109254,0.0669586262533133,0.570704160424109,0.42929583957589,0.629364987899043,0.109715339403019,0.105681687219084,0.155237985478852,rxsummary2020.xlsx,https://www.health.state.mn.us/data/apcd/publicusefiles/docs/rxsummary2020.xlsx,2026-09-19,Drug,CARBAMAZEPINE,8677,190,391,492,615,749,244,697,29.4,134.6,184.59,95.11,206.27
2020,COMMERCIAL,clobazam,CLOBAZAM,Neuromuscular Drugs,1027,145,173727.31,1198.11,169.15,5.09,1.27,-0.541,30,33.2,120,132.2,76.59,145.84,149778.95,0,23.31,23948.36,108.17,169.15,173727.31,2.96804104274e-05,0.679649464459591,0.23076923076923,0.0895813047711781,0,0.516066212268743,0.483933787731256,0.687439143135345,0.148003894839337,0.044790652385589,0.119766309639727,rxsummary2020.xlsx,https://www.health.state.mn.us/data/apcd/publicusefiles/docs/rxsummary2020.xlsx,2026-09-19,Drug,CLOBAZAM,1027,584,341,499,530,721,590,1245,16.3,113.6,191.05,60.75,191.38
2020,COMMERCIAL,eslicarbazepine,ESLICARBAZEPINE ACETATE,Neuromuscular Drugs,56,11,161555.52,14686.86,2884.92,54.3,33.65,,30,53.1,60,85.7,1546.77,2573.29,144104.56,80,311.62,17450.96,2044.85,2884.92,161555.52,2.76009231963e-05,,,,,,,1,0,0,0,rxsummary2020.xlsx,https://www.health.state.mn.us/data/apcd/publicusefiles/docs/rxsummary2020.xlsx,2026-09-19,Drug,ESLICARBAZEPINE ACETATE,56,600,111,121,172,246,1152,,29.9,51.1,1764.04,629.19,1706.24
2020,COMMERCIAL,ethosuximide,ETHOSUXIMIDE,Neuromuscular Drugs,956,165,138483.67,839.29,144.85,3.55,0.62,0.088,30,40.7,150,230.3,75.56,104.97,100359.54,18,39.61,37876.32,114.82,144.85,138483.67,2.36592172128e-05,,,,,0.582635983263598,0.417364016736401,0.686192468619246,0.108786610878661,0.0648535564853556,0.140167364016736,rxsummary2020.xlsx,https://www.health.state.mn.us/data/apcd/publicusefiles/docs/rxsummary2020.xlsx,2026-09-19,Drug,ETHOSUXIMIDE,956,634,396,531,603,854,601,301,23.5,190.6,115.91,58.89,115.03
2020,COMMERCIAL,felbamate,FELBAMATE,Neuromuscular Drugs,949,142,572291.71,4030.22,603.04,15.04,2.67,-0.051,30,40,180,225.2,407.44,541.92,514284.17,10,60.93,57830.6,439.41,603.04,572291.71,9.77730722763e-05,,,,,0.576396206533192,0.423603793466807,0.737618545837723,0.0853530031612223,0.0474183350895679,0.129610115911485,rxsummary2020.xlsx,https://www.health.state.mn.us/data/apcd/publicusefiles/docs/rxsummary2020.xlsx,2026-09-19,Drug,FELBAMATE,949,353,197,271,327,593,602,870,23.9,180.9,563.85,214.03,580.92
2020,COMMERCIAL,lacosamide,LACOSAMIDE,Neuromuscular Drugs,3909,522,4739889.37,9080.24,1212.55,32.73,11.4,0.033,30,37,60,106.2,913.87,1104.58,4317817.39,30,107.38,419780.26,945.64,1212.55,4739889.37,0.0008097855304506,0.179073931951905,0.440266052698899,0.33384497313891,0.0468150422102839,0.498081350729086,0.501918649270913,0.71348170887695,0.129700690713737,0.0695830135584548,0.0872345868508569,rxsummary2020.xlsx,https://www.health.state.mn.us/data/apcd/publicusefiles/docs/rxsummary2020.xlsx,2026-09-19,Drug,LACOSAMIDE,3909,78,130,171,211,371,359,519,21.1,124.8,814.61,286.49,814.75
2020,COMMERCIAL,lamotrigine,LAMOTRIGINE,Neuromuscular Drugs,69739,12337,2717156.78,220.24,38.96,0.83,0.44,-0.018,30,46.6,60,87.4,0,28.33,1976272.05,5.54,10.59,738565.01,8.91,38.96,2717156.78,0.0004642121519409,0.0762414144166105,0.577438735857984,0.326546121969056,0.0197737277563486,0.686846671159609,0.31315332884039,0.705272516095728,0.115301337845394,0.0801990278036679,0.0992271182552087,rxsummary2020.xlsx,https://www.health.state.mn.us/data/apcd/publicusefiles/docs/rxsummary2020.xlsx,2026-09-19,Drug,LAMOTRIGINE,69739,129,631,840,938,952,47,749,27.4,83.9,230.09,42.56,238.82
2020,COMMERCIAL,levetiracetam,LEVETIRACETAM,Neuromuscular Drugs,28818,5650,1772388.9,313.69,61.5,1.26,0.34,-0.024,30,48.7,120,176.9,9.58,40.15,1157064.7,12,21.32,614468.78,28.19,61.5,1772388.9,0.0003028034566872,0.186411270733569,0.383545006593101,0.364078006801304,0.0659657158720244,0.492955791519189,0.50704420848081,0.673363869803594,0.127663266014296,0.0846346033728919,0.114338260809216,rxsummary2020.xlsx,https://www.health.state.mn.us/data/apcd/publicusefiles/docs/rxsummary2020.xlsx,2026-09-19,Drug,LEVETIRACETAM,28818,170,564,720,832,1007,116,767,28.8,159.2,198.49,52,212.11
2020,COMMERCIAL,oxcarbazepine,OXCARBAZEPINE,Neuromuscular Drugs,9142,1642,759732.4,462.68,83.1,1.89,0.54,0.057,30,43.8,93,151.9,13.95,60.69,554862.95,10.02,22.29,203847.18,32.5,83.1,759732.4,0.0001297963425957,0.263399693721286,0.420367534456355,0.291402318967403,0.0248304528549551,0.509297746663749,0.49070225333625,0.645482388973966,0.13924742944651,0.0887114416976591,0.126558739881863,rxsummary2020.xlsx,https://www.health.state.mn.us/data/apcd/publicusefiles/docs/rxsummary2020.xlsx,2026-09-19,Drug,OXCARBAZEPINE,9142,299,495,645,740,893,236,421,26.2,133.5,268.12,62.28,285.59
2020,COMMERCIAL,perampanel,PERAMPANEL,Neuromuscular Drugs,178,36,275779.78,7660.54,1549.32,46.93,23.41,0.194,30,33,45,66.1,989.03,1450.14,258126.46,0,99.17,17653.32,1018.95,1549.32,275779.78,4.71155459552e-05,,,,,0.589887640449438,0.410112359550561,,,,,rxsummary2020.xlsx,https://www.health.state.mn.us/data/apcd/publicusefiles/docs/rxsummary2020.xlsx,2026-09-19,Drug,PERAMPANEL,178,491,138,152,184,281,933,120,15.8,58.1,1335.84,270.47,1292.08
2020,COMMERCIAL,phenobarbital,PHENOBARBITAL,Central Nervous System Drugs,1715,388,90079.5,232.16,52.52,1.14,0.44,-0.051,30,45.9,90,119.3,0.41,23.76,40752.02,18,28.75,49310.27,35.39,52.52,90079.5,1.53896156631e-05,0.313119533527696,0.148104956268221,0.448396501457725,0.0903790087463556,0.520116618075801,0.479883381924198,0.709620991253644,0.141690962099125,0.0495626822157434,0.0991253644314868,rxsummary2020.xlsx,https://www.health.state.mn.us/data/apcd/publicusefiles/docs/rxsummary2020.xlsx,2026-09-19,Drug,PHENOBARBITAL,1715,717,624,758,856,961,499,867,28.5,123.2,43.2,33.21,49.79
2020,COMMERCIAL,phenytoin,PHENYTOIN,Neuromuscular Drugs,150,24,4575.71,190.65,30.5,0.65,0.37,-0.383,30,46.7,30,81.8,0,14.83,2224.81,13.02,15.66,2350.38,13.81,30.5,4575.71,7.81736336e-07,,,,,0.24,0.76,,,,,rxsummary2020.xlsx,https://www.health.state.mn.us/data/apcd/publicusefiles/docs/rxsummary2020.xlsx,2026-09-19,Drug,PHENYTOIN,150,1128,663,909,1001,998,971,1221,27.6,86.1,32.04,12.7,33.3
2020,COMMERCIAL,phenytoin,PHENYTOIN SODIUM EXTENDED,Neuromuscular Drugs,4610,778,494552.52,635.67,107.27,2.01,0.54,0.043,30,53.1,150,196.6,18.9,50.59,233222.63,32.43,56.64,261112.17,68.38,107.27,494552.52,8.44917346127e-05,0,0.155748373101952,0.735791757049891,0.108459869848156,0.290021691973969,0.70997830802603,0.588937093275488,0.137093275488069,0.118004338394793,0.155965292841648,rxsummary2020.xlsx,https://www.health.state.mn.us/data/apcd/publicusefiles/docs/rxsummary2020.xlsx,2026-09-19,Drug,PHENYTOIN SODIUM EXTENDED,4610,384,439,593,722,894,342,482,29.8,145.2,89.45,83.09,119.64
2020,COMMERCIAL,primidone,PRIMIDONE,Neuromuscular Drugs,2200,523,64203.61,122.76,29.18,0.5,0.17,0.142,30,57.8,90,162.9,0.59,12.35,27183.88,12,16.81,37000.77,19.36,29.18,64203.61,1.09688539799e-05,0.0109090909090909,0.116363636363636,0.637727272727272,0.235,0.43590909090909,0.564090909090909,0.609545454545454,0.143636363636363,0.0995454545454545,0.147272727272727,rxsummary2020.xlsx,https://www.health.state.mn.us/data/apcd/publicusefiles/docs/rxsummary2020.xlsx,2026-09-19,Drug,PRIMIDONE,2200,780,779,920,1056,1138,460,179,30.3,148.7,22.76,17.86,27.79
2020,COMMERCIAL,rescue_diazepam,DIAZEPAM (ANTICONVULSANT),Neuromuscular Drugs,382,268,147067.15,548.75,384.99,32.11,117.09,-0.035,8,11.9,1,3.2,277.45,333.86,127534.62,10,51.13,19532.53,299.42,384.99,147067.15,2.51256602798e-05,,,,,0.421465968586387,0.578534031413612,0.654450261780104,0.138743455497382,0.107329842931937,0.0994764397905759,rxsummary2020.xlsx,https://www.health.state.mn.us/data/apcd/publicusefiles/docs/rxsummary2020.xlsx,2026-09-19,Drug,DIAZEPAM (ANTICONVULSANT),382,617,462,356,213,137,777,810,11.6,6.3,211.71,126.91,189.58
2020,COMMERCIAL,rescue_midazolam,MIDAZOLAM (ANTICONVULSANT),Neuromuscular Drugs,92,35,62069.65,1773.41,674.67,80.19,210.4,,2,8.4,2,3.2,544.67,650.76,59870.02,0,23.9,2199.63,553.95,674.67,62069.65,1.06042779749e-05,,,,,0.543478260869565,0.456521739130434,,,,,rxsummary2020.xlsx,https://www.health.state.mn.us/data/apcd/publicusefiles/docs/rxsummary2020.xlsx,2026-09-19,Drug,MIDAZOLAM (ANTICONVULSANT),92,789,287,255,144,98,1068,,13.5,4.4,310.72,83.41,290.37
2020,COMMERCIAL,rufinamide,RUFINAMIDE,Neuromuscular Drugs,135,27,422510.62,15648.54,3129.7,97.84,11.1,-0.142,30,31.9,210,281.7,2100.38,3059.26,413001.18,0,69.37,9365.54,2100.38,3129.7,422510.62,7.21837494147e-05,0.644444444444444,0.355555555555555,0,0,0.274074074074074,0.725925925925925,,,,,rxsummary2020.xlsx,https://www.health.state.mn.us/data/apcd/publicusefiles/docs/rxsummary2020.xlsx,2026-09-19,Drug,RUFINAMIDE,135,421,110,117,131,376,1002,1063,13.5,239.6,2485.97,240.54,2449.08
2020,COMMERCIAL,topiramate,TOPIRAMATE,Neuromuscular Drugs,56920,14434,1458444.34,101.04,25.62,0.48,0.22,0.071,30,52.5,90,114.6,0,15.09,859188.89,5.78,10.52,598952.29,9.8,25.62,1458444.34,0.0002491676558897,0.046661981728742,0.461876317638791,0.467199578355586,0.0242621222768798,0.843236120871398,0.156763879128601,0.636577652846099,0.143200983836964,0.0918482080112438,0.128373155305692,rxsummary2020.xlsx,https://www.health.state.mn.us/data/apcd/publicusefiles/docs/rxsummary2020.xlsx,2026-09-19,Drug,TOPIRAMATE,56920,197,836,953,1068,1091,62,355,29.2,92.6,129.66,37.04,139.17
2020,COMMERCIAL,valproate,DIVALPROEX SODIUM,Neuromuscular Drugs,17194,3171,975235.99,307.54,56.71,1.26,0.45,-0.225,30,44.7,90,123.4,14.67,37.44,643847.82,10,19.22,330511.33,31.23,56.71,975235.99,0.0001666140139208,0.0915435617075724,0.435268116784924,0.412469466092823,0.0607188554146795,0.391241130626962,0.608758869373037,0.675410026753518,0.11765732232174,0.0872978946144003,0.11963475631034,rxsummary2020.xlsx,https://www.health.state.mn.us/data/apcd/publicusefiles/docs/rxsummary2020.xlsx,2026-09-19,Drug,DIVALPROEX SODIUM,17194,251,567,741,829,943,162,1149,27.4,109.9,92.76,39.24,103.96
2020,COMMERCIAL,valproate,VALPROATE SODIUM,Neuromuscular Drugs,573,99,15815.09,159.74,27.6,0.88,0.06,-0.212,30,31.2,360,409.1,13.42,20.56,11782.62,0,7.03,4032.47,18.67,27.6,15815.09,2.7019261516e-06,,,,,0.471204188481675,0.528795811518324,0.621291448516579,0.143106457242582,0.12739965095986,0.108202443280977,rxsummary2020.xlsx,https://www.health.state.mn.us/data/apcd/publicusefiles/docs/rxsummary2020.xlsx,2026-09-19,Drug,VALPROATE SODIUM,573,990,710,930,922,1245,699,1140,14.5,259.6,28.51,13.98,28.61
2020,COMMERCIAL,valproate,VALPROIC ACID,Neuromuscular Drugs,235,62,13490.81,217.59,57.4,1.27,0.31,0.041,30,45.1,120,180.8,19.35,32.42,7618.83,15,24.98,5871.98,43.38,57.4,13490.81,2.3048349611e-06,,,,,0.327659574468085,0.672340425531914,0.617021276595744,0.0680851063829787,0.11063829787234,0.204255319148936,rxsummary2020.xlsx,https://www.health.state.mn.us/data/apcd/publicusefiles/docs/rxsummary2020.xlsx,2026-09-19,Drug,VALPROIC ACID,235,1014,634,736,826,1020,880,486,28.6,147.5,48.71,29.55,53.07
2020,COMMERCIAL,zonisamide,ZONISAMIDE,Neuromuscular Drugs,3968,851,132282.03,155.44,33.33,0.69,0.22,0,30,48,100,150.7,4.46,16.33,64803.42,10,16.99,67452.44,22.6,33.33,132282.03,2.25996991639e-05,0.21875,0.435987903225806,0.312752016129032,0.0325100806451612,0.6875,0.3125,0.65070564516129,0.13180443548387,0.0844254032258064,0.133064516129032,rxsummary2020.xlsx,https://www.health.state.mn.us/data/apcd/publicusefiles/docs/rxsummary2020.xlsx,2026-09-19,Drug,ZONISAMIDE,3968,642,716,892,986,1094,356,669,28,135.2,30.04,25.54,36.41
2020,MEDICARE,brivaracetam,BRIVARACETAM,Neuromuscular Drugs,1072,116,1740353.44,15003.04,1623.46,51.09,20.13,0.128,30,31.7,60,80.6,1261.08,1588.83,1703233.22,0,30.29,32476.21,1261.1,1623.46,1740353.44,0.0002973303643966,0,0.370335820895522,0.463619402985074,0.166044776119402,0.552238805970149,0.44776119402985,0.752798507462686,0.0979477611940298,0.0746268656716417,0.0746268656716417,rxsummary2020.xlsx,https://www.health.state.mn.us/data/apcd/publicusefiles/docs/rxsummary2020.xlsx,2026-09-19,Drug,BRIVARACETAM,1072,241,121,138,174,303,657,165,13,49.6,991.14,147.04,999.98
2020,MEDICARE,cannabidiol,CANNABIDIOL,Neuromuscular Drugs,480,43,1761071.08,40955.14,3668.89,125.64,13.73,0.074,30,29.2,240,267.2,3222.6,3654.58,1754199.3,0,12.17,5844.15,3257.56,3668.89,1761071.08,0.0003008698658042,0,0.858333333333333,0.11875,0.0229166666666666,0.433333333333333,0.566666666666666,0.710416666666666,0.0895833333333333,0.0520833333333333,0.147916666666666,rxsummary2020.xlsx,https://www.health.state.mn.us/data/apcd/publicusefiles/docs/rxsummary2020.xlsx,2026-09-19,Drug,CANNABIDIOL,480,237,73,96,108,349,811,313,4.3,155.6,2146.61,90.37,2142.91
2020,MEDICARE,carbamazepine,CARBAMAZEPINE,Neuromuscular Drugs,32356,4400,4287425.91,974.41,132.5,3.23,0.99,0.008,30,40.9,90,132.6,66.42,113.54,3674007.19,0,18.71,605598.81,79.95,132.5,4287425.91,0.0007324844935773,0,0.157466930399307,0.357646186178761,0.484886883421931,0.526826554580294,0.473173445419705,0.524044999381876,0.0937384101866732,0.162288292743231,0.219928297688218,rxsummary2020.xlsx,https://www.health.state.mn.us/data/apcd/publicusefiles/docs/rxsummary2020.xlsx,2026-09-19,Drug,CARBAMAZEPINE,32356,127,399,542,606,756,149,609,26.2,126.7,154.88,53.14,167.09
2020,MEDICARE,clobazam,CLOBAZAM,Neuromuscular Drugs,1187,135,423533.83,3137.28,356.81,11.47,4.66,-0.43,30,31,60,76.4,100.57,354.47,420760.94,0,2.3,2732.71,101.13,356.81,423533.83,7.23585595396e-05,0,0.591406908171861,0.334456613310867,0.0741364785172704,0.524852569502948,0.475147430497051,0.674810446503791,0.0749789385004212,0.130581297388374,0.119629317607413,rxsummary2020.xlsx,https://www.health.state.mn.us/data/apcd/publicusefiles/docs/rxsummary2020.xlsx,2026-09-19,Drug,CLOBAZAM,1187,493,240,353,384,510,634,1207,12.8,69.4,725.8,12.86,725.05
2020,MEDICARE,eslicarbazepine,ESLICARBAZEPINE ACETATE,Neuromuscular Drugs,328,33,576844.69,17480.14,1758.67,55.75,34.47,0.147,30,31.5,30,51,1085.95,1693.69,555532.31,0,63,20667.26,1085.95,1758.67,576844.69,9.85509253097e-05,0,0.375,0.332317073170731,0.292682926829268,0.591463414634146,0.408536585365853,0.664634146341463,0.0823170731707317,0.204268292682926,0.048780487804878,rxsummary2020.xlsx,https://www.health.state.mn.us/data/apcd/publicusefiles/docs/rxsummary2020.xlsx,2026-09-19,Drug,ESLICARBAZEPINE ACETATE,328,422,117,131,169,240,894,130,11.8,28.8,1042.02,177,1069.04
2020,MEDICARE,ethosuximide,ETHOSUXIMIDE,Neuromuscular Drugs,521,70,86370.04,1233.85,165.77,4.24,1.08,0.237,30,39,120,152.7,115.03,155.4,80967.18,0,10.37,5402.86,121.45,165.77,86370.04,1.47558736495e-05,0,0.339731285988483,0.381957773512476,0.27831094049904,0.723608445297504,0.276391554702495,0.476007677543186,0.055662188099808,0.268714011516314,0.19961612284069,rxsummary2020.xlsx,https://www.health.state.mn.us/data/apcd/publicusefiles/docs/rxsummary2020.xlsx,2026-09-19,Drug,ETHOSUXIMIDE,521,775,364,497,554,736,790,76,24.3,117.7,127.59,41.35,129.92
2020,MEDICARE,felbamate,FELBAMATE,Neuromuscular Drugs,2132,237,1681218.76,7093.75,788.56,21.3,4.3,-0.053,30,37,150,183.3,457.57,764.1,1629075.38,0,23,49049.5,484.75,788.56,1681218.76,0.0002872275108332,0,0.380393996247654,0.437617260787992,0.181988742964352,0.524859287054409,0.47514071294559,0.607410881801125,0.121013133208255,0.116791744840525,0.154784240150093,rxsummary2020.xlsx,https://www.health.state.mn.us/data/apcd/publicusefiles/docs/rxsummary2020.xlsx,2026-09-19,Drug,FELBAMATE,2132,249,149,221,257,519,526,843,22.9,141.1,1106.85,95.54,1109.23
2020,MEDICARE,lacosamide,LACOSAMIDE,Neuromuscular Drugs,10897,1049,10333336.23,9850.65,948.27,30.99,12.12,0.037,30,30.5,60,78.1,910.59,905.66,9869005.27,0,41.38,450940.65,933.52,948.27,10333336.23,0.001765396933797,0,0.268147196476094,0.386528402312563,0.345324401211342,0.514269982564008,0.485730017435991,0.671928053592731,0.0903918509681563,0.0992933835000458,0.138386711939065,rxsummary2020.xlsx,https://www.health.state.mn.us/data/apcd/publicusefiles/docs/rxsummary2020.xlsx,2026-09-19,Drug,LACOSAMIDE,10897,53,139,184,214,370,263,471,16.9,118.1,646.11,147.42,672.52
2020,MEDICARE,lamotrigine,LAMOTRIGINE,Neuromuscular Drugs,84965,10872,4418225.7,406.38,52,1.27,0.64,0,30,40.6,60,80.8,7.4,48.76,4143097.67,0,3.2,272153.67,9.12,52,4418225.7,0.0007548309597202,0,0.238462896486788,0.406755722944741,0.354781380568469,0.629000176543282,0.370999823456717,0.557358912493379,0.0913317248278702,0.160807391278761,0.190501971399988,rxsummary2020.xlsx,https://www.health.state.mn.us/data/apcd/publicusefiles/docs/rxsummary2020.xlsx,2026-09-19,Drug,LAMOTRIGINE,84965,126,557,776,827,852,73,642,25.4,76,308.08,23.36,312.74
2020,MEDICARE,levetiracetam,LEVETIRACETAM,Neuromuscular Drugs,78815,11736,5035796.86,429.08,63.89,1.51,0.48,0.036,30,42.1,62,131.7,20.24,55.16,4347500.64,0.52,8.64,681108.45,26.2,63.89,5035796.86,0.0008603397913307,,,,,0.52984837911565,0.470151620884349,0.572314914673602,0.0953498699486138,0.145492609274884,0.186842606102899,rxsummary2020.xlsx,https://www.health.state.mn.us/data/apcd/publicusefiles/docs/rxsummary2020.xlsx,2026-09-19,Drug,LEVETIRACETAM,78815,111,550,722,785,930,77,475,28,140.2,228.92,27.65,233.76
2020,MEDICARE,methsuximide,METHSUXIMIDE,Neuromuscular Drugs,133,14,47815.98,3415.42,359.51,10.59,4.17,-0.103,30,33.9,60,86.1,272.28,346.51,46086.53,0,12.81,1704.89,273.88,359.51,47815.98,8.1691123369e-06,0,0.428571428571428,0.285714285714285,0.285714285714285,0.909774436090225,0.0902255639097744,0.37593984962406,0.12781954887218,0.12781954887218,0.368421052631578,rxsummary2020.xlsx,https://www.health.state.mn.us/data/apcd/publicusefiles/docs/rxsummary2020.xlsx,2026-09-19,Drug,METHSUXIMIDE,133,870,227,352,393,523,1034,997,21.9,51.3,243.05,68.51,242.34
2020,MEDICARE,oxcarbazepine,OXCARBAZEPINE,Neuromuscular Drugs,17040,2249,869229.25,386.49,51.01,1.34,0.47,-0.039,30,38,62,107.1,25.58,42.91,731218.01,0,8.03,136937.82,31.09,51.01,869229.25,0.0001485033118598,0,0.297711267605633,0.382453051643192,0.319835680751173,0.522476525821596,0.477523474178403,0.521537558685446,0.0865610328638497,0.174295774647887,0.217605633802816,rxsummary2020.xlsx,https://www.health.state.mn.us/data/apcd/publicusefiles/docs/rxsummary2020.xlsx,2026-09-19,Drug,OXCARBAZEPINE,17040,359,569,780,810,934,220,796,23.4,103.5,63.99,22.37,66.66
2020,MEDICARE,perampanel,PERAMPANEL,Neuromuscular Drugs,963,104,1105755.57,10632.26,1148.24,36.87,26.84,0.11,30,31.1,30,42.7,1046.24,1117.58,1076235.94,0,30.11,28996.04,1050.14,1148.24,1105755.57,0.0001889126076377,0,0.420560747663551,0.347871235721703,0.231568016614745,0.50571131879543,0.494288681204569,0.655244029075804,0.0924195223260643,0.127725856697819,0.124610591900311,rxsummary2020.xlsx,https://www.health.state.mn.us/data/apcd/publicusefiles/docs/rxsummary2020.xlsx,2026-09-19,Drug,PERAMPANEL,963,327,135,164,205,265,687,196,12.8,39.5,749.24,108.95,741.93
2020,MEDICARE,phenobarbital,PHENOBARBITAL,Central Nervous System Drugs,6557,861,360955.57,419.22,55.04,1.32,0.47,0.019,30,41.5,70,116.7,28.45,37.15,243621.05,0,17.81,116829.98,41.73,55.04,360955.57,6.16673881824e-05,0,0.102485892938843,0.302424889431142,0.595089217630013,0.529205429312185,0.470794570687814,0.497026078999542,0.113466524325148,0.175690102180875,0.213817294494433,rxsummary2020.xlsx,https://www.health.state.mn.us/data/apcd/publicusefiles/docs/rxsummary2020.xlsx,2026-09-19,Drug,PHENOBARBITAL,6557,532,552,763,811,935,345,554,26.3,137.6,38.57,35.85,47.06
2020,MEDICARE,phenytoin,PHENYTOIN,Neuromuscular Drugs,2957,357,131504.72,368.36,44.47,1.35,0.31,-0.054,30,32.7,90,139.8,24.26,38.92,115097.51,0,5.51,16317.25,27.96,44.47,131504.72,2.24668997795e-05,0,0.10010145417653,0.390598579641528,0.509299966181941,0.432532972607372,0.567467027392627,0.515049036185322,0.0767669935745688,0.165032127155901,0.243151843084206,rxsummary2020.xlsx,https://www.health.state.mn.us/data/apcd/publicusefiles/docs/rxsummary2020.xlsx,2026-09-19,Drug,PHENYTOIN,2957,700,580,809,807,1007,475,847,21.9,133.6,64.97,15.11,66.6
2020,MEDICARE,phenytoin,PHENYTOIN SODIUM EXTENDED,Neuromuscular Drugs,21006,2678,1694160.5,632.62,80.65,1.8,0.57,0.053,30,44.6,90,139.5,33.95,60.08,1262132.72,1.3,20.48,430352.48,43.54,80.65,1694160.5,0.0002894385400309,0,0.0437017994858611,0.240978767971055,0.715319432543082,0.471151099685804,0.528848900314195,0.485004284490145,0.105588879367799,0.171427211272969,0.237979624869085,rxsummary2020.xlsx,https://www.health.state.mn.us/data/apcd/publicusefiles/docs/rxsummary2020.xlsx,2026-09-19,Drug,PHENYTOIN SODIUM EXTENDED,21006,247,475,649,745,884,198,392,29.6,122.2,87.25,48.5,105.42
2020,MEDICARE,primidone,PRIMIDONE,Neuromuscular Drugs,16009,3068,439947.15,143.39,27.48,0.52,0.19,0.09,30,52.7,90,141.5,9.88,18.58,297550.12,4.62,8.85,141802.48,16.85,27.48,439947.15,7.51626901859e-05,0,0.0202386157786245,0.0984446248984945,0.88131675932288,0.536885501905178,0.463114498094821,0.511212443000812,0.111124992191892,0.150165531888312,0.227497032918983,rxsummary2020.xlsx,https://www.health.state.mn.us/data/apcd/publicusefiles/docs/rxsummary2020.xlsx,2026-09-19,Drug,PRIMIDONE,16009,488,782,928,1030,1091,228,249,31.1,137.2,27.72,12.62,31.71
2020,MEDICARE,rescue_diazepam,DIAZEPAM (ANTICONVULSANT),Neuromuscular Drugs,198,111,152004.91,1369.41,767.7,103.4,310.84,0.038,1,7.4,1,2.4,306.33,760.3,150539.58,0,6.56,1300.84,311.7,767.7,152004.91,2.59692509817e-05,0,0.414141414141414,0.338383838383838,0.247474747474747,0.464646464646464,0.535353535353535,0.454545454545454,0.186868686868686,0.131313131313131,0.227272727272727,rxsummary2020.xlsx,https://www.health.state.mn.us/data/apcd/publicusefiles/docs/rxsummary2020.xlsx,2026-09-19,Drug,DIAZEPAM (ANTICONVULSANT),198,676,352,227,123,61,972,469,15.1,3.7,1311.81,31.98,1309.74
2020,MEDICARE,rescue_midazolam,MIDAZOLAM (ANTICONVULSANT),Neuromuscular Drugs,38,24,26702.07,1112.58,702.68,58.55,284.06,,2,12,2,2.4,578.22,675.55,25671.2,0,13.34,506.93,578.22,702.68,26702.07,4.5619102538e-06,,,,,0.421052631578947,0.578947368421052,,,,,rxsummary2020.xlsx,https://www.health.state.mn.us/data/apcd/publicusefiles/docs/rxsummary2020.xlsx,2026-09-19,Drug,MIDAZOLAM (ANTICONVULSANT),38,950,382,241,167,69,1214,,13.5,1.3,392.51,76.11,367.19
2020,MEDICARE,rufinamide,RUFINAMIDE,Neuromuscular Drugs,680,61,3049549.18,49992.6,4484.63,155.62,24.2,-0.015,30,28.8,180,185.2,4048.16,4416.83,3003447.85,0,61.53,41841.75,4048.16,4484.63,3049549.18,0.0005209996705812,0,0.48235294117647,0.402941176470588,0.114705882352941,0.460294117647058,0.539705882352941,0.686764705882352,0.0352941176470588,0.125,0.152941176470588,rxsummary2020.xlsx,https://www.health.state.mn.us/data/apcd/publicusefiles/docs/rxsummary2020.xlsx,2026-09-19,Drug,RUFINAMIDE,680,168,61,84,92,274,736,709,10.1,105.7,2691.98,386.74,2789.19
2020,MEDICARE,tiagabine,TIAGABINE HCL,Neuromuscular Drugs,350,41,177254.34,4323.27,506.44,16.88,4.96,-0.206,30,29.9,60,102,325.77,494.45,173059.82,0,11.76,4118.24,325.77,506.44,177254.34,3.02829852211e-05,0,0.317142857142857,0.508571428571428,0.174285714285714,0.362857142857142,0.637142857142857,0.577142857142857,0.0314285714285714,0.174285714285714,0.217142857142857,rxsummary2020.xlsx,https://www.health.state.mn.us/data/apcd/publicusefiles/docs/rxsummary2020.xlsx,2026-09-19,Drug,TIAGABINE HCL,350,652,189,286,300,496,882,1132,20.6,88.1,425.89,76.4,445.61
2020,MEDICARE,topiramate,TOPIRAMATE,Neuromuscular Drugs,53508,9155,1814404.81,198.18,33.9,0.73,0.33,-0.015,30,46.1,60,102,8.12,30.41,1627238.71,0.84,3.46,185617.09,10.41,33.9,1814404.81,0.0003099816571284,0,0.219686775809224,0.416666666666666,0.363646557524108,0.728956417731927,0.271043582268072,0.557710996486506,0.106769081258877,0.145155864543619,0.190364057710996,rxsummary2020.xlsx,https://www.health.state.mn.us/data/apcd/publicusefiles/docs/rxsummary2020.xlsx,2026-09-19,Drug,TOPIRAMATE,53508,231,707,882,967,1001,106,707,28.2,88.9,215.41,16.78,219.22
2020,MEDICARE,valproate,DIVALPROEX SODIUM,Neuromuscular Drugs,96041,10638,6827024.45,641.75,71.08,2.17,0.71,-0.108,30,32.6,70,98.7,33.67,64.3,6175551.53,0,6.7,643605.48,38.54,71.08,6827024.45,0.0011663617405573,0,0.193760997907143,0.351141699899001,0.455097302193854,0.464520361095782,0.535479638904217,0.575941524973709,0.0901177622057246,0.155017128101539,0.178923584719026,rxsummary2020.xlsx,https://www.health.state.mn.us/data/apcd/publicusefiles/docs/rxsummary2020.xlsx,2026-09-19,Drug,DIVALPROEX SODIUM,96041,80,470,677,708,826,61,1012,19.8,90.5,117.93,24.09,121.69
2020,MEDICARE,valproate,VALPROATE SODIUM,Neuromuscular Drugs,3258,400,142832.84,357.08,43.84,1.68,0.09,-0.008,28,26,473,482.2,30.83,41.38,134825.76,0,2.43,7946.61,33.61,43.84,142832.84,2.44022503641e-05,0,0.246777163904235,0.397483118477593,0.35573971761817,0.395027624309392,0.604972375690607,0.563842848373235,0.0730509515039901,0.139656230816451,0.223449969306322,rxsummary2020.xlsx,https://www.health.state.mn.us/data/apcd/publicusefiles/docs/rxsummary2020.xlsx,2026-09-19,Drug,VALPROATE SODIUM,3258,684,584,812,759,1192,456,684,15.3,312.3,38.3,9.76,38.23
2020,MEDICARE,valproate,VALPROIC ACID,Neuromuscular Drugs,1643,253,99125.36,391.79,60.33,1.65,0.36,0.032,30,36.4,120,167.4,45.07,52.91,86931.65,0,7.33,12054.78,49.89,60.33,99125.36,1.69350539564e-05,0,0.0943396226415094,0.378575776019476,0.527084601339013,0.430310407790626,0.569689592209373,0.586122945830797,0.110164333536214,0.121119902617163,0.182592818015824,rxsummary2020.xlsx,https://www.health.state.mn.us/data/apcd/publicusefiles/docs/rxsummary2020.xlsx,2026-09-19,Drug,VALPROIC ACID,1643,752,568,739,763,991,566,491,23.4,124.4,46.45,20.08,48.65
2020,MEDICARE,zonisamide,ZONISAMIDE,Neuromuscular Drugs,7608,1024,681322.09,665.35,89.55,2.25,0.64,-0.097,30,39.7,112,138.9,28.66,84.58,643542.52,0,4.9,37303.42,31.72,89.55,681322.09,0.0001164003475588,0,0.270373291272344,0.388669821240799,0.340956887486855,0.561514195583596,0.438485804416403,0.588328075709779,0.0914826498422712,0.131046267087276,0.189143007360672,rxsummary2020.xlsx,https://www.health.state.mn.us/data/apcd/publicusefiles/docs/rxsummary2020.xlsx,2026-09-19,Drug,ZONISAMIDE,7608,397,459,625,701,851,321,979,24.9,113.7,400.11,25.64,405.79
2020,MINNESOTA HEALTH CARE PROGRAMS,brivaracetam,BRIVARACETAM,Neuromuscular Drugs,1539,183,2169752.16,11856.56,1409.84,47.77,13.5,0.108,30,29.5,60,104.4,1159.79,1201.09,1848487.89,0,2.74,4228.37,1167.8,1409.84,2169752.16,0.0003706909099931,0.304743339831059,0.626380766731643,0.0688758934372969,0,0.494476933073424,0.505523066926575,0.680311890838206,0.0942170240415854,0.109161793372319,0.116309291747888,rxsummary2020.xlsx,https://www.health.state.mn.us/data/apcd/publicusefiles/docs/rxsummary2020.xlsx,2026-09-19,Drug,BRIVARACETAM,1539,109,92,112,144,283,524,340,4.1,109.9,789.54,11.39,698.11
2020,MINNESOTA HEALTH CARE PROGRAMS,cannabidiol,CANNABIDIOL,Neuromuscular Drugs,951,127,2181317.68,17175.72,2293.7,76.72,13.09,0.269,30,29.8,150,175.1,1578.77,1747.9,1662255.3,0,2.03,1936.77,1997.2,2293.7,2181317.68,0.0003726668191371,0.635120925341745,0.330178759200841,0.0347003154574132,0,0.439537329127234,0.560462670872765,0.576235541535226,0.143007360672975,0.139852786540483,0.140904311251314,rxsummary2020.xlsx,https://www.health.state.mn.us/data/apcd/publicusefiles/docs/rxsummary2020.xlsx,2026-09-19,Drug,CANNABIDIOL,951,107,83,94,115,287,602,113,3.5,99.7,1477.2,9.72,1338.65
2020,MINNESOTA HEALTH CARE PROGRAMS,carbamazepine,CARBAMAZEPINE,Neuromuscular Drugs,14106,1808,1405101.8,777.15,99.61,3.2,0.87,0.011,30,31,90,113.3,66.46,94.59,1334289.4,0,1.36,19226.36,71.97,99.61,1405101.8,0.0002400543594227,0.0469303842336594,0.528073160357294,0.406848149723521,0.0181483056855238,0.505245994612221,0.494754005387778,0.574294626400113,0.095845739401673,0.141429179072735,0.188430455125478,rxsummary2020.xlsx,https://www.health.state.mn.us/data/apcd/publicusefiles/docs/rxsummary2020.xlsx,2026-09-19,Drug,CARBAMAZEPINE,14106,151,329,450,520,652,178,643,11.5,110.9,93.49,4.9,94.71
2020,MINNESOTA HEALTH CARE PROGRAMS,clobazam,CLOBAZAM,Neuromuscular Drugs,3727,434,1127450.76,2597.81,302.5,10.6,2.44,-0.176,30,28.5,90,123.6,59.34,223.99,834828.46,0,5.08,18936.95,95.49,302.5,1127450.76,0.0001926191183959,0.607727394687416,0.348537697880332,0.0437349074322511,0,0.473839549235309,0.52616045076469,0.570163670512476,0.112959484840354,0.16206063858331,0.154816206063858,rxsummary2020.xlsx,https://www.health.state.mn.us/data/apcd/publicusefiles/docs/rxsummary2020.xlsx,2026-09-19,Drug,CLOBAZAM,3727,173,197,296,351,504,364,986,5.2,105.4,525.79,65.96,587.59
2020,MINNESOTA HEALTH CARE PROGRAMS,eslicarbazepine,ESLICARBAZEPINE ACETATE,Neuromuscular Drugs,85,12,106975.11,8914.59,1258.53,42.33,34.28,,30,29.7,30,36.7,1018.82,1240.84,105471.86,3,9.22,784,1027.12,1258.53,106975.11,1.82761430561e-05,0.164705882352941,0.623529411764705,0.211764705882352,0,0.6,0.4,,,,,rxsummary2020.xlsx,https://www.health.state.mn.us/data/apcd/publicusefiles/docs/rxsummary2020.xlsx,2026-09-19,Drug,ESLICARBAZEPINE ACETATE,85,595,103,122,155,191,1012,,2.5,11.5,403.66,11.35,422.7
2020,MINNESOTA HEALTH CARE PROGRAMS,ethosuximide,ETHOSUXIMIDE,Neuromuscular Drugs,1409,189,146298.77,774.06,103.83,3.41,0.49,0,30,30.4,143,208.6,74.19,87.82,123738.93,0,2.59,3654.11,86.26,103.83,146298.77,2.49943865396e-05,0.716820440028388,0.271114265436479,0.0120652945351312,0,0.602555003548616,0.397444996451383,0.428672817601135,0.150461320085166,0.210787792760823,0.210078069552874,rxsummary2020.xlsx,https://www.health.state.mn.us/data/apcd/publicusefiles/docs/rxsummary2020.xlsx,2026-09-19,Drug,ETHOSUXIMIDE,1409,523,332,444,510,795,539,675,8.8,166.6,72.46,14.54,68.08
2020,MINNESOTA HEALTH CARE PROGRAMS,felbamate,FELBAMATE,Neuromuscular Drugs,3114,330,1890179.12,5727.81,606.99,19.9,2.39,-0.079,30,30.4,174,253.9,312.73,514.06,1600783.53,0,18.51,57640.26,418.15,606.99,1890179.12,0.0003229273052286,0.41072575465639,0.526974951830443,0.0622992935131663,0,0.467886962106615,0.532113037893384,0.588631984585741,0.0802825947334617,0.117854849068721,0.213230571612074,rxsummary2020.xlsx,https://www.health.state.mn.us/data/apcd/publicusefiles/docs/rxsummary2020.xlsx,2026-09-19,Drug,FELBAMATE,3114,121,124,186,236,507,402,857,10.4,207.3,630.98,101.36,616.48
2020,MINNESOTA HEALTH CARE PROGRAMS,lacosamide,LACOSAMIDE,Neuromuscular Drugs,8644,847,8492327.12,10026.36,982.45,33.74,8.33,0.092,30,29.1,60,117.8,909.64,873.2,7548017.33,0,3.41,29525.5,929.77,982.45,8492327.12,0.0014508700699125,0.244562702452568,0.550902360018509,0.195742711707542,0.0087922258213789,0.447940768162887,0.552059231837112,0.69018972697825,0.0911614993058769,0.0923183711244794,0.126330402591392,rxsummary2020.xlsx,https://www.health.state.mn.us/data/apcd/publicusefiles/docs/rxsummary2020.xlsx,2026-09-19,Drug,LACOSAMIDE,8644,35,96,135,171,352,234,386,6.8,180.2,540.53,19.44,510.67
2020,MINNESOTA HEALTH CARE PROGRAMS,lamotrigine,LAMOTRIGINE,Neuromuscular Drugs,111039,14760,3402820.44,230.54,30.64,1,0.51,-0.004,30,30.5,50,60,5.57,27.2,3020865.4,0,0.91,102045.11,6.61,30.64,3402820.44,0.0005813542342304,0.109123821360062,0.624114050018461,0.263204819928133,0.0035573086933419,0.665621988670647,0.334378011329352,0.576905411612136,0.0996136492583686,0.141499833391871,0.181981105737623,rxsummary2020.xlsx,https://www.health.state.mn.us/data/apcd/publicusefiles/docs/rxsummary2020.xlsx,2026-09-19,Drug,LAMOTRIGINE,111039,74,499,709,783,792,30,691,10.1,54.8,174.72,6.53,180.34
2020,MINNESOTA HEALTH CARE PROGRAMS,levetiracetam,LEVETIRACETAM,Neuromuscular Drugs,56235,7532,2380416.12,316.04,42.32,1.37,0.24,0.015,30,30.8,112,169.7,20.31,39.28,2209273.28,0,0.97,54601.3,21.7,42.32,2380416.12,0.0004066817556181,0.278420912243264,0.428380901573753,0.276429270027562,0.0167689161554192,0.476962745621054,0.523037254378945,0.636863163510269,0.0870454343380457,0.123428469814172,0.152662932337512,rxsummary2020.xlsx,https://www.health.state.mn.us/data/apcd/publicusefiles/docs/rxsummary2020.xlsx,2026-09-19,Drug,LEVETIRACETAM,56235,98,445,623,701,954,68,633,11.3,181.1,145.65,5.19,154.94
2020,MINNESOTA HEALTH CARE PROGRAMS,methsuximide,METHSUXIMIDE,Neuromuscular Drugs,131,15,42063.78,2804.25,321.09,10.73,4.41,0.129,30,29.9,62,72.7,262.64,246.65,32311.4,0,3.38,443.5,274.15,321.09,42063.78,7.1863787825e-06,0.175572519083969,0.82442748091603,0,0,0.282442748091603,0.717557251908396,0.725190839694656,0.0916030534351145,0.0839694656488549,0.099236641221374,rxsummary2020.xlsx,https://www.health.state.mn.us/data/apcd/publicusefiles/docs/rxsummary2020.xlsx,2026-09-19,Drug,METHSUXIMIDE,131,752,186,286,347,434,953,289,3.2,27.9,165.36,5.34,116.79
2020,MINNESOTA HEALTH CARE PROGRAMS,oxcarbazepine,OXCARBAZEPINE,Neuromuscular Drugs,22190,2914,1556064.78,533.99,70.12,2.32,0.52,0.143,30,30.1,90,134.5,25.96,62.06,1377214.69,0,1.16,25741.26,28.8,70.12,1556064.78,0.0002658456020647,0.340108156827399,0.462190175754844,0.196079315006759,0.0016223524109959,0.486390265885534,0.513609734114465,0.542586750788643,0.10766110860748,0.145470932852636,0.204281207751239,rxsummary2020.xlsx,https://www.health.state.mn.us/data/apcd/publicusefiles/docs/rxsummary2020.xlsx,2026-09-19,Drug,OXCARBAZEPINE,22190,144,377,515,591,784,141,259,9.9,139.6,161.58,6.35,167.58
2020,MINNESOTA HEALTH CARE PROGRAMS,perampanel,PERAMPANEL,Neuromuscular Drugs,707,83,797394.98,9607.16,1127.85,38.61,25.85,0.057,30,29.2,30,43.6,986.43,940.53,664961.06,0,3.18,2252,993.9,1127.85,797394.98,0.0001362307991711,0.188118811881188,0.63083451202263,0.181046676096181,0,0.594059405940594,0.405940594059405,0.633663366336633,0.137199434229137,0.11032531824611,0.118811881188118,rxsummary2020.xlsx,https://www.health.state.mn.us/data/apcd/publicusefiles/docs/rxsummary2020.xlsx,2026-09-19,Drug,PERAMPANEL,707,222,99,130,162,220,661,492,5.2,33.2,540.48,7.89,535.72
2020,MINNESOTA HEALTH CARE PROGRAMS,phenobarbital,PHENOBARBITAL,Central Nervous System Drugs,3418,585,157174.22,268.67,45.98,1.67,0.27,-0.025,30,27.4,60,166.8,31.97,41.08,140432.8,0,1,3438.26,35.27,45.98,157174.22,2.6852400801e-05,0.329139847864248,0.358396723229959,0.296957284961966,0.0155061439438267,0.479227618490345,0.520772381509654,0.704798127559976,0.0658279695728496,0.122586307782328,0.106787595084844,rxsummary2020.xlsx,https://www.health.state.mn.us/data/apcd/publicusefiles/docs/rxsummary2020.xlsx,2026-09-19,Drug,PHENOBARBITAL,3418,508,463,603,666,926,384,748,10.1,225.4,46.97,4.17,48.55
2020,MINNESOTA HEALTH CARE PROGRAMS,phenytoin,PHENYTOIN,Neuromuscular Drugs,824,99,30416.76,307.24,36.91,1.27,0.17,0.002,30,28.8,217,211.1,27.64,34.63,28535.42,0,0.88,732.32,29.5,36.91,30416.76,5.1965457858e-06,0.106796116504854,0.419902912621359,0.452669902912621,0.020631067961165,0.441747572815533,0.558252427184466,0.601941747572815,0.0910194174757281,0.087378640776699,0.219660194174757,rxsummary2020.xlsx,https://www.health.state.mn.us/data/apcd/publicusefiles/docs/rxsummary2020.xlsx,2026-09-19,Drug,PHENYTOIN,824,812,449,655,716,1019,623,668,11.2,152.7,29.64,3.01,29.36
2020,MINNESOTA HEALTH CARE PROGRAMS,phenytoin,PHENYTOIN SODIUM EXTENDED,Neuromuscular Drugs,5376,597,324935.49,544.28,60.44,1.86,0.54,0.14,30,32.3,90,111.2,35.9,57.65,309942.45,0,2.16,11647.51,38.36,60.44,324935.49,5.55135442184e-05,0.0132068452380952,0.343936011904761,0.609561011904761,0.0332961309523809,0.412946428571428,0.587053571428571,0.60063244047619,0.0704985119047619,0.146391369047619,0.182477678571428,rxsummary2020.xlsx,https://www.health.state.mn.us/data/apcd/publicusefiles/docs/rxsummary2020.xlsx,2026-09-19,Drug,PHENYTOIN SODIUM EXTENDED,5376,379,374,553,641,770,316,267,13.7,69.5,63.58,9.04,64.86
2020,MINNESOTA HEALTH CARE PROGRAMS,primidone,PRIMIDONE,Neuromuscular Drugs,1928,281,37049.85,131.85,19.21,0.61,0.2,0.28,30,31.1,62,93.5,13.17,17.65,34037.23,0,1.4,2717.42,15.32,19.21,37049.85,6.3297748308e-06,0.0181535269709543,0.232883817427385,0.724585062240663,0.0243775933609958,0.552385892116182,0.447614107883817,0.548236514522821,0.132261410788381,0.137448132780082,0.182053941908713,rxsummary2020.xlsx,https://www.health.state.mn.us/data/apcd/publicusefiles/docs/rxsummary2020.xlsx,2026-09-19,Drug,PRIMIDONE,1928,776,627,837,919,992,479,110,11.7,78.7,20.49,2.75,20.51
2020,MINNESOTA HEALTH CARE PROGRAMS,rescue_diazepam,DIAZEPAM (ANTICONVULSANT),Neuromuscular Drugs,1601,865,809330.88,935.64,505.51,57.45,275.28,0.04,2,8.7,1,1.8,352.28,455.65,729510.87,0,4.2,6734.58,352.84,505.51,809330.88,0.0001382699858184,0.777638975640224,0.202373516552154,0.0199875078076202,0,0.448469706433479,0.55153029356652,0.599625234228607,0.133041848844472,0.117426608369768,0.149906308557151,rxsummary2020.xlsx,https://www.health.state.mn.us/data/apcd/publicusefiles/docs/rxsummary2020.xlsx,2026-09-19,Drug,DIAZEPAM (ANTICONVULSANT),1601,219,308,211,133,60,512,550,10.4,2.8,641.94,29.14,635
2020,MINNESOTA HEALTH CARE PROGRAMS,rescue_midazolam,MIDAZOLAM (ANTICONVULSANT),Neuromuscular Drugs,91,48,104842.65,2184.22,1152.11,117.8,273.02,,4,9.7,2,4.2,538.1,676.3,61544.16,0,5.87,534.44,567.84,1152.11,104842.65,1.79118233183e-05,0.527472527472527,0.472527472527472,0,0,0.428571428571428,0.571428571428571,,,,,rxsummary2020.xlsx,https://www.health.state.mn.us/data/apcd/publicusefiles/docs/rxsummary2020.xlsx,2026-09-19,Drug,MIDAZOLAM (ANTICONVULSANT),91,601,218,129,82,62,1001,,10.6,3.1,816.46,17.63,840.37
2020,MINNESOTA HEALTH CARE PROGRAMS,rufinamide,RUFINAMIDE,Neuromuscular Drugs,1506,159,4965716.6,31230.92,3297.28,114.13,11.24,0.155,30,28.8,210,293.2,2119.39,2813.27,4236789.81,0,2.38,3585.2,2797.81,3297.28,4965716.6,0.0008483669421589,0.513280212483399,0.411686586985391,0.0750332005312084,0,0.46746347941567,0.532536520584329,0.656706507304116,0.097609561752988,0.0717131474103585,0.173970783532536,rxsummary2020.xlsx,https://www.health.state.mn.us/data/apcd/publicusefiles/docs/rxsummary2020.xlsx,2026-09-19,Drug,RUFINAMIDE,1506,50,51,74,86,313,528,244,6.7,249.5,2352.46,22.95,2394.27
2020,MINNESOTA HEALTH CARE PROGRAMS,topiramate,TOPIRAMATE,Neuromuscular Drugs,72844,12199,1321821.91,108.35,18.14,0.57,0.24,0.09,30,31.3,60,72.9,6.31,16.6,1209679.72,0,0.95,69435.15,7.51,18.14,1321821.91,0.0002258264218834,0.107393882818076,0.535733897095162,0.353302948767228,0.0035692713195321,0.769411344791609,0.23058865520839,0.555845368184064,0.106501564988193,0.14811103179397,0.18954203503377,rxsummary2020.xlsx,https://www.health.state.mn.us/data/apcd/publicusefiles/docs/rxsummary2020.xlsx,2026-09-19,Drug,TOPIRAMATE,72844,161,683,858,937,955,49,390,11.7,61.4,95.11,2.37,98.57
2020,MINNESOTA HEALTH CARE PROGRAMS,valproate,DIVALPROEX SODIUM,Neuromuscular Drugs,52051,6514,2597667.27,398.78,49.9,1.64,0.52,0.068,30,30.2,62,94.7,25.13,46.82,2437424.82,0,0.79,41286.36,26.97,49.9,2597667.27,0.0004437979885111,0.130583466215826,0.540758102630112,0.318533745749361,0.0101246854046992,0.349042285450807,0.650957714549192,0.621294499625367,0.0949069182148277,0.135290388273039,0.148508193886764,rxsummary2020.xlsx,https://www.health.state.mn.us/data/apcd/publicusefiles/docs/rxsummary2020.xlsx,2026-09-19,Drug,DIVALPROEX SODIUM,52051,91,415,583,669,781,78,456,9.9,80.8,83.84,5.24,85.85
2020,MINNESOTA HEALTH CARE PROGRAMS,valproate,VALPROATE SODIUM,Neuromuscular Drugs,3772,471,89635.52,190.3,23.76,0.82,0.05,0.08,30,28.6,473,445.7,18.8,21.1,79604.86,0,0.7,2676.93,20.03,23.76,89635.52,1.53137639814e-05,,,,,0.379639448568398,0.620360551431601,0.60763520678685,0.108695652173913,0.135206786850477,0.148462354188759,rxsummary2020.xlsx,https://www.health.state.mn.us/data/apcd/publicusefiles/docs/rxsummary2020.xlsx,2026-09-19,Drug,VALPROATE SODIUM,3772,629,538,780,841,1147,363,424,7.4,256.7,17.36,2.26,18.99
2020,MINNESOTA HEALTH CARE PROGRAMS,valproate,VALPROIC ACID,Neuromuscular Drugs,739,134,43110.84,321.72,58.33,1.99,0.38,0.332,30,29.2,120,152.9,43.6,56.45,41718.01,0,1.11,823.55,46.45,58.33,43110.84,7.3652635562e-06,0.10148849797023,0.442489851150202,0.403247631935047,0.0527740189445196,0.384303112313937,0.615696887686062,0.518267929634641,0.0568335588633288,0.115020297699594,0.309878213802435,rxsummary2020.xlsx,https://www.health.state.mn.us/data/apcd/publicusefiles/docs/rxsummary2020.xlsx,2026-09-19,Drug,VALPROIC ACID,739,748,442,561,625,858,651,87,9.9,95.5,51.25,2.27,51.1
2020,MINNESOTA HEALTH CARE PROGRAMS,vigabatrin,VIGABATRIN,Neuromuscular Drugs,173,31,1810197.47,58393.46,10463.56,348.51,93.78,0.042,30,30,120,111.5,10725.13,9920.92,1716320.43,0,61.26,10598.52,10725.13,10463.56,1810197.47,0.0003092628548974,,,,,0.566473988439306,0.433526011560693,0.352601156069364,0.236994219653179,0.208092485549132,0.202312138728323,rxsummary2020.xlsx,https://www.health.state.mn.us/data/apcd/publicusefiles/docs/rxsummary2020.xlsx,2026-09-19,Drug,VIGABATRIN,173,126,23,32,32,121,897,540,5.5,42.6,4684.38,300.94,4004.87
2020,MINNESOTA HEALTH CARE PROGRAMS,zonisamide,ZONISAMIDE,Neuromuscular Drugs,8208,1032,231668.07,224.48,28.22,0.92,0.25,-0.343,30,30.4,90,110.3,21.09,26.05,213833.83,0,0.97,8007.45,22.33,28.22,231668.07,3.95792889472e-05,0.295687134502923,0.47490253411306,0.227948343079922,0.0014619883040935,0.531798245614035,0.468201754385964,0.584551656920077,0.107456140350877,0.128898635477582,0.179093567251461,rxsummary2020.xlsx,https://www.health.state.mn.us/data/apcd/publicusefiles/docs/rxsummary2020.xlsx,2026-09-19,Drug,ZONISAMIDE,8208,436,509,725,813,948,243,1079,9.8,83.5,25.63,2.76,25.46
2021,COMMERCIAL,brivaracetam,BRIVARACETAM,Neuromuscular Drugs,886,124,1658223.89,13372.77,1871.58,54.92,12.19,-0.103,30,34,76.5,153.5,1213.51,1763.92,1562839.92,0,106.44,94309.5,1230.98,1871.58,1658223.89,0.0002549643518744,0.344243792325056,0.435665914221218,0.197516930022573,0.0225733634311512,0.532731376975169,0.46726862302483,0.671557562076749,0.174943566591422,0.0654627539503386,0.0880361173814898,rxsummary2021.xlsx,https://www.health.state.mn.us/data/apcd/publicusefiles/docs/rxsummary2021.xlsx,2026-09-19,Drug,BRIVARACETAM,886,187,120,141,174,376,618,1032,18.6,173.5,1374.64,304.83,1362.63
2021,COMMERCIAL,cannabidiol,CANNABIDIOL,Neuromuscular Drugs,479,60,1348351.01,22472.51,2814.92,94.86,14.58,0.08,30,29.6,150,193,2133.65,2703.11,1294790.77,0,84.88,40659.07,2205.23,2814.92,1348351.01,0.0002073190740026,,,,,0.473903966597077,0.526096033402922,0.643006263048016,0.17536534446764,0.045929018789144,0.135699373695198,rxsummary2021.xlsx,https://www.health.state.mn.us/data/apcd/publicusefiles/docs/rxsummary2021.xlsx,2026-09-19,Drug,CANNABIDIOL,479,213,104,127,137,345,732,240,1.9,121.5,1813.32,312.65,1775.7
2021,COMMERCIAL,carbamazepine,CARBAMAZEPINE,Neuromuscular Drugs,7993,1692,1381120.76,816.26,172.79,3.31,1.02,-0.011,30,52.1,120,168.4,57.26,123.5,987193.64,20,49.12,392679.65,96.55,172.79,1381120.76,0.0002123576686823,0.010008757662955,0.283247841861628,0.633554360065056,0.073189040410359,0.56637057425247,0.433629425747529,0.632553484298761,0.113349180532966,0.101088452395846,0.153008882772425,rxsummary2021.xlsx,https://www.health.state.mn.us/data/apcd/publicusefiles/docs/rxsummary2021.xlsx,2026-09-19,Drug,CARBAMAZEPINE,7993,211,403,498,613,751,255,639,29.9,142.9,181.56,97.02,202.31
2021,COMMERCIAL,cenobamate,CENOBAMATE,Neuromuscular Drugs,68,19,88942.05,4681.16,1307.97,31.42,29.54,,30,41.6,30,44.2,994.64,1218.3,82844.61,0,89.66,6097.44,1012.54,1307.97,88942.05,1.36755068295e-05,,,,,0.558823529411764,0.441176470588235,0.544117647058823,0.279411764705882,0.176470588235294,0,rxsummary2021.xlsx,https://www.health.state.mn.us/data/apcd/publicusefiles/docs/rxsummary2021.xlsx,2026-09-19,Drug,CENOBAMATE,68,723,174,172,224,270,1123,,24.8,33.3,1172.44,346.15,1168.73
2021,COMMERCIAL,clobazam,CLOBAZAM,Neuromuscular Drugs,1137,162,147057.73,907.76,129.33,4.11,1,-0.235,30,31.4,120,128.3,72.82,109.25,124224.3,0,18.05,20533.93,84.75,129.33,147057.73,2.26112282205e-05,,,,,0.510114335971855,0.489885664028144,0.620932277924362,0.192612137203166,0.0703605980650835,0.116094986807387,rxsummary2021.xlsx,https://www.health.state.mn.us/data/apcd/publicusefiles/docs/rxsummary2021.xlsx,2026-09-19,Drug,CLOBAZAM,1137,612,391,552,569,758,584,1195,14.7,102.2,137.85,40.02,141.74
2021,COMMERCIAL,ethosuximide,ETHOSUXIMIDE,Neuromuscular Drugs,875,159,131170.9,824.97,149.9,3.47,0.61,0.034,30,43.1,180,245.3,74.49,112.69,98610.44,18,37.17,32529.79,108.87,149.9,131170.9,2.01685090324e-05,,,,,0.578285714285714,0.421714285714285,0.700571428571428,0.0651428571428571,0.0605714285714285,0.173714285714285,rxsummary2021.xlsx,https://www.health.state.mn.us/data/apcd/publicusefiles/docs/rxsummary2021.xlsx,2026-09-19,Drug,ETHOSUXIMIDE,875,639,402,521,602,861,621,431,25.4,196.1,138.09,54.82,134.54
2021,COMMERCIAL,felbamate,FELBAMATE,Neuromuscular Drugs,703,110,411499.38,3740.9,585.34,14.01,2.53,-0.029,30,41.7,180,230.8,406.47,522.34,367208.6,5,62.63,44030.93,419.92,585.34,411499.38,6.32711139618e-05,,,,,0.497866287339971,0.502133712660028,0.705547652916073,0.0924608819345661,0.0654338549075391,0.13655761024182,rxsummary2021.xlsx,https://www.health.state.mn.us/data/apcd/publicusefiles/docs/rxsummary2021.xlsx,2026-09-19,Drug,FELBAMATE,703,421,211,284,353,614,655,728,25.2,171.3,530.96,186.27,534.39
2021,COMMERCIAL,lacosamide,LACOSAMIDE,Neuromuscular Drugs,4047,554,5314994.19,9593.85,1313.31,34.64,11.62,0.083,30,37.9,60,112.9,959.03,1201.4,4862095.41,30,104.07,421185.13,984.68,1313.31,5314994.19,0.0008172201938724,0.2018779342723,0.456140350877192,0.301210773412404,0.0407709414381022,0.514208055349641,0.485791944650358,0.699283419817148,0.132937978749691,0.0704225352112676,0.0973560662218927,rxsummary2021.xlsx,https://www.health.state.mn.us/data/apcd/publicusefiles/docs/rxsummary2021.xlsx,2026-09-19,Drug,LACOSAMIDE,4047,73,132,171,212,382,357,233,22.6,129.2,946.29,271.64,951.74
2021,COMMERCIAL,lamotrigine,LAMOTRIGINE,Neuromuscular Drugs,72026,12966,2609275.67,201.23,36.22,0.76,0.41,-0.07,30,47.2,60,87.7,0,25.83,1860746.17,5.32,10.33,744395.6,9.05,36.22,2609275.67,0.0004011956914112,0.080387637797462,0.583414322605725,0.317524227362341,0.0186738122344708,0.695276705634076,0.304723294365923,0.703898592175047,0.117249326632049,0.0803598700469274,0.098492211145975,rxsummary2021.xlsx,https://www.health.state.mn.us/data/apcd/publicusefiles/docs/rxsummary2021.xlsx,2026-09-19,Drug,LAMOTRIGINE,72026,144,649,859,961,968,45,924,27.8,85,215.45,35.43,224.07
2021,COMMERCIAL,levetiracetam,LEVETIRACETAM,Neuromuscular Drugs,27592,5732,1612294.79,281.27,58.43,1.14,0.31,-0.049,30,50.9,150,184,9.65,36.4,1004584.45,12.84,21.97,606307.14,28.99,58.43,1612294.79,0.0002479024084997,0.18070455204407,0.391852710930704,0.357603653232821,0.0698390837924035,0.499818788054508,0.500181211945491,0.660698753261815,0.135474050449405,0.0847347057118005,0.119092490576978,rxsummary2021.xlsx,https://www.health.state.mn.us/data/apcd/publicusefiles/docs/rxsummary2021.xlsx,2026-09-19,Drug,LEVETIRACETAM,27592,191,582,732,848,1021,125,827,29.6,160.7,173.3,48.41,184.48
2021,COMMERCIAL,oxcarbazepine,OXCARBAZEPINE,Neuromuscular Drugs,8877,1675,848909.95,506.81,95.63,2.11,0.58,0.15,30,45.2,120,163.2,17.04,71.68,636373.19,10,23.86,211858.81,36.05,95.63,848909.95,0.0001305262675967,0.274867635462431,0.420750253464008,0.27858510758139,0.0257970034921707,0.500506928016221,0.499493071983778,0.637602793736622,0.137095865720401,0.0964289737523938,0.128872366790582,rxsummary2021.xlsx,https://www.health.state.mn.us/data/apcd/publicusefiles/docs/rxsummary2021.xlsx,2026-09-19,Drug,OXCARBAZEPINE,8877,281,473,614,708,871,242,129,26.9,142.9,296.93,68.06,316.21
2021,COMMERCIAL,perampanel,PERAMPANEL,Neuromuscular Drugs,248,44,400130.85,9093.88,1613.43,47.73,22.44,0.041,30,33.8,60,71.8,1064.17,1556.43,385996.28,0,56.99,14134.57,1087.66,1613.43,400130.85,6.15231172644e-05,,,,,0.544354838709677,0.455645161290322,,,,,rxsummary2021.xlsx,https://www.health.state.mn.us/data/apcd/publicusefiles/docs/rxsummary2021.xlsx,2026-09-19,Drug,PERAMPANEL,248,428,137,152,181,303,862,396,17.8,55.1,1106.99,249.12,1090.48
2021,COMMERCIAL,phenobarbital,PHENOBARBITAL,Central Nervous System Drugs,1594,357,79518.41,222.74,49.88,1.05,0.44,-0.05,30,47.4,90,112.9,0,20.3,32366.37,20.07,29.56,47121.36,33.75,49.88,79518.41,1.22265515471e-05,0.371392722710163,0.108531994981179,0.432245922208281,0.0878293601003764,0.511919698870765,0.488080301129234,0.705144291091593,0.130489335006273,0.0627352572145545,0.101631116687578,rxsummary2021.xlsx,https://www.health.state.mn.us/data/apcd/publicusefiles/docs/rxsummary2021.xlsx,2026-09-19,Drug,PHENOBARBITAL,1594,748,629,775,870,951,517,829,29.3,99.6,40.49,30.78,47.62
2021,COMMERCIAL,phenytoin,PHENYTOIN,Neuromuscular Drugs,189,31,5519.46,178.04,29.2,0.64,0.32,-0.042,30,45,30,89.1,1.9,16.37,3093.98,10.53,12.82,2424.07,13.3,29.2,5519.46,8.486583446e-07,0,0.185185185185185,0.74074074074074,0.074074074074074,0.301587301587301,0.698412698412698,,,,,rxsummary2021.xlsx,https://www.health.state.mn.us/data/apcd/publicusefiles/docs/rxsummary2021.xlsx,2026-09-19,Drug,PHENYTOIN,189,1117,684,923,1006,1014,919,788,30.8,128.7,37.93,9.7,37.26
2021,COMMERCIAL,phenytoin,PHENYTOIN SODIUM EXTENDED,Neuromuscular Drugs,3812,663,425518.54,641.8,111.62,2,0.53,0.04,30,55.7,150,210.1,16.4,55.64,212134.01,30,55.93,213233.56,70.08,111.62,425518.54,6.54266648888e-05,0,0.165792235047219,0.717995802728226,0.116211962224554,0.283315844700944,0.716684155299055,0.603882476390346,0.121983210912906,0.119359916054564,0.154774396642182,rxsummary2021.xlsx,https://www.health.state.mn.us/data/apcd/publicusefiles/docs/rxsummary2021.xlsx,2026-09-19,Drug,PHENYTOIN SODIUM EXTENDED,3812,414,437,583,721,899,370,402,30.2,147.8,98.67,84.63,127.97
2021,COMMERCIAL,primidone,PRIMIDONE,Neuromuscular Drugs,2089,505,68644.9,135.93,32.86,0.56,0.2,0.125,31,57.8,90,162.8,1.9,15.08,31517.3,12,17.75,37081.42,23.08,32.86,68644.9,1.0554667885e-05,,,,,0.437051220679751,0.562948779320248,0.58736237434179,0.146481570129248,0.113930110100526,0.152225945428434,rxsummary2021.xlsx,https://www.health.state.mn.us/data/apcd/publicusefiles/docs/rxsummary2021.xlsx,2026-09-19,Drug,PRIMIDONE,2089,774,753,888,1035,1114,471,157,30.7,151.8,28.44,21.59,34.77
2021,COMMERCIAL,rescue_diazepam,DIAZEPAM (ANTICONVULSANT),Neuromuscular Drugs,477,314,218071.83,694.49,457.17,36.83,276.04,0.187,8,12.4,1,1.6,298.06,391.95,186964.85,10,63.81,30438.63,349.01,457.17,218071.83,3.35301783633e-05,,,,,0.475890985324947,0.524109014675052,0.645702306079664,0.159329140461215,0.10691823899371,0.0880503144654088,rxsummary2021.xlsx,https://www.health.state.mn.us/data/apcd/publicusefiles/docs/rxsummary2021.xlsx,2026-09-19,Drug,DIAZEPAM (ANTICONVULSANT),477,546,427,328,208,88,733,101,13.1,0.9,304.23,126.66,268.82
2021,COMMERCIAL,rescue_midazolam,MIDAZOLAM (ANTICONVULSANT),Neuromuscular Drugs,172,66,131884.64,1998.25,766.77,56.7,265.89,0.136,6,13.5,2,2.8,551.62,716.23,123192.66,0,50.53,8691.98,553.89,766.77,131884.64,2.02782519071e-05,0.656976744186046,0.226744186046511,0.116279069767441,0,0.505813953488372,0.494186046511627,,,,,rxsummary2021.xlsx,https://www.health.state.mn.us/data/apcd/publicusefiles/docs/rxsummary2021.xlsx,2026-09-19,Drug,MIDAZOLAM (ANTICONVULSANT),172,636,276,237,171,90,941,143,17.2,1.5,399.99,145.21,386.28
2021,COMMERCIAL,rufinamide,RUFINAMIDE,Neuromuscular Drugs,42,15,122640.16,8176.01,2920,105.45,5.65,-0.067,30,27.6,460,516,1985.11,2846,119532.22,0,73.99,3107.94,1995.11,2920,122640.16,1.88568438174e-05,0.69047619047619,0.309523809523809,0,0,0.547619047619047,0.452380952380952,,,,,rxsummary2021.xlsx,https://www.health.state.mn.us/data/apcd/publicusefiles/docs/rxsummary2021.xlsx,2026-09-19,Drug,RUFINAMIDE,42,655,143,125,129,501,1201,912,5.5,310.5,2420.03,317.12,2354.3
2021,COMMERCIAL,tiagabine,TIAGABINE HCL,Neuromuscular Drugs,45,11,42077.06,3825.18,935.04,14.55,4.82,,90,64.2,90,193.7,428.18,863.16,38842.24,36,71.88,3234.82,464.18,935.04,42077.06,6.4696633526e-06,,,,,0.4,0.6,,,,,rxsummary2021.xlsx,https://www.health.state.mn.us/data/apcd/publicusefiles/docs/rxsummary2021.xlsx,2026-09-19,Drug,TIAGABINE HCL,45,855,207,211,346,521,1188,,30.6,179,988.77,123.48,977.66
2021,COMMERCIAL,topiramate,TOPIRAMATE,Neuromuscular Drugs,56216,15158,1318773.2,87,23.45,0.43,0.2,-0.084,30,54,90,116.8,0,13,731259.91,5.58,10.44,587001.62,9.42,23.45,1318773.2,0.0002027712640223,0.0460545040557848,0.455172904511171,0.475896541909776,0.0228760495232673,0.836541198235377,0.163458801764622,0.632915895830368,0.14332218585456,0.0938522840472463,0.129909634267824,rxsummary2021.xlsx,https://www.health.state.mn.us/data/apcd/publicusefiles/docs/rxsummary2021.xlsx,2026-09-19,Drug,TOPIRAMATE,56216,216,869,976,1090,1115,64,970,29.6,93.7,109.18,36.75,121.75
2021,COMMERCIAL,valproate,DIVALPROEX SODIUM,Neuromuscular Drugs,16452,3090,887357.81,287.17,53.93,1.19,0.43,-0.049,30,45,90,125.2,13.96,35.12,577953.4,10,18.7,307744.85,28.89,53.93,887357.81,0.0001364379142477,0.0914174568441526,0.439095550692924,0.405968879163627,0.0635181132992949,0.381473377097009,0.61852662290299,0.665633357646486,0.12047167517627,0.0849136883053732,0.128981278871869,rxsummary2021.xlsx,https://www.health.state.mn.us/data/apcd/publicusefiles/docs/rxsummary2021.xlsx,2026-09-19,Drug,DIVALPROEX SODIUM,16452,275,576,756,840,954,169,821,27.6,112.1,85.43,43.17,98.43
2021,COMMERCIAL,valproate,VALPROATE SODIUM,Neuromuscular Drugs,615,103,14647.25,142.2,23.81,0.72,0.05,-0.137,30,32.7,360,403.8,9.3,17.15,10551.17,0,6.65,4091.03,17.33,23.81,14647.25,2.2521244721e-06,0.588617886178861,0.32520325203252,0.065040650406504,0.0211382113821138,0.395121951219512,0.604878048780487,0.598373983739837,0.143089430894308,0.115447154471544,0.143089430894308,rxsummary2021.xlsx,https://www.health.state.mn.us/data/apcd/publicusefiles/docs/rxsummary2021.xlsx,2026-09-19,Drug,VALPROATE SODIUM,615,995,743,973,977,1257,678,1105,16.5,254.2,22.92,10.8,23.17
2021,COMMERCIAL,valproate,VALPROIC ACID,Neuromuscular Drugs,203,63,11414.76,181.18,56.23,1.24,0.29,-0.02,30,45.2,180,188.1,19.18,33.68,6838.46,15,22.53,4573.9,50.09,56.23,11414.76,1.7551049063e-06,,,,,0.399014778325123,0.600985221674876,,,,,rxsummary2021.xlsx,https://www.health.state.mn.us/data/apcd/publicusefiles/docs/rxsummary2021.xlsx,2026-09-19,Drug,VALPROIC ACID,203,1025,678,738,830,1033,899,685,30.3,150.7,45.67,25.54,49.19
2021,COMMERCIAL,zonisamide,ZONISAMIDE,Neuromuscular Drugs,3926,836,129507.03,154.91,32.98,0.66,0.21,-0.01,30,49.3,120,154.5,4.2,15.14,59449.71,11.15,17.82,69973.36,23.08,32.98,129507.03,1.99126765488e-05,0.247070809984717,0.437595517065715,0.283749363219561,0.031584309730005,0.680590932246561,0.319409067753438,0.644167091186958,0.129903209373408,0.0820173204279164,0.143912379011716,rxsummary2021.xlsx,https://www.health.state.mn.us/data/apcd/publicusefiles/docs/rxsummary2021.xlsx,2026-09-19,Drug,ZONISAMIDE,3926,640,718,885,999,1090,363,636,28.5,133.7,25.88,22.7,31.26
2021,MEDICARE,brivaracetam,BRIVARACETAM,Neuromuscular Drugs,1486,147,2596412.1,17662.66,1747.24,56,16.91,0.076,30,31.1,60,103.2,1306.25,1713.09,2545656.75,0,33.27,49443.38,1306.25,1747.24,2596412.1,0.0003992178211082,0,0.417900403768506,0.382907133243606,0.199192462987886,0.543741588156123,0.456258411843876,0.753028263795423,0.0767160161507402,0.0720053835800807,0.098250336473755,rxsummary2021.xlsx,https://www.health.state.mn.us/data/apcd/publicusefiles/docs/rxsummary2021.xlsx,2026-09-19,Drug,BRIVARACETAM,1486,192,122,144,179,330,571,309,12.9,130.1,1128.95,153.88,1136.89
2021,MEDICARE,cannabidiol,CANNABIDIOL,Neuromuscular Drugs,502,52,2017393.82,38796.03,4018.71,137.3,15.21,0.095,30,29.2,240,264.1,3479.96,3999.66,2007829.39,0,12.93,6492.07,3493.2,4018.71,2017393.82,0.0003101894206769,0,0.834661354581673,0.141434262948207,0.0239043824701195,0.45019920318725,0.549800796812749,0.711155378486055,0.097609561752988,0.049800796812749,0.141434262948207,rxsummary2021.xlsx,https://www.health.state.mn.us/data/apcd/publicusefiles/docs/rxsummary2021.xlsx,2026-09-19,Drug,CANNABIDIOL,502,223,80,98,104,344,807,232,3.1,156.1,2491.08,100.38,2483.59
2021,MEDICARE,carbamazepine,CARBAMAZEPINE,Neuromuscular Drugs,29742,4249,3905239.03,919.09,131.3,3.13,0.95,-0.009,30,41.8,90,136.9,68.94,112.38,3342539.25,0,18.73,557204.09,80.85,131.3,3905239.03,0.0006004597715684,0,0.154629816421222,0.341537220092798,0.503832963485979,0.530730952861273,0.469269047138726,0.510725573263398,0.0962611794768341,0.163976867729137,0.22903637953063,rxsummary2021.xlsx,https://www.health.state.mn.us/data/apcd/publicusefiles/docs/rxsummary2021.xlsx,2026-09-19,Drug,CARBAMAZEPINE,29742,140,418,546,610,765,155,682,27,134.1,154.07,53.16,167.62
2021,MEDICARE,cenobamate,CENOBAMATE,Neuromuscular Drugs,228,32,273507.99,8547.12,1199.59,36.1,32.99,,30,33.2,30,36.3,1100.73,1186.09,270428.74,0,13.5,3079.25,1102.13,1199.59,273507.99,4.20539034706e-05,0,0.495614035087719,0.324561403508771,0.179824561403508,0.587719298245614,0.412280701754385,,,,,rxsummary2021.xlsx,https://www.health.state.mn.us/data/apcd/publicusefiles/docs/rxsummary2021.xlsx,2026-09-19,Drug,CENOBAMATE,228,583,156,177,215,254,946,,15.9,21.7,897.54,75.47,894.76
2021,MEDICARE,clobazam,CLOBAZAM,Neuromuscular Drugs,1435,157,489284.08,3116.45,340.96,10.87,4.91,-0.044,30,31.3,60,69.3,66.17,337.67,484560.22,0,3.27,4704.06,70.64,340.96,489284.08,7.52310946018e-05,0,0.604181184668989,0.340069686411149,0.0557491289198606,0.50383275261324,0.496167247386759,0.689198606271777,0.0773519163763066,0.108710801393728,0.124738675958188,rxsummary2021.xlsx,https://www.health.state.mn.us/data/apcd/publicusefiles/docs/rxsummary2021.xlsx,2026-09-19,Drug,CLOBAZAM,1435,474,251,367,409,503,578,828,10.9,62.7,704.85,22.31,704.7
2021,MEDICARE,eslicarbazepine,ESLICARBAZEPINE ACETATE,Neuromuscular Drugs,341,31,648094.62,20906.27,1900.57,62.54,37.2,0.08,30,30.3,30,51,1136.94,1785.1,608719.27,0,112.76,38452.16,1143.35,1900.57,648094.62,9.964940545e-05,0,0.363636363636363,0.313782991202346,0.32258064516129,0.618768328445747,0.381231671554252,0.621700879765395,0.114369501466275,0.231671554252199,0.032258064516129,rxsummary2021.xlsx,https://www.health.state.mn.us/data/apcd/publicusefiles/docs/rxsummary2021.xlsx,2026-09-19,Drug,ESLICARBAZEPINE ACETATE,341,411,113,139,169,238,875,283,11.9,41.5,1446.93,339.96,1558.31
2021,MEDICARE,ethosuximide,ETHOSUXIMIDE,Neuromuscular Drugs,603,71,103533.46,1458.21,171.69,4.46,1.08,0.035,30,38.4,120,157.6,103.6,163.67,98697.75,0,8.01,4835.71,109.04,171.69,103533.46,1.59190454831e-05,0,0.393034825870646,0.356550580431177,0.250414593698175,0.686567164179104,0.313432835820895,0.502487562189054,0.0431177446102819,0.26865671641791,0.185737976782752,rxsummary2021.xlsx,https://www.health.state.mn.us/data/apcd/publicusefiles/docs/rxsummary2021.xlsx,2026-09-19,Drug,ETHOSUXIMIDE,603,748,350,501,549,740,767,495,24.2,126,186.34,29.47,188.12
2021,MEDICARE,felbamate,FELBAMATE,Neuromuscular Drugs,2085,237,1598350.01,6744.09,766.59,20.46,4.17,-0.027,30,37.4,150,183.5,409.82,743.29,1549764.1,0,23.19,48368,430.14,766.59,1598350.01,0.0002457582940552,0,0.395203836930455,0.404796163069544,0.2,0.553956834532374,0.446043165467625,0.6,0.116067146282973,0.103597122302158,0.180335731414868,rxsummary2021.xlsx,https://www.health.state.mn.us/data/apcd/publicusefiles/docs/rxsummary2021.xlsx,2026-09-19,Drug,FELBAMATE,2085,259,163,239,276,529,523,751,22.7,147.7,1135.88,98.89,1137.82
2021,MEDICARE,lacosamide,LACOSAMIDE,Neuromuscular Drugs,11326,1117,11396695.86,10202.95,1006.24,32.65,12.96,0.061,30,30.8,60,77.6,933.75,956.34,10831527.42,0,47.92,542742.38,978.05,1006.24,11396695.86,0.0017523274094518,0,0.259314850785802,0.372329154158573,0.368355995055624,0.512007769733356,0.487992230266643,0.660339042910118,0.0902348578491965,0.102507504856083,0.146918594384601,rxsummary2021.xlsx,https://www.health.state.mn.us/data/apcd/publicusefiles/docs/rxsummary2021.xlsx,2026-09-19,Drug,LACOSAMIDE,11326,51,147,197,219,370,258,379,17.6,106.9,736.92,159.15,763.65
2021,MEDICARE,lamotrigine,LAMOTRIGINE,Neuromuscular Drugs,83355,10811,4549236.07,420.79,54.57,1.34,0.67,0.049,30,40.5,60,80.6,8.26,51.02,4252845.31,0,3.51,292827.6,10.13,54.57,4549236.07,0.0006994791433811,0,0.231671765341011,0.391002339391758,0.37732589526723,0.634730969947813,0.365269030052186,0.551796532901445,0.0926519105032691,0.158934676983984,0.196616879611301,rxsummary2021.xlsx,https://www.health.state.mn.us/data/apcd/publicusefiles/docs/rxsummary2021.xlsx,2026-09-19,Drug,LAMOTRIGINE,83355,124,560,763,810,841,69,438,25.3,76.7,320.04,28.62,326.46
2021,MEDICARE,levetiracetam,LEVETIRACETAM,Neuromuscular Drugs,75870,11905,5204331.17,437.15,68.59,1.6,0.51,0.073,30,42.8,62,133.1,20.14,58.06,4405371.14,1.3,10.41,790243.34,28.09,68.59,5204331.17,0.0008002049251014,0,0.102214313958086,0.239949914327138,0.657835771714775,0.527573480954263,0.472426519045736,0.573652299986819,0.0975616185580598,0.144365361803084,0.184420719652036,rxsummary2021.xlsx,https://www.health.state.mn.us/data/apcd/publicusefiles/docs/rxsummary2021.xlsx,2026-09-19,Drug,LEVETIRACETAM,75870,111,553,700,777,912,75,320,28.5,142.9,234.49,32.46,240.12
2021,MEDICARE,methsuximide,METHSUXIMIDE,Neuromuscular Drugs,114,13,41022.19,3155.55,359.84,10.88,4.36,0,30,33,60,82.4,270.09,347.3,39592.94,0,12.32,1404.57,271.43,359.84,41022.19,6.3074691836e-06,0,0.359649122807017,0.298245614035087,0.342105263157894,,,0.271929824561403,0.0964912280701754,0.114035087719298,0.517543859649122,rxsummary2021.xlsx,https://www.health.state.mn.us/data/apcd/publicusefiles/docs/rxsummary2021.xlsx,2026-09-19,Drug,METHSUXIMIDE,114,892,247,360,408,522,1057,639,23.4,46.9,227.25,72.44,226.47
2021,MEDICARE,oxcarbazepine,OXCARBAZEPINE,Neuromuscular Drugs,16441,2271,1087078.5,478.67,66.11,1.67,0.59,0.296,30,39.4,62,111.9,30.22,57.18,940203.8,0,8.87,145957.69,37.4,66.11,1087078.5,0.0001671464672898,0,0.286357277537862,0.371814366522717,0.341828355939419,0.538957484337935,0.461042515662064,0.508910650203758,0.0965877987956936,0.171218295724104,0.223283255276443,rxsummary2021.xlsx,https://www.health.state.mn.us/data/apcd/publicusefiles/docs/rxsummary2021.xlsx,2026-09-19,Drug,OXCARBAZEPINE,16441,327,538,706,763,875,218,38,24.4,107.5,153.08,23.6,154.22
2021,MEDICARE,perampanel,PERAMPANEL,Neuromuscular Drugs,1155,109,1283807.61,11778.05,1111.52,36.14,30.4,-0.031,30,30.7,30,36.5,1094.7,1070.03,1235887.97,0,41.04,47407.08,1112.22,1111.52,1283807.61,0.0001973950424843,0,0.411255411255411,0.375757575757575,0.212987012987012,0.521212121212121,0.478787878787878,0.594805194805194,0.0952380952380952,0.146320346320346,0.163636363636363,rxsummary2021.xlsx,https://www.health.state.mn.us/data/apcd/publicusefiles/docs/rxsummary2021.xlsx,2026-09-19,Drug,PERAMPANEL,1155,298,142,184,214,267,636,768,11.9,22,548.53,132.19,544.3
2021,MEDICARE,phenobarbital,PHENOBARBITAL,Central Nervous System Drugs,6098,822,329122.42,400.39,53.97,1.28,0.48,-0.019,30,42.1,62,111.8,28.43,38.02,231871.93,0,15.86,96755.8,38.62,53.97,329122.42,5.06050389267e-05,0,0.106756313545424,0.279435880616595,0.613807805837979,0.527877992784519,0.47212200721548,0.5,0.103804526074122,0.173335519842571,0.222859954083306,rxsummary2021.xlsx,https://www.health.state.mn.us/data/apcd/publicusefiles/docs/rxsummary2021.xlsx,2026-09-19,Drug,PHENOBARBITAL,6098,553,567,770,826,928,347,721,26.6,130.2,40.32,34.11,47.39
2021,MEDICARE,phenytoin,PHENYTOIN,Neuromuscular Drugs,2563,327,120544.2,368.63,47.03,1.43,0.32,0.057,30,32.6,112,145.4,26.38,40.84,104681.06,0,6.12,15704.55,29.47,47.03,120544.2,1.85345742577e-05,0,0.111587982832618,0.391338275458447,0.497073741708934,0.426453374951229,0.57354662504877,0.549356223175965,0.0873975809598127,0.139289894654701,0.22395630120952,rxsummary2021.xlsx,https://www.health.state.mn.us/data/apcd/publicusefiles/docs/rxsummary2021.xlsx,2026-09-19,Drug,PHENYTOIN,2563,716,581,799,798,1001,491,398,20.9,130.8,64.52,17.13,67.22
2021,MEDICARE,phenytoin,PHENYTOIN SODIUM EXTENDED,Neuromuscular Drugs,18021,2394,1559009.4,651.21,86.51,1.88,0.6,0.072,30,45.7,90,142.9,33.05,63.09,1136995.21,1.3,23.3,419938.21,43.15,86.51,1559009.4,0.0002397093804004,0,0.0423394928139392,0.23938738138838,0.71827312579768,0.468730925031907,0.531269074968092,0.504245047444647,0.110315742744575,0.152544253925975,0.232894955884801,rxsummary2021.xlsx,https://www.health.state.mn.us/data/apcd/publicusefiles/docs/rxsummary2021.xlsx,2026-09-19,Drug,PHENYTOIN SODIUM EXTENDED,18021,265,473,636,735,868,210,324,29.8,122.8,93.53,56.86,118.87
2021,MEDICARE,primidone,PRIMIDONE,Neuromuscular Drugs,15710,3195,492407.57,154.11,31.34,0.59,0.22,0.14,30,52.9,90,142.1,11.12,21.66,340331.02,5.8,9.62,151275.77,19.56,31.34,492407.57,7.57113546006e-05,0,0.017759388924252,0.101082113303628,0.881158497772119,0.533736473583704,0.466263526416295,0.519987269255251,0.107511139401654,0.150922978994271,0.221578612348822,rxsummary2021.xlsx,https://www.health.state.mn.us/data/apcd/publicusefiles/docs/rxsummary2021.xlsx,2026-09-19,Drug,PRIMIDONE,15710,472,768,901,1000,1069,222,132,31.4,137.3,32.36,12.78,36.71
2021,MEDICARE,rescue_diazepam,DIAZEPAM (ANTICONVULSANT),Neuromuscular Drugs,157,92,127356.36,1384.3,811.18,77.84,278.67,0.056,4,10.4,1,2.9,297.34,805.38,126444.89,0,5.55,872.4,308.35,811.18,127356.36,1.95819949165e-05,0,0.452229299363057,0.369426751592356,0.178343949044585,0.560509554140127,0.439490445859872,0.420382165605095,0.165605095541401,0.222929936305732,0.19108280254777,rxsummary2021.xlsx,https://www.health.state.mn.us/data/apcd/publicusefiles/docs/rxsummary2021.xlsx,2026-09-19,Drug,DIAZEPAM (ANTICONVULSANT),157,706,355,228,147,76,1003,405,18.2,4.9,1393.23,29.81,1391.36
2021,MEDICARE,rescue_midazolam,MIDAZOLAM (ANTICONVULSANT),Neuromuscular Drugs,93,41,75812.19,1849.07,815.18,55.62,285,0.16,12,14.6,2,2.8,591.65,793.3,73777.4,0,21.46,1996.09,591.65,815.18,75812.19,1.16566924431e-05,,,,,0.462365591397849,0.53763440860215,,,,,rxsummary2021.xlsx,https://www.health.state.mn.us/data/apcd/publicusefiles/docs/rxsummary2021.xlsx,2026-09-19,Drug,MIDAZOLAM (ANTICONVULSANT),93,791,310,226,182,71,1091,109,11.7,1.2,368.83,84.55,352.81
2021,MEDICARE,rufinamide,RUFINAMIDE,Neuromuscular Drugs,490,56,2181570.41,38956.61,4452.18,139.14,21.35,-0.007,30,31.9,180,208.4,4099.87,4365.43,2139064.51,0,82.21,40285.22,4099.87,4452.18,2181570.41,0.0003354328019324,0,0.520408163265306,0.36734693877551,0.112244897959183,0.448979591836734,0.551020408163265,0.671428571428571,0.0346938775510204,0.159183673469387,0.13469387755102,rxsummary2021.xlsx,https://www.health.state.mn.us/data/apcd/publicusefiles/docs/rxsummary2021.xlsx,2026-09-19,Drug,RUFINAMIDE,490,211,79,92,101,309,811,677,14.8,132.5,3485.66,491.55,3621.96
2021,MEDICARE,tiagabine,TIAGABINE HCL,Neuromuscular Drugs,109,21,72641.22,3459.1,666.43,15.67,4.79,0.315,30,42.5,90,139,463.5,637.55,69493.36,0,28.43,3099.6,486.98,666.43,72641.22,1.11691320384e-05,0,0.458715596330275,0.18348623853211,0.357798165137614,0.495412844036697,0.504587155963302,,,,,rxsummary2021.xlsx,https://www.health.state.mn.us/data/apcd/publicusefiles/docs/rxsummary2021.xlsx,2026-09-19,Drug,TIAGABINE HCL,109,797,236,266,328,507,1068,34,25.2,103.3,551.31,93.97,567.68
2021,MEDICARE,topiramate,TOPIRAMATE,Neuromuscular Drugs,50435,9188,1745888.64,190.01,34.61,0.73,0.33,0.02,30,46.8,62,102.6,8.61,30.76,1551609.84,0.19,3.81,192242.32,11.42,34.61,1745888.64,0.0002684434642553,0,0.213462873004857,0.391811242192921,0.39472588480222,0.723089124615842,0.276910875384157,0.546564885496183,0.104054723902052,0.150907108159016,0.198473282442748,rxsummary2021.xlsx,https://www.health.state.mn.us/data/apcd/publicusefiles/docs/rxsummary2021.xlsx,2026-09-19,Drug,TOPIRAMATE,50435,239,721,877,960,996,109,553,28.5,89.6,221.79,17.27,225.87
2021,MEDICARE,valproate,DIVALPROEX SODIUM,Neuromuscular Drugs,89554,10134,7182822.35,708.78,80.2,2.43,0.81,0.128,30,32.9,62,98.9,37.54,73.44,6577389.28,0,6.57,589148.28,43.65,80.2,7182822.35,0.0011044127732937,0,0.192420215735757,0.345389374008977,0.462190410255264,0.458907474819661,0.541092525180338,0.573374723630435,0.091363869843893,0.155481608861692,0.179779797663979,rxsummary2021.xlsx,https://www.health.state.mn.us/data/apcd/publicusefiles/docs/rxsummary2021.xlsx,2026-09-19,Drug,DIVALPROEX SODIUM,89554,85,457,664,661,800,65,146,20.2,91,127.2,24.13,130.87
2021,MEDICARE,valproate,VALPROATE SODIUM,Neuromuscular Drugs,3089,392,136646.97,348.58,44.23,1.68,0.08,0.009,28,26.2,473,494.1,30.35,41.56,128390.95,0,2.64,8172.74,32.58,44.23,136646.97,2.10104958394e-05,0,0.239559728067335,0.372936225315636,0.387504046617028,0.366461638070573,0.633538361929426,0.560375526060213,0.0637746843638718,0.148591777274198,0.227258012301715,rxsummary2021.xlsx,https://www.health.state.mn.us/data/apcd/publicusefiles/docs/rxsummary2021.xlsx,2026-09-19,Drug,VALPROATE SODIUM,3089,697,591,813,762,1189,455,598,14.1,319.9,41.65,10.36,41.77
2021,MEDICARE,valproate,VALPROIC ACID,Neuromuscular Drugs,1618,234,93596.76,399.98,57.84,1.7,0.35,-0.041,30,34,124,162.7,43.74,51.55,83418.08,0,6.22,10071.6,47.4,57.84,93596.76,1.43912033802e-05,0,0.0902348578491965,0.417181705809641,0.492583436341161,0.427070457354758,0.572929542645241,0.582818294190358,0.0939431396786155,0.117428924598269,0.205809641532756,rxsummary2021.xlsx,https://www.health.state.mn.us/data/apcd/publicusefiles/docs/rxsummary2021.xlsx,2026-09-19,Drug,VALPROIC ACID,1618,763,569,745,759,989,560,810,21.9,121.4,44.49,17.73,46.76
2021,MEDICARE,zonisamide,ZONISAMIDE,Neuromuscular Drugs,7567,1033,679332.24,657.63,89.77,2.25,0.63,0.002,30,39.8,112,140.3,30.41,84.5,639482.51,0,5.18,39246.42,33.48,89.77,679332.24,0.0001044524236585,0,0.258755120919783,0.368706224395401,0.372538654684815,0.574335932337782,0.425664067662217,0.556759614113915,0.0948856878551605,0.141535615171137,0.206819082859785,rxsummary2021.xlsx,https://www.health.state.mn.us/data/apcd/publicusefiles/docs/rxsummary2021.xlsx,2026-09-19,Drug,ZONISAMIDE,7567,402,471,632,685,857,322,631,25.5,117.4,390.79,36.86,397.62
2021,MINNESOTA HEALTH CARE PROGRAMS,brivaracetam,BRIVARACETAM,Neuromuscular Drugs,1904,206,2710032.85,13155.49,1423.33,48.15,13.94,0.009,30,29.5,60,102,1182.76,1238.22,2357588.93,0,3.27,6243.46,1199.41,1423.33,2710032.85,0.0004166878630355,,,,,0.450105042016806,0.549894957983193,0.664915966386554,0.10031512605042,0.106617647058823,0.128151260504201,rxsummary2021.xlsx,https://www.health.state.mn.us/data/apcd/publicusefiles/docs/rxsummary2021.xlsx,2026-09-19,Drug,BRIVARACETAM,1904,99,100,125,159,311,496,549,5.6,111.8,844.43,17.47,812.24
2021,MINNESOTA HEALTH CARE PROGRAMS,cannabidiol,CANNABIDIOL,Neuromuscular Drugs,1226,155,3406495.79,21977.39,2778.54,92.22,14.18,0.211,30,30.1,180,195.9,2185.69,2256.95,2767021.68,0,3.03,3722.22,2560.45,2778.54,3406495.79,0.0005237742602178,0.64110929853181,0.32952691680261,0.0293637846655791,0,0.395595432300163,0.604404567699836,0.561990212071778,0.135399673735725,0.125611745513866,0.176998368678629,rxsummary2021.xlsx,https://www.health.state.mn.us/data/apcd/publicusefiles/docs/rxsummary2021.xlsx,2026-09-19,Drug,CANNABIDIOL,1226,82,80,96,118,308,572,130,4.9,109.1,1716.5,15.05,1604.14
2021,MINNESOTA HEALTH CARE PROGRAMS,carbamazepine,CARBAMAZEPINE,Neuromuscular Drugs,13523,1830,1401120.25,765.63,103.61,3.08,0.87,0.04,30,33.6,90,118.7,66.17,99.26,1342347.54,0,1.51,20424.92,71.91,103.61,1401120.25,0.0002154327401708,0.041115137173704,0.49885380462915,0.442357465059528,0.0176735931376173,0.513495526140649,0.48650447385935,0.565407084226872,0.096871995858907,0.14567773423057,0.19204318568365,rxsummary2021.xlsx,https://www.health.state.mn.us/data/apcd/publicusefiles/docs/rxsummary2021.xlsx,2026-09-19,Drug,CARBAMAZEPINE,13523,167,358,474,547,681,192,458,16.3,112.2,107.52,7.35,109.04
2021,MINNESOTA HEALTH CARE PROGRAMS,cenobamate,CENOBAMATE,Neuromuscular Drugs,142,30,132921.39,4430.71,936.06,31.81,29.47,,30,29.4,30,31.7,996.91,747.53,106149.86,0,7.84,1114.24,1032.11,936.06,132921.39,2.04376599902e-05,,,,,0.535211267605633,0.464788732394366,,,,,rxsummary2021.xlsx,https://www.health.state.mn.us/data/apcd/publicusefiles/docs/rxsummary2021.xlsx,2026-09-19,Drug,CENOBAMATE,142,577,151,162,200,232,937,,8.3,12,633.74,30.65,576.33
2021,MINNESOTA HEALTH CARE PROGRAMS,clobazam,CLOBAZAM,Neuromuscular Drugs,4176,484,921876.63,1904.7,220.75,7.67,1.79,-0.27,30,28.7,90,122.9,49.37,181.18,756645.48,0,2.92,12206.5,72.16,220.75,921876.63,0.0001417454415495,0.60727969348659,0.353927203065134,0.0387931034482758,0,0.477250957854406,0.522749042145593,0.586446360153256,0.120929118773946,0.1455938697318,0.147030651340996,rxsummary2021.xlsx,https://www.health.state.mn.us/data/apcd/publicusefiles/docs/rxsummary2021.xlsx,2026-09-19,Drug,CLOBAZAM,4176,224,256,375,416,561,366,1091,5.5,106.8,513.65,48.53,535.11
2021,MINNESOTA HEALTH CARE PROGRAMS,eslicarbazepine,ESLICARBAZEPINE ACETATE,Neuromuscular Drugs,212,24,371406.21,15475.25,1751.91,57.69,36.11,0.392,30,30.3,30,48.5,1092.04,1581.04,335181.45,0,6.39,1354.79,1136.82,1751.91,371406.21,5.71064885663e-05,0.216981132075471,0.679245283018867,0.10377358490566,0,0.566037735849056,0.433962264150943,,,,,rxsummary2021.xlsx,https://www.health.state.mn.us/data/apcd/publicusefiles/docs/rxsummary2021.xlsx,2026-09-19,Drug,ESLICARBAZEPINE ACETATE,212,368,92,113,144,209,882,44,6.7,29.6,1031.28,32.47,1087.14
2021,MINNESOTA HEALTH CARE PROGRAMS,ethosuximide,ETHOSUXIMIDE,Neuromuscular Drugs,1411,201,149022.67,741.4,105.61,3.33,0.44,0.017,30,31.7,180,237.5,71.71,90.44,127616.75,0,2.06,2919.91,82.41,105.61,149022.67,2.29133524732e-05,0.70375620127569,0.280652019844082,0.0155917788802267,0,0.606661941885187,0.393338058114812,0.416017009213323,0.176470588235294,0.201984408221119,0.205527994330262,rxsummary2021.xlsx,https://www.health.state.mn.us/data/apcd/publicusefiles/docs/rxsummary2021.xlsx,2026-09-19,Drug,ETHOSUXIMIDE,1411,552,362,465,536,833,550,528,12.7,188.8,84.71,12.68,86.69
2021,MINNESOTA HEALTH CARE PROGRAMS,felbamate,FELBAMATE,Neuromuscular Drugs,3067,339,1834322.5,5410.98,598.08,18.55,2.32,-0.014,30,32.2,180,256.9,312.15,507.99,1558005.8,0,16.67,51146.48,385.27,598.08,1834322.5,0.0002820408330633,0.382784479947831,0.530811868275187,0.0864036517769807,0,0.44147375285295,0.558526247147049,0.587870883599608,0.10107597000326,0.120639060971633,0.190414085425497,rxsummary2021.xlsx,https://www.health.state.mn.us/data/apcd/publicusefiles/docs/rxsummary2021.xlsx,2026-09-19,Drug,FELBAMATE,3067,141,136,213,269,536,424,633,14.5,212.2,661.9,94.72,657.76
2021,MINNESOTA HEALTH CARE PROGRAMS,lacosamide,LACOSAMIDE,Neuromuscular Drugs,9351,936,9777341.16,10445.87,1045.59,35.49,9.4,0.064,30,29.4,60,111.1,961.05,947.93,8864101.42,0,4.31,40319.99,976.03,1045.59,9777341.16,0.0015033394868738,0.226072077852636,0.547321142123837,0.222756924393113,0.0038498556304138,0.454710726125548,0.545289273874451,0.678430114426264,0.109827825900973,0.090043845578013,0.121698214094749,rxsummary2021.xlsx,https://www.health.state.mn.us/data/apcd/publicusefiles/docs/rxsummary2021.xlsx,2026-09-19,Drug,LACOSAMIDE,9351,34,111,147,184,364,240,382,8.1,163.4,589.13,28.72,586.79
2021,MINNESOTA HEALTH CARE PROGRAMS,lamotrigine,LAMOTRIGINE,Neuromuscular Drugs,121941,16673,3478655,208.64,28.52,0.89,0.46,-0.069,30,32,46,61.8,5.36,25.54,3115215.69,0,0.9,110929.07,6.34,28.52,3478655,0.0005348692796059,0.100827449340254,0.638169278585545,0.257165350456368,0.0038379216178315,0.674104689973019,0.32589531002698,0.575901460542393,0.098785478223075,0.143823652422072,0.181489408812458,rxsummary2021.xlsx,https://www.health.state.mn.us/data/apcd/publicusefiles/docs/rxsummary2021.xlsx,2026-09-19,Drug,LAMOTRIGINE,121941,80,544,754,837,825,28,797,13.5,59.8,183.51,3.48,189.85
2021,MINNESOTA HEALTH CARE PROGRAMS,levetiracetam,LEVETIRACETAM,Neuromuscular Drugs,56866,8229,2344778.91,284.94,41.23,1.24,0.23,-0.025,30,33.1,120,175.5,20.28,38.48,2188286.38,0,0.95,54053.75,21.55,41.23,2344778.91,0.0003605273320944,0.266257517673126,0.43052087363275,0.286339816410508,0.0168817922836141,0.471828509126718,0.528171490873281,0.633401329441142,0.0851123694298878,0.12620898252031,0.155277318608658,rxsummary2021.xlsx,https://www.health.state.mn.us/data/apcd/publicusefiles/docs/rxsummary2021.xlsx,2026-09-19,Drug,LEVETIRACETAM,56866,116,479,668,738,988,72,669,16,183.9,144.19,4.74,153.22
2021,MINNESOTA HEALTH CARE PROGRAMS,methsuximide,METHSUXIMIDE,Neuromuscular Drugs,86,12,27529.22,2294.1,320.1,11.17,4.4,-0.003,30,28.6,60,72.6,223.2,217.82,18733.29,3,4.77,410.87,266.92,320.1,27529.22,4.2328239131e-06,0.220930232558139,0.77906976744186,0,0,0.290697674418604,0.709302325581395,0.569767441860465,0.27906976744186,0,0.151162790697674,rxsummary2021.xlsx,https://www.health.state.mn.us/data/apcd/publicusefiles/docs/rxsummary2021.xlsx,2026-09-19,Drug,METHSUXIMIDE,86,851,226,318,372,458,1027,597,7.6,33.3,167.45,7.92,141.11
2021,MINNESOTA HEALTH CARE PROGRAMS,oxcarbazepine,OXCARBAZEPINE,Neuromuscular Drugs,23343,3183,1780406.43,559.34,76.27,2.41,0.55,0.087,30,31.5,90,136.6,26.96,69.09,1612768.56,0,1.28,29925.34,28.8,76.27,1780406.43,0.0002737508331869,0.342972197232575,0.464036327807051,0.191620614316925,0.0013708606434477,0.488626140598894,0.511373859401105,0.549415242256779,0.107998115066615,0.150451955618386,0.192134687058218,rxsummary2021.xlsx,https://www.health.state.mn.us/data/apcd/publicusefiles/docs/rxsummary2021.xlsx,2026-09-19,Drug,OXCARBAZEPINE,23343,142,392,528,602,787,138,301,13.2,141.7,193.29,8.17,198.67
2021,MINNESOTA HEALTH CARE PROGRAMS,perampanel,PERAMPANEL,Neuromuscular Drugs,718,86,869603.94,10111.67,1211.14,41.01,26.86,0.073,30,29.5,30,45,1035.86,1041.11,747518.53,0,3.64,2616.97,1040.01,1211.14,869603.94,0.0001337081236657,0.154596100278551,0.643454038997214,0.201949860724233,0,0.622562674094707,0.377437325905292,0.603064066852367,0.115598885793871,0.11142061281337,0.169916434540389,rxsummary2021.xlsx,https://www.health.state.mn.us/data/apcd/publicusefiles/docs/rxsummary2021.xlsx,2026-09-19,Drug,PERAMPANEL,718,230,113,139,174,238,668,353,3.2,36.3,573.45,9.22,594.23
2021,MINNESOTA HEALTH CARE PROGRAMS,phenobarbital,PHENOBARBITAL,Central Nervous System Drugs,3291,594,151081.56,254.34,45.9,1.68,0.25,-0.001,30,27.2,75,177.7,31.75,41.4,136262.74,0,1.51,4977.03,34.83,45.9,151081.56,2.32299222426e-05,0.32756001215436,0.378304466727438,0.28623518687329,0.0079003342449103,0.462473412336675,0.537526587663324,0.676694013977514,0.0780917654208447,0.127924642965663,0.117289577635976,rxsummary2021.xlsx,https://www.health.state.mn.us/data/apcd/publicusefiles/docs/rxsummary2021.xlsx,2026-09-19,Drug,PHENOBARBITAL,3291,551,504,636,686,965,405,591,11.3,238.4,53.24,9.51,54.08
2021,MINNESOTA HEALTH CARE PROGRAMS,phenytoin,PHENYTOIN,Neuromuscular Drugs,726,100,28519.96,285.19,39.28,1.27,0.18,0.064,30,30.7,210,216,29.57,37.01,26871.81,0,1.05,767.2,34.55,39.28,28519.96,4.3851576139e-06,0.09366391184573,0.453168044077134,0.421487603305785,0.0316804407713498,0.454545454545454,0.545454545454545,0.599173553719008,0.110192837465564,0.0757575757575757,0.214876033057851,rxsummary2021.xlsx,https://www.health.state.mn.us/data/apcd/publicusefiles/docs/rxsummary2021.xlsx,2026-09-19,Drug,PHENYTOIN,726,843,478,681,733,1048,667,382,13.2,163.8,37.05,3.42,36.56
2021,MINNESOTA HEALTH CARE PROGRAMS,phenytoin,PHENYTOIN SODIUM EXTENDED,Neuromuscular Drugs,4995,564,333511.63,591.33,66.76,1.92,0.56,0.104,30,34.6,90,117.8,34.93,64.27,321070.02,0,1.91,9548.7,36.4,66.76,333511.63,5.12799128623e-05,0.0102102102102102,0.328128128128128,0.625225225225225,0.0364364364364364,0.407007007007007,0.592992992992992,0.583183183183183,0.0884884884884884,0.139339339339339,0.188988988988988,rxsummary2021.xlsx,https://www.health.state.mn.us/data/apcd/publicusefiles/docs/rxsummary2021.xlsx,2026-09-19,Drug,PHENYTOIN SODIUM EXTENDED,4995,392,382,556,655,782,335,264,17.7,82.9,83.99,7.1,84.95
2021,MINNESOTA HEALTH CARE PROGRAMS,primidone,PRIMIDONE,Neuromuscular Drugs,1965,294,47153.93,160.38,23.99,0.74,0.25,0.248,30,32.2,60,93,17.74,22.52,44260.92,0,1.33,2626.68,18.74,23.99,47153.93,7.2502701675e-06,0.0167938931297709,0.243765903307888,0.714503816793893,0.0249363867684478,0.543002544529262,0.456997455470737,0.549618320610687,0.110432569974554,0.140966921119592,0.198982188295165,rxsummary2021.xlsx,https://www.health.state.mn.us/data/apcd/publicusefiles/docs/rxsummary2021.xlsx,2026-09-19,Drug,PRIMIDONE,1965,765,597,805,879,966,489,103,14,81.1,19.08,2.68,19.54
2021,MINNESOTA HEALTH CARE PROGRAMS,rescue_diazepam,DIAZEPAM (ANTICONVULSANT),Neuromuscular Drugs,2019,1148,1117408.59,973.35,553.44,55.87,312.38,0.094,2,9.9,1,1.7,360.41,512.48,1034707.2,0,4.18,8449.54,360.41,553.44,1117408.59,0.0001718099459586,0.808816245666171,0.175334323922734,0.0158494304110946,0,0.453689945517582,0.546310054482417,0.589895988112927,0.135710747894997,0.124318969787023,0.150074294205052,rxsummary2021.xlsx,https://www.health.state.mn.us/data/apcd/publicusefiles/docs/rxsummary2021.xlsx,2026-09-19,Drug,DIAZEPAM (ANTICONVULSANT),2019,189,327,225,147,61,484,286,11.3,1.6,489.87,33.79,477.72
2021,MINNESOTA HEALTH CARE PROGRAMS,rescue_midazolam,MIDAZOLAM (ANTICONVULSANT),Neuromuscular Drugs,187,82,172116.35,2098.97,920.4,92.04,272.76,-0.201,4,10,2,3.3,541.6,595.28,111319.12,0,8.36,1564.12,571.46,920.4,172116.35,2.64641788659e-05,,,,,0.385026737967914,0.614973262032085,0.705882352941176,0.122994652406417,0.0909090909090909,0.0802139037433155,rxsummary2021.xlsx,https://www.health.state.mn.us/data/apcd/publicusefiles/docs/rxsummary2021.xlsx,2026-09-19,Drug,MIDAZOLAM (ANTICONVULSANT),187,524,246,164,119,70,899,1048,11,2.3,660.77,20.99,625.14
2021,MINNESOTA HEALTH CARE PROGRAMS,rufinamide,RUFINAMIDE,Neuromuscular Drugs,1411,155,4558158.65,29407.47,3230.44,109.61,11.24,-0.02,30,29.4,210,287.3,1986.37,2758.46,3892194.24,0,23.21,32757.82,2544.7,3230.44,4558158.65,0.000700851056933,0.451452870304748,0.456413890857547,0.0921332388377037,0,0.480510276399716,0.519489723600283,0.611622962437987,0.127569099929128,0.0836286321757618,0.177179305457122,rxsummary2021.xlsx,https://www.health.state.mn.us/data/apcd/publicusefiles/docs/rxsummary2021.xlsx,2026-09-19,Drug,RUFINAMIDE,1411,68,61,84,100,338,550,650,10.5,250.3,2599.88,190.43,2670.76
2021,MINNESOTA HEALTH CARE PROGRAMS,topiramate,TOPIRAMATE,Neuromuscular Drugs,76326,14011,1481634.28,105.74,19.41,0.57,0.25,0.069,30,33.5,60,75.7,5.91,18.05,1378316.5,0,0.95,73240.22,6.88,19.41,1481634.28,0.0002278123757553,0.101904986505253,0.542292272620077,0.352448706862668,0.0033540340120011,0.77639336530147,0.223606634698529,0.559403086759426,0.110054241018787,0.145913581217409,0.184629091004375,rxsummary2021.xlsx,https://www.health.state.mn.us/data/apcd/publicusefiles/docs/rxsummary2021.xlsx,2026-09-19,Drug,TOPIRAMATE,76326,163,698,861,940,968,51,367,15.8,65.7,112.89,3.07,113.7
2021,MINNESOTA HEALTH CARE PROGRAMS,valproate,DIVALPROEX SODIUM,Neuromuscular Drugs,51670,6805,2395931.48,352.08,46.36,1.47,0.47,-0.07,30,31.4,62,96.9,21.84,43.72,2259049.54,0,0.71,37067.67,23.88,46.36,2395931.48,0.0003683924231327,0.114011999225856,0.537216953744919,0.33884265531256,0.0099283917166634,0.346429262628217,0.653570737371782,0.627230501257983,0.0936520224501645,0.129978711050899,0.149138765240952,rxsummary2021.xlsx,https://www.health.state.mn.us/data/apcd/publicusefiles/docs/rxsummary2021.xlsx,2026-09-19,Drug,DIVALPROEX SODIUM,51670,112,454,635,709,819,79,804,13.2,85,85.29,3.99,87.72
2021,MINNESOTA HEALTH CARE PROGRAMS,valproate,VALPROATE SODIUM,Neuromuscular Drugs,3867,474,81442.09,171.81,21.06,0.72,0.04,-0.113,30,29.1,473,455,17.8,19.06,73722.01,0,0.64,2510.46,18.8,21.06,81442.09,1.25223317655e-05,,,,,0.367726920093095,0.632273079906904,0.632790276700284,0.0987845875355572,0.122834238427721,0.145590897336436,rxsummary2021.xlsx,https://www.health.state.mn.us/data/apcd/publicusefiles/docs/rxsummary2021.xlsx,2026-09-19,Drug,VALPROATE SODIUM,3867,666,583,843,883,1183,377,910,9.9,253.5,17.63,2.31,18.11
2021,MINNESOTA HEALTH CARE PROGRAMS,valproate,VALPROIC ACID,Neuromuscular Drugs,661,125,33088.78,264.71,50.05,1.69,0.34,-0.141,30,29.5,120,144.9,38.57,48.31,31932.97,0,1.04,693.14,39.63,50.05,33088.78,5.0876479333e-06,0.0922844175491679,0.478063540090771,0.387291981845688,0.0423600605143721,0.40090771558245,0.599092284417549,0.582450832072617,0.0574886535552193,0.0650529500756429,0.29500756429652,rxsummary2021.xlsx,https://www.health.state.mn.us/data/apcd/publicusefiles/docs/rxsummary2021.xlsx,2026-09-19,Drug,VALPROIC ACID,661,828,499,619,684,890,689,968,14.2,94.6,39.79,2.29,39.43
2021,MINNESOTA HEALTH CARE PROGRAMS,vigabatrin,VIGABATRIN,Neuromuscular Drugs,232,35,4172267.57,119207.64,17983.91,601.1,148.21,0.718,30,29.9,120,121.3,15741.13,15480.67,3591515.82,0,125.09,29022.11,20984.67,17983.91,4172267.57,0.0006415174110365,0.948275862068965,0.0517241379310344,0,0,0.443965517241379,0.55603448275862,0.456896551724137,0.271551724137931,0.155172413793103,0.116379310344827,rxsummary2021.xlsx,https://www.health.state.mn.us/data/apcd/publicusefiles/docs/rxsummary2021.xlsx,2026-09-19,Drug,VIGABATRIN,232,70,7,13,14,106,865,17,1.3,39.5,9336.49,668.85,7931.48
2021,MINNESOTA HEALTH CARE PROGRAMS,zonisamide,ZONISAMIDE,Neuromuscular Drugs,8400,1139,217290.13,190.77,25.86,0.79,0.22,-0.083,30,32.6,90,116.6,17.97,23.88,200648.08,0,0.92,7786.23,19.15,25.86,217290.13,3.34099861292e-05,0.279404761904761,0.478690476190476,0.239761904761904,0.0021428571428571,0.539404761904761,0.460595238095238,0.597261904761904,0.0969047619047619,0.1325,0.173333333333333,rxsummary2021.xlsx,https://www.health.state.mn.us/data/apcd/publicusefiles/docs/rxsummary2021.xlsx,2026-09-19,Drug,ZONISAMIDE,8400,465,559,779,863,1004,251,834,14.5,95.6,29.98,3.71,30.33
2022,COMMERCIAL,brivaracetam,BRIVARACETAM,Neuromuscular Drugs,1155,164,2325283.4,14178.55,2013.23,57.62,13.87,0.075,30,34.9,68,145,1277.33,1917.32,2214506.13,0,95.59,110410.15,1292.76,2013.23,2325283.4,0.0003250678826235,0.374891774891774,0.43030303030303,0.181818181818181,0.0129870129870129,0.502164502164502,0.497835497835497,0.639826839826839,0.143722943722943,0.0822510822510822,0.134199134199134,rxsummary2022.xlsx,https://www.health.state.mn.us/data/apcd/publicusefiles/docs/rxsummary2022.xlsx,2026-09-19,Drug,BRIVARACETAM,1155,164,130,153,193,394,591,286,18.6,154.9,1651.86,276.44,1635.02
2022,COMMERCIAL,cannabidiol,CANNABIDIOL,Neuromuscular Drugs,625,71,1883434.04,26527.24,3013.49,103.21,15.85,0.07,30,29.1,150,190,2478.45,2864.37,1790231.69,0,121.89,76183.47,2491.24,3013.49,1883434.04,0.0002632986221997,0.6896,0.3104,0,0,0.4064,0.5936,0.6336,0.1792,0.048,0.1392,rxsummary2022.xlsx,https://www.health.state.mn.us/data/apcd/publicusefiles/docs/rxsummary2022.xlsx,2026-09-19,Drug,CANNABIDIOL,625,187,106,131,149,371,700,298,5.3,118.7,1914.38,441.06,1885.95
2022,COMMERCIAL,carbamazepine,CARBAMAZEPINE,Neuromuscular Drugs,8116,1763,1402726.47,795.64,172.83,3.19,1,0,30,54,120,172.4,59.86,126.32,1025232.87,18.43,46.41,376744.02,98.79,172.83,1402726.47,0.0001960970965959,0.0161409561360275,0.276614095613602,0.628511582060128,0.0787333661902414,0.560867422375554,0.439132577624445,0.603745687530803,0.132700837851158,0.100295712173484,0.163257762444553,rxsummary2022.xlsx,https://www.health.state.mn.us/data/apcd/publicusefiles/docs/rxsummary2022.xlsx,2026-09-19,Drug,CARBAMAZEPINE,8116,223,438,525,652,788,274,650,30.1,145.2,187.21,91.45,206.34
2022,COMMERCIAL,cenobamate,CENOBAMATE,Neuromuscular Drugs,383,48,557804.88,11620.93,1456.4,38.37,33.15,0.113,30,37.9,30,43.9,1023.91,1358.91,520465.26,0,96.31,36888.45,1047.96,1456.4,557804.88,7.79795061791e-05,0.0652741514360313,0.798955613577023,0.135770234986945,0,0.503916449086161,0.496083550913838,0.485639686684073,0.279373368146214,0.164490861618798,0.0704960835509138,rxsummary2022.xlsx,https://www.health.state.mn.us/data/apcd/publicusefiles/docs/rxsummary2022.xlsx,2026-09-19,Drug,CENOBAMATE,383,379,136,176,231,282,802,184,21.4,27.8,967.69,284.88,978.71
2022,COMMERCIAL,clobazam,CLOBAZAM,Neuromuscular Drugs,1514,214,189324.9,884.69,125.04,3.78,0.96,-0.033,30,33,120,129.7,64.67,108.66,164517.41,0,13.44,20350.22,81.48,125.04,189324.9,2.64670725172e-05,,,,,0.52113606340819,0.478863936591809,0.631439894319682,0.20343461030383,0.0924702774108322,0.0726552179656538,rxsummary2022.xlsx,https://www.health.state.mn.us/data/apcd/publicusefiles/docs/rxsummary2022.xlsx,2026-09-19,Drug,CLOBAZAM,1514,598,426,584,614,799,539,812,17.4,110.8,147,33.8,152.56
2022,COMMERCIAL,eslicarbazepine,ESLICARBAZEPINE ACETATE,Neuromuscular Drugs,71,13,162673.76,12513.36,2291.17,54.66,36.51,,30,41.9,60,62.7,1699.83,2023.87,143694.81,0,267.3,18978.95,2146.79,2291.17,162673.76,2.27413203575e-05,0.183098591549295,0.267605633802816,0.549295774647887,0,0.549295774647887,0.450704225352112,1,0,0,0,rxsummary2022.xlsx,https://www.health.state.mn.us/data/apcd/publicusefiles/docs/rxsummary2022.xlsx,2026-09-19,Drug,ESLICARBAZEPINE ACETATE,71,626,135,149,195,270,1127,,25.4,34.7,1222.26,632.62,1231.13
2022,COMMERCIAL,ethosuximide,ETHOSUXIMIDE,Neuromuscular Drugs,997,184,147876.88,803.67,148.32,3.33,0.57,-0.01,30,44.4,180,258.4,80.09,117.21,116867.04,10,31.08,30989.89,114.82,148.32,147876.88,2.06727594023e-05,,,,,0.521564694082246,0.478435305917753,0.601805416248746,0.12938816449348,0.074222668004012,0.194583751253761,rxsummary2022.xlsx,https://www.health.state.mn.us/data/apcd/publicusefiles/docs/rxsummary2022.xlsx,2026-09-19,Drug,ETHOSUXIMIDE,997,649,437,554,642,916,624,700,26.3,205.9,136.41,51.93,135
2022,COMMERCIAL,felbamate,FELBAMATE,Neuromuscular Drugs,809,134,396147.52,2956.32,489.67,12.23,2.06,-0.163,30,40,180,237.1,347.75,446.58,361284.61,0,43.08,34859.06,383.7,489.67,396147.52,5.53802755969e-05,,,,,0.493201483312731,0.506798516687268,0.713226205191594,0.0951792336217552,0.0716934487021013,0.119901112484548,rxsummary2022.xlsx,https://www.health.state.mn.us/data/apcd/publicusefiles/docs/rxsummary2022.xlsx,2026-09-19,Drug,FELBAMATE,809,453,252,347,421,673,656,1151,23.2,187.9,437.26,145.36,445.63
2022,COMMERCIAL,fenfluramine,FENFLURAMINE HCL (ANTICONVULSANT),Neuromuscular Drugs,96,12,1104429.21,92035.76,11504.47,391.64,50.03,,30,29.3,192,229.9,9943.86,11276.74,1082567.92,0,227.72,21861.29,10013.86,11504.47,1104429.21,0.0001543960038601,0.739583333333333,0.260416666666666,0,0,0.770833333333333,0.229166666666666,,,,,rxsummary2022.xlsx,https://www.health.state.mn.us/data/apcd/publicusefiles/docs/rxsummary2022.xlsx,2026-09-19,Drug,FENFLURAMINE HCL (ANTICONVULSANT),96,257,31,57,58,247,1081,,2.3,95.2,5033.54,783.87,4769.37
2022,COMMERCIAL,lacosamide,LACOSAMIDE,Neuromuscular Drugs,4818,705,3664302.66,5197.59,760.54,19.95,6.5,-0.42,30,38.1,60,116.9,325.07,675.26,3253447.7,10,81.47,392538.89,405.37,760.54,3664302.66,0.0005122588958309,0.202158572021585,0.477999169779991,0.290992112909921,0.0288501452885014,0.532586135325861,0.467413864674138,0.690950601909506,0.150892486508924,0.0649647156496471,0.0931921959319219,rxsummary2022.xlsx,https://www.health.state.mn.us/data/apcd/publicusefiles/docs/rxsummary2022.xlsx,2026-09-19,Drug,LACOSAMIDE,4818,131,182,267,310,517,353,1247,22.9,129.3,880.77,269.59,924.92
2022,COMMERCIAL,lamotrigine,LAMOTRIGINE,Neuromuscular Drugs,76545,13968,2724835.32,195.07,35.59,0.74,0.4,-0.017,30,47.9,60,87.9,0,24.77,1896154.5,5.73,10.77,824497.32,9.13,35.59,2724835.32,0.0003809240834773,0.0809719772682735,0.590672153635116,0.306460252139264,0.0218956169573453,0.692847344699196,0.307152655300803,0.69795545104187,0.117381932196747,0.0839114246521653,0.100751192109216,rxsummary2022.xlsx,https://www.health.state.mn.us/data/apcd/publicusefiles/docs/rxsummary2022.xlsx,2026-09-19,Drug,LAMOTRIGINE,76545,152,682,904,1005,1013,45,744,28,83.7,194.93,35.41,203.34
2022,COMMERCIAL,levetiracetam,LEVETIRACETAM,Neuromuscular Drugs,29509,6280,1573185.85,250.5,53.31,1.01,0.28,-0.087,30,52.3,155,186.7,10.79,32.73,966070.25,10,20.51,605353.75,28.38,53.31,1573185.85,0.0002199268240734,0.18773933376258,0.381985157070724,0.353010945813141,0.0772645633535531,0.495509844454234,0.504490155545765,0.650242298959639,0.140906164221085,0.0866854180080653,0.12216611881121,rxsummary2022.xlsx,https://www.health.state.mn.us/data/apcd/publicusefiles/docs/rxsummary2022.xlsx,2026-09-19,Drug,LEVETIRACETAM,29509,207,634,791,918,1083,126,1022,29.9,161.9,132.92,54.97,147.98
2022,COMMERCIAL,oxcarbazepine,OXCARBAZEPINE,Neuromuscular Drugs,9291,1759,990344.69,563.01,106.59,2.29,0.64,0.114,30,46.3,120,165.5,19.47,81.01,752671.72,10,25.33,235410.51,39.83,106.59,990344.69,0.0001384473184841,0.270799698633085,0.441072005166289,0.263373156818426,0.0247551393821978,0.497470670541384,0.502529329458615,0.629964481756538,0.135938004520503,0.102034226670971,0.132063287051985,rxsummary2022.xlsx,https://www.health.state.mn.us/data/apcd/publicusefiles/docs/rxsummary2022.xlsx,2026-09-19,Drug,OXCARBAZEPINE,9291,273,487,621,718,888,247,181,27.5,146,296.6,81.84,316.08
2022,COMMERCIAL,perampanel,PERAMPANEL,Neuromuscular Drugs,240,42,379825.26,9043.45,1582.6,46.94,22.14,-0.019,30,33.7,60,71.4,1100.76,1512.61,363028,0,69.98,16797.26,1104.46,1582.6,379825.26,5.30984709369e-05,0.225,0.4625,0.3125,0,0.3875,0.6125,0.6625,0.0541666666666666,0.0791666666666666,0.204166666666666,rxsummary2022.xlsx,https://www.health.state.mn.us/data/apcd/publicusefiles/docs/rxsummary2022.xlsx,2026-09-19,Drug,PERAMPANEL,240,463,151,167,205,337,911,754,17.2,53.5,934.05,154.4,911.11
2022,COMMERCIAL,phenobarbital,PHENOBARBITAL,Central Nervous System Drugs,1526,347,72792.06,209.77,47.7,1.01,0.42,-0.043,30,46.8,90,113.5,0,20.38,31107.72,18,27.29,41645.69,33.62,47.7,72792.06,1.01761190984e-05,0.340104849279161,0.164482306684141,0.410222804718217,0.0851900393184796,0.494757536041939,0.50524246395806,0.674967234600262,0.177588466579292,0.0478374836173001,0.0996068152031454,rxsummary2022.xlsx,https://www.health.state.mn.us/data/apcd/publicusefiles/docs/rxsummary2022.xlsx,2026-09-19,Drug,PHENOBARBITAL,1526,792,668,819,919,1004,536,861,29.8,106.4,39.89,33.19,48.71
2022,COMMERCIAL,phenytoin,PHENYTOIN,Neuromuscular Drugs,196,43,6887.86,160.18,35.14,0.72,0.32,0.203,30,48.5,90,107,2.54,20.85,4086.92,11.99,14.27,2797.72,18.48,35.14,6887.86,9.629028728e-07,,,,,0.387755102040816,0.612244897959183,0.60204081632653,0.10204081632653,0.142857142857142,0.153061224489795,rxsummary2022.xlsx,https://www.health.state.mn.us/data/apcd/publicusefiles/docs/rxsummary2022.xlsx,2026-09-19,Drug,PHENYTOIN,196,1132,733,907,1012,1061,949,86,32.1,129.3,36.35,13.58,37.3
2022,COMMERCIAL,phenytoin,PHENYTOIN SODIUM EXTENDED,Neuromuscular Drugs,3395,631,384662.75,609.6,113.3,1.92,0.52,0.015,32,58.7,180,216.1,20.96,58.33,198031.23,30,54.93,186518.56,67.21,113.3,384662.75,5.3774738024e-05,,,,,0.276877761413843,0.723122238586156,0.595581737849779,0.141384388807069,0.114580265095729,0.148453608247422,rxsummary2022.xlsx,https://www.health.state.mn.us/data/apcd/publicusefiles/docs/rxsummary2022.xlsx,2026-09-19,Drug,PHENYTOIN SODIUM EXTENDED,3395,460,472,603,766,943,406,550,30.7,148.3,107.01,86.54,137.56
2022,COMMERCIAL,primidone,PRIMIDONE,Neuromuscular Drugs,2192,541,72794.13,134.55,33.2,0.59,0.21,0.01,30,56,90,156.6,4.62,16.9,37046.34,10,16.28,35703.89,21.06,33.2,72794.13,1.01764084784e-05,0.0091240875912408,0.124087591240875,0.633667883211678,0.233120437956204,0.473996350364963,0.526003649635036,0.577098540145985,0.156021897810218,0.105383211678832,0.161496350364963,rxsummary2022.xlsx,https://www.health.state.mn.us/data/apcd/publicusefiles/docs/rxsummary2022.xlsx,2026-09-19,Drug,PRIMIDONE,2192,791,782,922,1060,1136,474,575,30.6,151,30.53,23.16,38.32
2022,COMMERCIAL,rescue_diazepam,DIAZEPAM (ANTICONVULSANT),Neuromuscular Drugs,916,604,578523.9,957.82,631.57,60.51,294.71,0.381,4,10.4,2,2.1,573.98,570.63,522702.34,10,60.9,55789.35,605.19,631.57,578523.9,8.0875965149e-05,,,,,0.465065502183406,0.534934497816593,0.644104803493449,0.168122270742358,0.0764192139737991,0.111353711790393,rxsummary2022.xlsx,https://www.health.state.mn.us/data/apcd/publicusefiles/docs/rxsummary2022.xlsx,2026-09-19,Drug,DIAZEPAM (ANTICONVULSANT),916,370,413,302,189,92,637,31,12,1.5,476.28,136.36,458.76
2022,COMMERCIAL,rescue_midazolam,MIDAZOLAM (ANTICONVULSANT),Neuromuscular Drugs,295,148,209649.73,1416.55,710.67,82.86,279.53,-0.073,2,8.5,2,2.5,568.26,637.25,187989.09,20,73.39,21650.59,578.49,710.67,209649.73,2.93084248671e-05,0.620338983050847,0.291525423728813,0.0881355932203389,0,0.464406779661016,0.535593220338983,0.657627118644067,0.11864406779661,0.0610169491525423,0.162711864406779,rxsummary2022.xlsx,https://www.health.state.mn.us/data/apcd/publicusefiles/docs/rxsummary2022.xlsx,2026-09-19,Drug,MIDAZOLAM (ANTICONVULSANT),295,579,347,281,166,96,855,969,12,1.4,364.08,173.5,346.86
2022,COMMERCIAL,rufinamide,RUFINAMIDE,Neuromuscular Drugs,47,11,58538.79,5321.7,1245.5,36.74,7.22,-0.573,30,33.8,180,172.3,1195.3,1240.53,58305.25,0,4.96,233.54,1195.3,1245.5,58538.79,8.1835532463e-06,,,,,0.595744680851063,0.404255319148936,,,,,rxsummary2022.xlsx,https://www.health.state.mn.us/data/apcd/publicusefiles/docs/rxsummary2022.xlsx,2026-09-19,Drug,RUFINAMIDE,47,832,181,191,236,498,1208,1258,22.8,142.5,1230.33,12.97,1231.86
2022,COMMERCIAL,topiramate,TOPIRAMATE,Neuromuscular Drugs,59738,16675,1344680.94,80.64,22.5,0.4,0.19,-0.04,30,55.4,90,117.6,0,12.49,746597.77,5.62,10,597470.04,9.16,22.5,1344680.94,0.0001879824996686,0.0462854464494961,0.451638822859821,0.47716696240249,0.0249087682881917,0.843031236398942,0.156968763601057,0.620760654859553,0.154524758110415,0.0929726472262211,0.131741939803809,rxsummary2022.xlsx,https://www.health.state.mn.us/data/apcd/publicusefiles/docs/rxsummary2022.xlsx,2026-09-19,Drug,TOPIRAMATE,59738,229,920,1018,1150,1167,60,843,29.8,94.2,104.37,39.72,119.07
2022,COMMERCIAL,valproate,DIVALPROEX SODIUM,Neuromuscular Drugs,16713,3203,894847.56,279.37,53.54,1.15,0.41,-0.007,30,46.3,90,129.4,14.63,34.64,578952.14,10,18.77,313859.77,29.53,53.54,894847.56,0.0001250970963797,0.0969903667803506,0.450068808711781,0.388559803745587,0.0643810207622808,0.376832405911565,0.623167594088434,0.660324298450308,0.118829653563094,0.0887333213666008,0.132112726619996,rxsummary2022.xlsx,https://www.health.state.mn.us/data/apcd/publicusefiles/docs/rxsummary2022.xlsx,2026-09-19,Drug,DIVALPROEX SODIUM,16713,290,605,787,889,1007,177,680,28.2,116.6,80.06,42.05,92.42
2022,COMMERCIAL,valproate,VALPROATE SODIUM,Neuromuscular Drugs,701,120,17310.52,144.25,24.69,0.74,0.06,0.036,30,33.2,360,408.1,11.3,18.16,12731.83,0,6.52,4574.42,18.21,24.69,17310.52,2.4199605448e-06,0.59058487874465,0.273894436519258,0.106990014265335,0.028530670470756,0.378031383737517,0.621968616262482,0.621968616262482,0.102710413694721,0.138373751783166,0.136947218259629,rxsummary2022.xlsx,https://www.health.state.mn.us/data/apcd/publicusefiles/docs/rxsummary2022.xlsx,2026-09-19,Drug,VALPROATE SODIUM,701,1017,759,998,1004,1305,678,432,18.1,252.7,21.75,10.92,22.2
2022,COMMERCIAL,valproate,VALPROIC ACID,Neuromuscular Drugs,251,71,16034.17,225.83,63.88,1.49,0.33,0.136,30,42.8,180,190.5,28.08,41.96,10534.02,12,21.47,5389.8,53.49,63.88,16034.17,2.2415305125e-06,0.0756972111553784,0.338645418326693,0.48207171314741,0.103585657370517,0.398406374501992,0.601593625498007,0.637450199203187,0.0597609561752988,0.111553784860557,0.191235059760956,rxsummary2022.xlsx,https://www.health.state.mn.us/data/apcd/publicusefiles/docs/rxsummary2022.xlsx,2026-09-19,Drug,VALPROIC ACID,251,1029,657,742,830,1057,897,158,26.6,137.7,59.13,28.09,59.84
2022,COMMERCIAL,vigabatrin,VIGABATRIN,Neuromuscular Drugs,92,14,749530.98,53537.92,8147.07,265.79,76.12,,30,30.6,120,107,7328.38,8026.56,738444.37,0,120.5,11086.61,7328.38,8147.07,749530.98,0.0001047822594997,1,0,0,0,0.326086956521739,0.67391304347826,,,,,rxsummary2022.xlsx,https://www.health.state.mn.us/data/apcd/publicusefiles/docs/rxsummary2022.xlsx,2026-09-19,Drug,VIGABATRIN,92,325,67,73,79,211,1092,,6.3,44.3,3434.82,601.5,3436.38
2022,COMMERCIAL,zonisamide,ZONISAMIDE,Neuromuscular Drugs,4145,870,133852.66,153.85,32.29,0.65,0.2,-0.021,30,49.2,100,156.4,4.5,16.14,66913.69,10,16.12,66846.83,21.43,32.29,133852.66,1.87122140766e-05,0.243667068757539,0.446562123039806,0.290229191797346,0.0195416164053075,0.640530759951749,0.35946924004825,0.64487334137515,0.142098914354644,0.0892641737032569,0.123763570566948,rxsummary2022.xlsx,https://www.health.state.mn.us/data/apcd/publicusefiles/docs/rxsummary2022.xlsx,2026-09-19,Drug,ZONISAMIDE,4145,669,745,925,1034,1141,377,759,28.2,144.3,29.08,22.45,33.58
2022,MEDICARE,brivaracetam,BRIVARACETAM,Neuromuscular Drugs,1608,140,2958179.38,21129.85,1839.66,60.03,18.51,0.052,30,30.6,60,99.3,1408.72,1791.06,2880031.55,0,47.8,76877.92,1412.83,1839.66,2958179.38,0.0004135449070324,0,0.386194029850746,0.362562189054726,0.251243781094527,0.546641791044776,0.453358208955223,0.78047263681592,0.0889303482587064,0.0628109452736318,0.0677860696517412,rxsummary2022.xlsx,https://www.health.state.mn.us/data/apcd/publicusefiles/docs/rxsummary2022.xlsx,2026-09-19,Drug,BRIVARACETAM,1608,171,111,135,172,315,552,661,12.4,144.3,1184.04,247.32,1221.72
2022,MEDICARE,cannabidiol,CANNABIDIOL,Neuromuscular Drugs,529,52,2355777.37,45303.41,4453.26,152.76,16.29,0.108,30,29.1,300,273.2,4502.81,4436.49,2346906.83,0,11.74,6213.42,4518.36,4453.26,2355777.37,0.0003293308512838,0,0.735349716446124,0.264650283553875,0,0.461247637051039,0.53875236294896,0.66351606805293,0.122873345935727,0.054820415879017,0.158790170132325,rxsummary2022.xlsx,https://www.health.state.mn.us/data/apcd/publicusefiles/docs/rxsummary2022.xlsx,2026-09-19,Drug,CANNABIDIOL,529,195,71,95,103,340,770,389,4.5,151.9,2473.86,87.25,2468.53
2022,MEDICARE,carbamazepine,CARBAMAZEPINE,Neuromuscular Drugs,26452,3745,3643729.79,972.95,137.74,3.26,1,0.049,30,42.2,90,137.1,74.78,119.92,3172198.63,0,17.62,466306.5,85.25,137.74,3643729.79,0.0005093828682076,0,0.146340541357931,0.344397399062452,0.509262059579615,0.533003175563284,0.466996824436715,0.508619386057765,0.0967790715257825,0.16373053077272,0.230871011643732,rxsummary2022.xlsx,https://www.health.state.mn.us/data/apcd/publicusefiles/docs/rxsummary2022.xlsx,2026-09-19,Drug,CARBAMAZEPINE,26452,145,404,525,608,755,156,674,27.1,133.5,163.07,51.97,174.93
2022,MEDICARE,cenobamate,CENOBAMATE,Neuromuscular Drugs,270,39,360495.26,9243.46,1335.16,40.02,36.8,0.113,30,33.3,30,36.2,1153.7,1315.46,355176.05,0,19.03,5138.23,1155.31,1335.16,360495.26,5.03961929388e-05,0,0.511111111111111,0.422222222222222,0.0666666666666666,0.544444444444444,0.455555555555555,,,,,rxsummary2022.xlsx,https://www.health.state.mn.us/data/apcd/publicusefiles/docs/rxsummary2022.xlsx,2026-09-19,Drug,CENOBAMATE,270,526,146,164,205,247,896,374,14.9,19,775.23,74.85,781.58
2022,MEDICARE,clobazam,CLOBAZAM,Neuromuscular Drugs,1371,139,459440.51,3305.32,335.11,10.85,5.77,-0.017,30,30.8,56,57.9,85.43,332.44,455782.73,0,2.66,3647.66,90.8,335.11,459440.51,6.42284522295e-05,0,0.588621444201312,0.353756382202771,0.0576221735959153,0.49234135667396,0.507658643326039,0.627279358132749,0.103574033552151,0.133479212253829,0.135667396061269,rxsummary2022.xlsx,https://www.health.state.mn.us/data/apcd/publicusefiles/docs/rxsummary2022.xlsx,2026-09-19,Drug,CLOBAZAM,1371,485,237,377,403,495,577,929,10.2,45,859.1,22.13,858.72
2022,MEDICARE,eslicarbazepine,ESLICARBAZEPINE ACETATE,Neuromuscular Drugs,197,21,406521.46,19358.16,2063.56,62.08,39.26,0.085,30,33.2,45,52.5,1688.09,1941.03,382384.78,0,117.02,23054.48,1688.09,2063.56,406521.46,5.6830522354e-05,0,0.314720812182741,0.370558375634517,0.314720812182741,0.690355329949238,0.309644670050761,,,,,rxsummary2022.xlsx,https://www.health.state.mn.us/data/apcd/publicusefiles/docs/rxsummary2022.xlsx,2026-09-19,Drug,ESLICARBAZEPINE ACETATE,197,496,117,129,170,236,948,506,16.8,42.2,1440.1,338.38,1595.06
2022,MEDICARE,ethosuximide,ETHOSUXIMIDE,Neuromuscular Drugs,514,62,85523.77,1379.41,166.38,4.39,1.03,-0.03,30,37.8,120,160.8,116.53,154.82,79582.29,0,11.52,5921.52,122.58,166.38,85523.77,1.19559752707e-05,0,0.348249027237354,0.412451361867704,0.239299610894941,0.661478599221789,0.33852140077821,0.593385214007782,0.036964980544747,0.20817120622568,0.161478599221789,rxsummary2022.xlsx,https://www.health.state.mn.us/data/apcd/publicusefiles/docs/rxsummary2022.xlsx,2026-09-19,Drug,ETHOSUXIMIDE,514,770,362,501,557,744,778,969,24.2,128,146.66,38.93,153.43
2022,MEDICARE,felbamate,FELBAMATE,Neuromuscular Drugs,1788,211,1457705.71,6908.55,815.27,21.87,4.54,0.063,30,37.2,150,179.5,413.98,787.48,1408022.58,0,27.64,49423.45,427.14,815.27,1457705.71,0.0002037830350648,0,0.368568232662192,0.451901565995525,0.179530201342281,0.545302013422818,0.454697986577181,0.582774049217002,0.098993288590604,0.118568232662192,0.199664429530201,rxsummary2022.xlsx,https://www.health.state.mn.us/data/apcd/publicusefiles/docs/rxsummary2022.xlsx,2026-09-19,Drug,FELBAMATE,1788,272,158,234,274,522,544,609,22.4,138.3,1312.65,111.52,1313.76
2022,MEDICARE,lacosamide,LACOSAMIDE,Neuromuscular Drugs,10052,1101,6887168.71,6255.37,685.15,21.18,8.38,-0.319,30,32.3,60,81.7,387.7,645.21,6485712.02,0,39.05,392575.64,440.39,685.15,6887168.71,0.0009628062324922,0,0.269498607242339,0.378830083565459,0.3516713091922,0.505073617190608,0.494926382809391,0.625746120175089,0.0987863111818543,0.112415439713489,0.163052128929566,rxsummary2022.xlsx,https://www.health.state.mn.us/data/apcd/publicusefiles/docs/rxsummary2022.xlsx,2026-09-19,Drug,LACOSAMIDE,10052,89,164,263,279,441,265,1187,17.9,106.3,759.49,160.9,794.33
2022,MEDICARE,lamotrigine,LAMOTRIGINE,Neuromuscular Drugs,76313,9965,4107866.31,412.22,53.82,1.3,0.65,-0.013,30,41.2,60,81.8,8.8,50.38,3845283.09,0,3.37,257896.6,10.49,53.82,4107866.31,0.0005742678090301,0,0.222557100362978,0.38302779342969,0.39441510620733,0.630678914470666,0.369321085529333,0.550194593319617,0.0894736152424881,0.161296240483272,0.199035550954621,rxsummary2022.xlsx,https://www.health.state.mn.us/data/apcd/publicusefiles/docs/rxsummary2022.xlsx,2026-09-19,Drug,LAMOTRIGINE,76313,132,548,754,815,837,67,918,25.8,79,327.86,37.15,337.61
2022,MEDICARE,levetiracetam,LEVETIRACETAM,Neuromuscular Drugs,69271,11129,4696460.18,422,67.79,1.54,0.5,-0.011,30,43.8,62,133.2,18.89,57.66,3994275.33,1.35,10,693025.98,26.38,67.79,4696460.18,0.0006565515268109,0,0.0961296935225419,0.236693565850067,0.66717674062739,0.523898889867332,0.476101110132667,0.555398362951307,0.100821411557506,0.149254377733828,0.194525847757358,rxsummary2022.xlsx,https://www.health.state.mn.us/data/apcd/publicusefiles/docs/rxsummary2022.xlsx,2026-09-19,Drug,LEVETIRACETAM,69271,114,544,706,768,910,73,911,28.9,138.4,250.39,32.68,257.22
2022,MEDICARE,oxcarbazepine,OXCARBAZEPINE,Neuromuscular Drugs,14592,2024,1223304.95,604.39,83.83,2.08,0.74,0.267,30,40.2,62,111.9,35.47,74.13,1081733.34,0,9.64,140683.81,44.88,83.83,1223304.95,0.0001710144879111,0,0.290090460526315,0.354303728070175,0.355605811403508,0.533922697368421,0.466077302631578,0.494037828947368,0.0884046052631578,0.18578673245614,0.231770833333333,rxsummary2022.xlsx,https://www.health.state.mn.us/data/apcd/publicusefiles/docs/rxsummary2022.xlsx,2026-09-19,Drug,OXCARBAZEPINE,14592,307,484,651,706,813,223,85,25.1,107.1,159.39,26.72,161.2
2022,MEDICARE,perampanel,PERAMPANEL,Neuromuscular Drugs,1161,105,1398975.16,13323.57,1204.97,38.53,33.97,0.084,30,31.2,30,35.4,1166.54,1158.88,1345461.15,0,45.45,52774.85,1185.86,1204.97,1398975.16,0.0001955726743261,0,0.40396210163652,0.38501291989664,0.211024978466838,0.498708010335917,0.501291989664082,0.564168819982773,0.0999138673557278,0.147286821705426,0.188630490956072,rxsummary2022.xlsx,https://www.health.state.mn.us/data/apcd/publicusefiles/docs/rxsummary2022.xlsx,2026-09-19,Drug,PERAMPANEL,1161,283,129,176,209,261,614,515,13.1,21.8,632.77,158.3,640.41
2022,MEDICARE,phenobarbital,PHENOBARBITAL,Central Nervous System Drugs,5153,719,278448.53,387.27,54.03,1.25,0.48,0.001,30,43.2,62,112.4,29.58,38.72,199538.74,0,15.22,78440.29,39.18,54.03,278448.53,3.89262977866e-05,0,0.10886862022123,0.280807296720357,0.610324083058412,0.57092955559868,0.429070444401319,0.486318649330487,0.102464583737628,0.188239860275567,0.222976906656316,rxsummary2022.xlsx,https://www.health.state.mn.us/data/apcd/publicusefiles/docs/rxsummary2022.xlsx,2026-09-19,Drug,PHENOBARBITAL,5153,572,560,753,827,924,357,872,27.3,132.4,40.31,32.81,46.58
2022,MEDICARE,phenytoin,PHENYTOIN,Neuromuscular Drugs,2127,250,105456.27,421.82,49.57,1.5,0.33,0.054,29,32.9,120,147.6,27.53,42.73,90895.05,0,6.78,14440.81,30.73,49.57,105456.27,1.47424810232e-05,0,0.124588622472966,0.385989656793606,0.489421720733427,0.429243065350258,0.570756934649741,0.52374236013164,0.100141043723554,0.166431593794076,0.209685002350728,rxsummary2022.xlsx,https://www.health.state.mn.us/data/apcd/publicusefiles/docs/rxsummary2022.xlsx,2026-09-19,Drug,PHENYTOIN,2127,727,545,773,779,979,510,648,21.1,130.6,63.41,21.05,68.41
2022,MEDICARE,phenytoin,PHENYTOIN SODIUM EXTENDED,Neuromuscular Drugs,14973,2015,1357250.95,673.57,90.64,1.92,0.62,0.047,30,47.2,90,145.4,33.94,66.37,993882.29,1.35,24.13,361374.88,43.94,90.64,1357250.95,0.0001897397506494,0,0.0427436051559473,0.238495959393575,0.718760435450477,0.461363788152006,0.538636211847993,0.498697655780404,0.111868029119081,0.154811994924196,0.234622320176317,rxsummary2022.xlsx,https://www.health.state.mn.us/data/apcd/publicusefiles/docs/rxsummary2022.xlsx,2026-09-19,Drug,PHENYTOIN SODIUM EXTENDED,14973,291,465,628,721,854,219,681,30.3,125.9,101.14,60.16,128.78
2022,MEDICARE,primidone,PRIMIDONE,Neuromuscular Drugs,14599,3006,497367.22,165.45,34.06,0.63,0.23,0.086,30,54,90,142.3,11.84,23.9,349018.79,6.31,10.1,147567.12,21.48,34.06,497367.22,6.95304964081e-05,0,0.0124666073018699,0.100006849784231,0.887526542913898,0.544626344270155,0.455373655729844,0.526200424686622,0.106582642646756,0.163983834509212,0.203233098157408,rxsummary2022.xlsx,https://www.health.state.mn.us/data/apcd/publicusefiles/docs/rxsummary2022.xlsx,2026-09-19,Drug,PRIMIDONE,14599,460,733,875,971,1044,222,502,31.5,136.5,34.83,13.11,38.79
2022,MEDICARE,rescue_diazepam,DIAZEPAM (ANTICONVULSANT),Neuromuscular Drugs,315,173,224932.91,1300.19,714.07,71.13,321.79,-0.119,5,10,2,2.2,653.21,686.82,216351.09,0,26.34,8300.23,653.21,714.07,224932.91,3.14449691534e-05,0,0.609523809523809,0.234920634920634,0.155555555555555,0.469841269841269,0.53015873015873,0.653968253968253,0.0666666666666666,0.139682539682539,0.139682539682539,rxsummary2022.xlsx,https://www.health.state.mn.us/data/apcd/publicusefiles/docs/rxsummary2022.xlsx,2026-09-19,Drug,DIAZEPAM (ANTICONVULSANT),315,605,368,257,165,65,874,1110,11.8,1.3,430.83,91.63,425.95
2022,MEDICARE,rescue_midazolam,MIDAZOLAM (ANTICONVULSANT),Neuromuscular Drugs,143,65,125780.97,1935.09,879.58,75.36,309.8,0.079,6,11.6,2,2.8,638.2,853.54,122056.37,0,25.9,3703.91,640.1,879.58,125780.97,1.75838151995e-05,0,0.538461538461538,0.307692307692307,0.153846153846153,0.482517482517482,0.517482517482517,0.573426573426573,0.111888111888111,0.139860139860139,0.174825174825174,rxsummary2022.xlsx,https://www.health.state.mn.us/data/apcd/publicusefiles/docs/rxsummary2022.xlsx,2026-09-19,Drug,MIDAZOLAM (ANTICONVULSANT),143,703,312,224,154,68,1000,538,11.2,2.6,832.89,110.63,835.29
2022,MEDICARE,rufinamide,RUFINAMIDE,Neuromuscular Drugs,470,51,1535881.01,30115.31,3267.83,110.74,15.75,-0.266,30,29.5,168,207.4,2127.42,3223.7,1515141.36,0,42.58,20017.26,2127.42,3267.83,1535881.01,0.0002147117155192,0,0.568085106382978,0.35531914893617,0.076595744680851,0.380851063829787,0.619148936170212,0.623404255319148,0.0808510638297872,0.163829787234042,0.131914893617021,rxsummary2022.xlsx,https://www.health.state.mn.us/data/apcd/publicusefiles/docs/rxsummary2022.xlsx,2026-09-19,Drug,RUFINAMIDE,470,257,92,109,127,347,799,1177,12.4,189,2953.44,397.12,3050.31
2022,MEDICARE,tiagabine,TIAGABINE HCL,Neuromuscular Drugs,133,21,84834.03,4039.71,637.84,18.39,4.97,-0.042,30,34.6,90,128,359.97,619.11,82342.74,0,18.19,2419.6,359.97,637.84,84834.03,1.1859551617e-05,0,0.308270676691729,0.436090225563909,0.25563909774436,0.37593984962406,0.624060150375939,,,,,rxsummary2022.xlsx,https://www.health.state.mn.us/data/apcd/publicusefiles/docs/rxsummary2022.xlsx,2026-09-19,Drug,TIAGABINE HCL,133,771,216,271,302,511,1011,996,22.1,105.2,555.14,90.17,563.14
2022,MEDICARE,topiramate,TOPIRAMATE,Neuromuscular Drugs,46277,8594,1603266.65,186.55,34.64,0.72,0.33,0,30,48,62,102.9,9.28,30.83,1426880.52,0,3.76,174136.59,12.36,34.64,1603266.65,0.0002241320327648,0,0.201568813881625,0.385353415303498,0.413077770814875,0.721978520647405,0.278021479352594,0.536875769820861,0.104609201115024,0.154850141538993,0.20366488752512,rxsummary2022.xlsx,https://www.health.state.mn.us/data/apcd/publicusefiles/docs/rxsummary2022.xlsx,2026-09-19,Drug,TOPIRAMATE,46277,253,708,869,946,977,115,875,29,88.8,222.96,14.38,226.16
2022,MEDICARE,valproate,DIVALPROEX SODIUM,Neuromuscular Drugs,79210,8907,7182907.89,806.43,90.68,2.73,0.92,0.13,30,33.1,62,98,41.1,84.23,6672370.12,0,6.24,494414.64,47.09,90.68,7182907.89,0.0010041497130552,0,0.193725539704582,0.351218280520136,0.45505617977528,0.451218280520136,0.548781719479863,0.57247822244666,0.0948491352102007,0.156520641333165,0.176152001009973,rxsummary2022.xlsx,https://www.health.state.mn.us/data/apcd/publicusefiles/docs/rxsummary2022.xlsx,2026-09-19,Drug,DIVALPROEX SODIUM,79210,86,433,627,638,770,66,307,20.6,90.3,137.94,24.07,141.01
2022,MEDICARE,valproate,VALPROATE SODIUM,Neuromuscular Drugs,2572,330,102761.32,311.39,39.95,1.5,0.09,-0.096,28,26.5,473,440.7,23.35,37.89,97477.64,0,1.98,5116.91,25.7,39.95,102761.32,1.43657348209e-05,0,0.243001555209953,0.337480559875583,0.419517884914463,0.341368584758942,0.658631415241057,0.596034214618973,0.067262830482115,0.153188180404354,0.183514774494556,rxsummary2022.xlsx,https://www.health.state.mn.us/data/apcd/publicusefiles/docs/rxsummary2022.xlsx,2026-09-19,Drug,VALPROATE SODIUM,2572,738,604,836,778,1169,471,1081,14,275.4,41.18,8.07,41.1
2022,MEDICARE,valproate,VALPROIC ACID,Neuromuscular Drugs,1440,224,84598.45,377.67,58.74,1.72,0.36,0.015,30,34,120,160.1,40.21,52.83,76082.04,0,5.84,8420.77,45.52,58.74,84598.45,1.18266182155e-05,0,0.0875,0.379861111111111,0.532638888888888,0.445138888888888,0.554861111111111,0.591666666666666,0.0888888888888888,0.09375,0.225694444444444,rxsummary2022.xlsx,https://www.health.state.mn.us/data/apcd/publicusefiles/docs/rxsummary2022.xlsx,2026-09-19,Drug,VALPROIC ACID,1440,772,565,735,746,962,572,818,22.4,125.6,51.91,17.34,54.18
2022,MEDICARE,zonisamide,ZONISAMIDE,Neuromuscular Drugs,6996,966,333771.79,345.51,47.7,1.17,0.33,-0.468,30,40.6,112,142.4,26.72,43.34,303225.52,0,4.28,29975.79,30.54,47.7,333771.79,4.66603292548e-05,0,0.238136077758719,0.352630074328187,0.409233847913093,0.57661520869068,0.423384791309319,0.555746140651801,0.0940537449971412,0.144797026872498,0.205403087478559,rxsummary2022.xlsx,https://www.health.state.mn.us/data/apcd/publicusefiles/docs/rxsummary2022.xlsx,2026-09-19,Drug,ZONISAMIDE,6996,543,586,781,842,980,314,1200,25.9,117,49.15,11.59,50.89
2022,MINNESOTA HEALTH CARE PROGRAMS,brivaracetam,BRIVARACETAM,Neuromuscular Drugs,2239,246,3316720.34,13482.6,1481.34,50.53,14.89,0.04,30,29.3,60,99.4,1263.95,1332.63,2983771.99,0,2.26,5063.29,1269.65,1481.34,3316720.34,0.0004636678944932,0.323358642251004,0.596694953104064,0.0799464046449307,0,0.465386333184457,0.534613666815542,0.684234033050468,0.102277802590442,0.0893255917820455,0.124162572577043,rxsummary2022.xlsx,https://www.health.state.mn.us/data/apcd/publicusefiles/docs/rxsummary2022.xlsx,2026-09-19,Drug,BRIVARACETAM,2239,93,98,128,162,315,482,534,4.5,112,844.79,10.4,795.71
2022,MINNESOTA HEALTH CARE PROGRAMS,cannabidiol,CANNABIDIOL,Neuromuscular Drugs,1381,172,4057657.88,23591.03,2938.2,103.42,15.56,0.057,30,28.4,180,188.7,2499.68,2569.08,3547904.12,0,1.68,2326.36,2776.23,2938.2,4057657.88,0.0005672488159775,0.616220130340333,0.35988414192614,0.0238957277335264,0,0.44605358435916,0.553946415640839,0.578566256335988,0.121650977552498,0.121650977552498,0.178131788559015,rxsummary2022.xlsx,https://www.health.state.mn.us/data/apcd/publicusefiles/docs/rxsummary2022.xlsx,2026-09-19,Drug,CANNABIDIOL,1381,74,70,92,106,308,562,468,3.6,105.6,1851.95,10.92,1699.81
2022,MINNESOTA HEALTH CARE PROGRAMS,carbamazepine,CARBAMAZEPINE,Neuromuscular Drugs,13051,1818,1325945.62,729.34,101.59,2.97,0.84,-0.019,30,34.1,90,120.5,65.81,98.85,1290216.87,0,1.29,16868.59,70.06,101.59,1325945.62,0.0001853633562116,0.0323346869971649,0.509845988813117,0.438433836487625,0.0193854877020917,0.510995326028656,0.489004673971343,0.555436365029499,0.0969274385104589,0.152172247337368,0.195463949122672,rxsummary2022.xlsx,https://www.health.state.mn.us/data/apcd/publicusefiles/docs/rxsummary2022.xlsx,2026-09-19,Drug,CARBAMAZEPINE,13051,187,365,483,568,708,200,731,17.3,121,108.04,4.89,108.47
2022,MINNESOTA HEALTH CARE PROGRAMS,cenobamate,CENOBAMATE,Neuromuscular Drugs,391,55,445946.78,8108.12,1140.52,40.6,33.61,0.218,30,28,30,33.9,1042.89,952.62,372475.52,0,7.13,2788.93,1055.97,1140.52,445946.78,6.23420678689e-05,0.0895140664961636,0.841432225063938,0.0690537084398976,0,0.506393861892583,0.493606138107416,0.552429667519181,0.0818414322250639,0.186700767263427,0.179028132992327,rxsummary2022.xlsx,https://www.health.state.mn.us/data/apcd/publicusefiles/docs/rxsummary2022.xlsx,2026-09-19,Drug,CENOBAMATE,391,349,125,150,184,228,791,176,6.5,13.4,696.91,16.87,562.92
2022,MINNESOTA HEALTH CARE PROGRAMS,clobazam,CLOBAZAM,Neuromuscular Drugs,4603,558,618097.19,1107.7,134.28,4.65,1.15,-0.391,30,28.8,77,116.6,43.28,107.39,494340.67,0,0.68,3145.78,54.42,134.28,618097.19,8.64081964412e-05,0.57723223984358,0.38301107973061,0.0397566804258092,0,0.461438192483163,0.538561807516836,0.57658049098414,0.126004779491635,0.13730175972192,0.160112969802302,rxsummary2022.xlsx,https://www.health.state.mn.us/data/apcd/publicusefiles/docs/rxsummary2022.xlsx,2026-09-19,Drug,CLOBAZAM,4603,301,324,442,492,638,358,1135,6.3,104.8,343.89,5.17,377.33
2022,MINNESOTA HEALTH CARE PROGRAMS,eslicarbazepine,ESLICARBAZEPINE ACETATE,Neuromuscular Drugs,230,27,422022.29,15630.45,1834.87,62.21,37.84,0.047,30,29.4,30,48.4,1138.64,1716.01,394682.78,0,3.65,841.75,1163.64,1834.87,422022.29,5.89974934798e-05,0.160869565217391,0.743478260869565,0.0956521739130434,0,0.57391304347826,0.426086956521739,,,,,rxsummary2022.xlsx,https://www.health.state.mn.us/data/apcd/publicusefiles/docs/rxsummary2022.xlsx,2026-09-19,Drug,ESLICARBAZEPINE ACETATE,230,361,93,118,149,216,879,512,2.6,27.4,1106.83,9.78,1057.27
2022,MINNESOTA HEALTH CARE PROGRAMS,ethosuximide,ETHOSUXIMIDE,Neuromuscular Drugs,1480,207,142804.17,689.87,96.48,3.17,0.39,-0.086,30,30.4,180,242.4,67.24,89.08,131846.33,0,1.01,1502.79,74.69,96.48,142804.17,1.99636092407e-05,0.681756756756756,0.302027027027027,0.0162162162162162,0,0.610135135135135,0.389864864864864,0.44527027027027,0.162837837837837,0.172972972972972,0.218918918918918,rxsummary2022.xlsx,https://www.health.state.mn.us/data/apcd/publicusefiles/docs/rxsummary2022.xlsx,2026-09-19,Drug,ETHOSUXIMIDE,1480,580,373,493,554,884,547,909,10.1,190.3,86.97,6.36,84.13
2022,MINNESOTA HEALTH CARE PROGRAMS,felbamate,FELBAMATE,Neuromuscular Drugs,3015,338,1613126.43,4772.56,535.03,17.15,2.08,-0.105,30,31.1,180,256.9,265.69,473,1426108.21,0,13.44,40533,320.91,535.03,1613126.43,0.0002255104014435,,,,,0.425207296849087,0.574792703150912,0.576119402985074,0.103814262023217,0.123051409618573,0.197014925373134,rxsummary2022.xlsx,https://www.health.state.mn.us/data/apcd/publicusefiles/docs/rxsummary2022.xlsx,2026-09-19,Drug,FELBAMATE,3015,164,147,224,297,562,430,946,11.3,213.7,638.37,76.34,630.1
2022,MINNESOTA HEALTH CARE PROGRAMS,fenfluramine,FENFLURAMINE HCL (ANTICONVULSANT),Neuromuscular Drugs,140,24,1401037.83,58376.57,10007.41,333.58,47.63,,30,30,192,210,8387.95,8638.61,1209406.43,0,0.1,15,9243.16,10007.41,1401037.83,0.0001958610296162,0.792857142857142,0.207142857142857,0,0,0.528571428571428,0.471428571428571,0.464285714285714,0.207142857142857,0.114285714285714,0.214285714285714,rxsummary2022.xlsx,https://www.health.state.mn.us/data/apcd/publicusefiles/docs/rxsummary2022.xlsx,2026-09-19,Drug,FENFLURAMINE HCL (ANTICONVULSANT),140,179,33,39,42,197,970,,0,78.9,5110.12,0.56,3990.8
2022,MINNESOTA HEALTH CARE PROGRAMS,lacosamide,LACOSAMIDE,Neuromuscular Drugs,9873,1093,5773492.94,5282.24,584.77,20.17,5.31,-0.44,30,28.9,60,110.1,194.72,533.12,5263568.45,0,2.16,21328.16,268.77,584.77,5773492.94,0.0008071175863327,0.231439278841284,0.548161652993011,0.216246328370302,0.0041527397954016,0.454978223437658,0.545021776562341,0.671427124480907,0.104527499240352,0.0954117289577635,0.128633647320976,rxsummary2022.xlsx,https://www.health.state.mn.us/data/apcd/publicusefiles/docs/rxsummary2022.xlsx,2026-09-19,Drug,LACOSAMIDE,9873,57,141,211,262,452,240,1143,7.3,156.7,648.66,16.3,664.91
2022,MINNESOTA HEALTH CARE PROGRAMS,lamotrigine,LAMOTRIGINE,Neuromuscular Drugs,123495,17462,3876636.78,222,31.39,0.93,0.48,0.1,30,33.7,56,64,7.21,28.91,3570849.02,0,0.91,113266.99,8.35,31.39,3876636.78,0.0005419425906429,0.102522369326693,0.63467346856148,0.258520587878051,0.0042835742337746,0.684877930280578,0.315122069719421,0.552451516255718,0.104732985141098,0.152540588687801,0.190274909915381,rxsummary2022.xlsx,https://www.health.state.mn.us/data/apcd/publicusefiles/docs/rxsummary2022.xlsx,2026-09-19,Drug,LAMOTRIGINE,123495,79,533,761,845,840,26,355,16.5,62.7,182.71,2.3,188.11
2022,MINNESOTA HEALTH CARE PROGRAMS,levetiracetam,LEVETIRACETAM,Neuromuscular Drugs,57044,8470,2506819.62,295.96,43.94,1.29,0.24,0.065,30,33.8,120,180.6,22.45,41.95,2393140.43,0,0.93,53384.69,23.53,43.94,2506819.62,0.0003504461202417,0.266127901269195,0.432367996634177,0.286147535235958,0.0153565668606689,0.471443096557043,0.528556903442956,0.619469181684313,0.0908421569314914,0.127007222494916,0.162681438889278,rxsummary2022.xlsx,https://www.health.state.mn.us/data/apcd/publicusefiles/docs/rxsummary2022.xlsx,2026-09-19,Drug,LEVETIRACETAM,57044,115,485,675,759,1021,71,441,17.2,188,146.73,4.37,149.3
2022,MINNESOTA HEALTH CARE PROGRAMS,oxcarbazepine,OXCARBAZEPINE,Neuromuscular Drugs,23668,3246,2012836.55,620.09,85.04,2.74,0.62,0.115,30,30.9,90,136.7,31.85,79.32,1877380.97,0,1.2,28578.5,36.1,85.04,2012836.55,0.0002813887181991,0.33386851444989,0.462818996112895,0.202002704073009,0.0013097853642048,0.473212776744972,0.526787223255027,0.539800574615514,0.109303701199932,0.150583065742775,0.200312658441777,rxsummary2022.xlsx,https://www.health.state.mn.us/data/apcd/publicusefiles/docs/rxsummary2022.xlsx,2026-09-19,Drug,OXCARBAZEPINE,23668,142,391,521,589,777,137,324,12.5,141.9,217.96,6.57,223.11
2022,MINNESOTA HEALTH CARE PROGRAMS,perampanel,PERAMPANEL,Neuromuscular Drugs,715,86,859482.29,9993.98,1202.07,41.15,28.71,-0.007,30,29.2,30,41.8,1083.85,1001.82,716305.1,0,3.29,2352.55,1093.57,1202.07,859482.29,0.0001201531340922,,,,,0.641958041958041,0.358041958041958,0.644755244755244,0.1006993006993,0.114685314685314,0.139860139860139,rxsummary2022.xlsx,https://www.health.state.mn.us/data/apcd/publicusefiles/docs/rxsummary2022.xlsx,2026-09-19,Drug,PERAMPANEL,715,256,110,147,182,250,679,687,6.4,33.3,611.3,13,605.41
2022,MINNESOTA HEALTH CARE PROGRAMS,phenobarbital,PHENOBARBITAL,Central Nervous System Drugs,3126,518,129756.5,250.49,41.5,1.54,0.22,-0.095,30,26.9,90,181.7,29.35,38.02,118855.45,0,0.98,3065.53,31.92,41.5,129756.5,1.81395827758e-05,0.355726167626359,0.339731285988483,0.296865003198976,0.0076775431861804,0.452975047984644,0.547024952015355,0.665706973768394,0.0777351247600767,0.14171465131158,0.114843250159948,rxsummary2022.xlsx,https://www.health.state.mn.us/data/apcd/publicusefiles/docs/rxsummary2022.xlsx,2026-09-19,Drug,PHENOBARBITAL,3126,600,512,688,725,1031,425,934,11.2,240,46.41,5.31,46.92
2022,MINNESOTA HEALTH CARE PROGRAMS,phenytoin,PHENYTOIN,Neuromuscular Drugs,612,74,25045.57,338.45,40.92,1.39,0.18,0.041,30,29.3,237,226.5,31.66,38.75,23715.2,0,0.69,428.01,35.28,40.92,25045.57,3.5012981252e-06,0.0441176470588235,0.47875816993464,0.446078431372549,0.0310457516339869,0.423202614379084,0.576797385620915,0.586601307189542,0.158496732026143,0.0604575163398692,0.194444444444444,rxsummary2022.xlsx,https://www.health.state.mn.us/data/apcd/publicusefiles/docs/rxsummary2022.xlsx,2026-09-19,Drug,PHENYTOIN,612,884,465,691,746,1071,707,531,12.6,151.5,33.4,2.09,32.76
2022,MINNESOTA HEALTH CARE PROGRAMS,phenytoin,PHENYTOIN SODIUM EXTENDED,Neuromuscular Drugs,4583,526,321334.32,610.9,70.11,1.99,0.59,0.05,30,35.1,90,117.9,37.23,68.19,312548.91,0,1.36,6251.77,39.05,70.11,321334.32,4.4921606982e-05,0.0148374427231071,0.313986471743399,0.62033602443814,0.0508400610953523,0.410429849443595,0.589570150556404,0.5797512546367,0.0864062840933886,0.146847043421339,0.18699541784857,rxsummary2022.xlsx,https://www.health.state.mn.us/data/apcd/publicusefiles/docs/rxsummary2022.xlsx,2026-09-19,Drug,PHENYTOIN SODIUM EXTENDED,4583,412,392,556,665,790,359,503,18.7,90,86.49,3.33,86.73
2022,MINNESOTA HEALTH CARE PROGRAMS,primidone,PRIMIDONE,Neuromuscular Drugs,2003,310,45222.19,145.87,22.57,0.69,0.27,-0.059,30,32.7,60,82.6,16.56,21.27,42611.29,0,1.15,2314.5,17.49,22.57,45222.19,6.3219311464e-06,0.0159760359460808,0.221168247628557,0.73889166250624,0.0239640539191213,0.572141787319021,0.427858212680978,0.503744383424862,0.111333000499251,0.151273090364453,0.233649525711432,rxsummary2022.xlsx,https://www.health.state.mn.us/data/apcd/publicusefiles/docs/rxsummary2022.xlsx,2026-09-19,Drug,PRIMIDONE,2003,794,631,863,909,988,499,846,14.8,71.2,25.31,2.2,25.55
2022,MINNESOTA HEALTH CARE PROGRAMS,rescue_diazepam,DIAZEPAM (ANTICONVULSANT),Neuromuscular Drugs,3019,1815,2175046.87,1198.37,720.45,72.45,303.9,0.301,3,9.9,2,2.3,613.71,670,2022730.29,0,3.96,11977.42,619.43,720.45,2175046.87,0.0003040652509873,,,,,0.43689963564094,0.563100364359059,0.618747929778072,0.116263663464723,0.113945014905597,0.151043391851606,rxsummary2022.xlsx,https://www.health.state.mn.us/data/apcd/publicusefiles/docs/rxsummary2022.xlsx,2026-09-19,Drug,DIAZEPAM (ANTICONVULSANT),3019,133,309,184,133,64,429,101,11.2,1.7,524.09,40.79,529.14
2022,MINNESOTA HEALTH CARE PROGRAMS,rescue_midazolam,MIDAZOLAM (ANTICONVULSANT),Neuromuscular Drugs,380,195,340876.66,1748.08,897.04,110.71,290.35,-0.025,2,8.1,2,3,586.56,746.12,283528.11,0,6.8,2585.3,586.56,897.04,340876.66,4.76535694969e-05,0.526315789473684,0.439473684210526,0.0342105263157894,0,0.402631578947368,0.597368421052631,0.652631578947368,0.152631578947368,0.0631578947368421,0.131578947368421,rxsummary2022.xlsx,https://www.health.state.mn.us/data/apcd/publicusefiles/docs/rxsummary2022.xlsx,2026-09-19,Drug,MIDAZOLAM (ANTICONVULSANT),380,397,261,167,101,67,798,752,10.8,2.8,838.42,23.68,786.47
2022,MINNESOTA HEALTH CARE PROGRAMS,rufinamide,RUFINAMIDE,Neuromuscular Drugs,1267,142,2314025.69,16295.95,1826.38,65.13,6.06,-0.434,30,28,210,301,1032.64,1602.07,2029830.53,0,10.02,12706.45,1218.91,1826.38,2314025.69,0.0003234940873808,0.410418310970797,0.511444356748224,0.0781373322809786,0,0.461720599842146,0.538279400157853,0.597474348855564,0.146014206787687,0.0797158642462509,0.176795580110497,rxsummary2022.xlsx,https://www.health.state.mn.us/data/apcd/publicusefiles/docs/rxsummary2022.xlsx,2026-09-19,Drug,RUFINAMIDE,1267,123,91,120,140,435,579,1142,7.3,264.2,1682.05,105.63,1749.17
2022,MINNESOTA HEALTH CARE PROGRAMS,topiramate,TOPIRAMATE,Neuromuscular Drugs,71527,14225,1306648.27,91.85,18.26,0.5,0.22,-0.058,30,36.3,60,79.8,8.01,16.85,1205516.4,0,0.97,69456.03,9.03,18.26,1306648.27,0.000182665642589,0.102297034686202,0.533644637689264,0.359738280649265,0.004320046975268,0.776448054580787,0.223551945419212,0.531687334852573,0.117619919750583,0.151802815719937,0.198889929676905,rxsummary2022.xlsx,https://www.health.state.mn.us/data/apcd/publicusefiles/docs/rxsummary2022.xlsx,2026-09-19,Drug,TOPIRAMATE,71527,191,762,926,991,1029,53,845,19.8,70.5,89.6,1.94,91.75
2022,MINNESOTA HEALTH CARE PROGRAMS,valproate,DIVALPROEX SODIUM,Neuromuscular Drugs,50476,6733,2266442.96,336.61,44.9,1.41,0.46,-0.031,30,31.7,62,96.9,24.35,43.01,2171105.65,0,0.71,35875.09,26.05,44.9,2266442.96,0.0003168421595811,0.110706078136143,0.539325620096679,0.334020128377842,0.0159481733893335,0.33683334654093,0.663166653459069,0.622414612885331,0.0901616609873999,0.129526903875108,0.157896822252159,rxsummary2022.xlsx,https://www.health.state.mn.us/data/apcd/publicusefiles/docs/rxsummary2022.xlsx,2026-09-19,Drug,DIVALPROEX SODIUM,50476,128,466,670,743,847,76,770,14,83.8,74.32,3.68,75.26
2022,MINNESOTA HEALTH CARE PROGRAMS,valproate,VALPROATE SODIUM,Neuromuscular Drugs,3808,506,93916.63,185.6,24.66,0.83,0.05,0.171,30,29.4,473,476.6,19.09,22.49,85643.59,0,0.63,2404.81,20.18,24.66,93916.63,1.31292727833e-05,0.51890756302521,0.373949579831932,0.102153361344537,0.0049894957983193,0.367121848739495,0.632878151260504,0.633928571428571,0.108193277310924,0.114758403361344,0.143119747899159,rxsummary2022.xlsx,https://www.health.state.mn.us/data/apcd/publicusefiles/docs/rxsummary2022.xlsx,2026-09-19,Drug,VALPROATE SODIUM,3808,661,570,837,876,1184,388,232,9.4,264,21.58,2.17,23.72
2022,MINNESOTA HEALTH CARE PROGRAMS,valproate,VALPROIC ACID,Neuromuscular Drugs,710,119,41985.21,352.81,59.13,1.95,0.4,0.181,30,30.2,120,147.6,48.51,57.46,40802.19,0,1.1,781.99,49.35,59.13,41985.21,5.8694107205e-06,0.10281690140845,0.390140845070422,0.453521126760563,0.0535211267605633,0.387323943661971,0.612676056338028,0.561971830985915,0.0887323943661971,0.0507042253521126,0.298591549295774,rxsummary2022.xlsx,https://www.health.state.mn.us/data/apcd/publicusefiles/docs/rxsummary2022.xlsx,2026-09-19,Drug,VALPROIC ACID,710,807,461,596,674,883,681,219,17.1,101.8,46.46,2.92,46.08
2022,MINNESOTA HEALTH CARE PROGRAMS,vigabatrin,VIGABATRIN,Neuromuscular Drugs,236,39,4003196.81,102646.07,16962.69,570.25,140.44,-0.056,30,29.7,120,120.7,12234.28,14810,3495160.72,0,279.66,66001.75,16082.75,16962.69,4003196.81,0.0005596353161734,0.944915254237288,0.0550847457627118,0,0,0.555084745762711,0.444915254237288,0.385593220338983,0.177966101694915,0.139830508474576,0.296610169491525,rxsummary2022.xlsx,https://www.health.state.mn.us/data/apcd/publicusefiles/docs/rxsummary2022.xlsx,2026-09-19,Drug,VIGABATRIN,236,75,15,14,15,108,870,839,1.9,43.9,10350.04,977.41,9023.03
2022,MINNESOTA HEALTH CARE PROGRAMS,zonisamide,ZONISAMIDE,Neuromuscular Drugs,8265,1146,246707.55,215.27,29.84,0.87,0.24,0.153,30,34,90,123.4,20.86,28.09,232199.54,0,0.83,6872.87,21.96,29.84,246707.55,3.4489000741e-05,0.292800967937084,0.482516636418632,0.219600725952813,0.00508166969147,0.532123411978221,0.467876588021778,0.584392014519056,0.107924984875983,0.131397459165154,0.176285541439806,rxsummary2022.xlsx,https://www.health.state.mn.us/data/apcd/publicusefiles/docs/rxsummary2022.xlsx,2026-09-19,Drug,ZONISAMIDE,8265,472,538,775,861,1024,266,261,17.4,106,26.91,2.32,27.78
