npi,name,city,state,zip5,lat,lon
1124801279,ALLINA HEALTH SYSTEM,CAMBRIDGE,MN,55008,45.57271,-93.27004
1780648964,ALLINA HEALTH SYSTEM,CAMBRIDGE,MN,55008,45.57271,-93.27004
1407878192,GRAND ST PAUL CVS LLC,CAMBRIDGE,MN,55008,45.57271,-93.27004
1811287808,NASH-FINCH LLC,CANNON FALLS,MN,55009,44.48303,-92.86484
1487792495,SUPERVALU PHARMACIES INC,CAMBRIDGE,MN,55008,45.57271,-93.27004
1578578704,WALGREEN CO,CAMBRIDGE,MN,55008,45.57271,-93.27004
1710904107,WALMART INC.,CAMBRIDGE,MN,55008,45.57271,-93.27004
1851355135,ALLINA HEALTH SYSTEM,COTTAGE GROVE,MN,55016,44.8177,-92.93462
1538942685,ALLINA HEALTH SYSTEM,COTTAGE GROVE,MN,55016,44.8177,-92.93462
1245636489,FAIRVIEW PHARMACY SERVICES LLC,CHISAGO CITY,MN,55013,45.35437,-92.89819
1972782290,GORDY'S PHARMACY INC.,CENTER CITY,MN,55012,45.4379,-92.79168
1043232739,GRAND ST PAUL CVS LLC,LINO LAKES,MN,55014,45.16421,-93.12315
1861414542,GRAND ST PAUL CVS LLC,COTTAGE GROVE,MN,55016,44.8177,-92.93462
1003337023,HY-VEE INC,COTTAGE GROVE,MN,55016,44.8177,-92.93462
1861507907,SUPERVALU PHARMACIES INC,COTTAGE GROVE,MN,55016,44.8177,-92.93462
1932114253,WALGREEN CO,CIRCLE PINES,MN,55014,45.16421,-93.12315
1225043532,WALGREEN CO,COTTAGE GROVE,MN,55016,44.8177,-92.93462
1801813209,WALMART INC.,CIRCLE PINES,MN,55014,45.16421,-93.12315
1730519562,WALMART INC.,COTTAGE GROVE,MN,55016,44.8177,-92.93462
1689457624,ALLINA HEALTH SYSTEM,FARIBAULT,MN,55021,44.29978,-93.27718
1598822686,ALLINA HEALTH SYSTEM,FARIBAULT,MN,55021,44.29978,-93.27718
1164596508,BOYES PHARMACY,FARIBAULT,MN,55021,44.29978,-93.27718
1770770828,GRAND ST PAUL CVS LLC,FARMINGTON,MN,55024,44.62994,-93.13428
1780606475,GRAND ST PAUL CVS LLC,FOREST LAKE,MN,55025,45.26256,-93.0227
1053340711,HY-VEE INC,FARIBAULT,MN,55021,44.29978,-93.27718
1497838759,"LAKES SNYDER DRUG, INC",FOREST LAKE,MN,55025,45.26256,-93.0227
1164516563,SNYDERS DRUG,FARIBAULT,MN,55021,44.29978,-93.27718
1558476697,SUPERVALU PHARMACIES INC,FOREST LAKE,MN,55025,45.26256,-93.0227
1750396982,WALGREEN CO,FARIBAULT,MN,55021,44.29978,-93.27718
1114932340,WALGREEN CO,FOREST LAKE,MN,55025,45.26256,-93.0227
1447277827,WALMART INC.,FARIBAULT,MN,55021,44.29978,-93.27718
1801813290,WALMART INC.,FOREST LAKE,MN,55025,45.26256,-93.0227
1841627387,ALLINA HEALTH SYSTEM,HASTINGS,MN,55033,44.713,-92.86373
1447447644,COBORNS INC,HASTINGS,MN,55033,44.713,-92.86373
1770719585,FAIRVIEW PHARMACY SERVICES LLC,HUGO,MN,55038,45.16869,-92.97938
1194126995,GRAND ST PAUL CVS LLC,HASTINGS,MN,55033,44.713,-92.86373
1083758676,HINCKLEY DRUG LLC,HINCKLEY,MN,55037,46.01299,-92.77561
1811002959,SUPERVALU PHARMACIES INC,HASTINGS,MN,55033,44.713,-92.86373
1245081066,"THE DULUTH CLINIC, LTD.",HINCKLEY,MN,55037,46.01299,-92.77561
1023023249,WALGREEN CO,HASTINGS,MN,55033,44.713,-92.86373
1629095005,WALMART INC.,HASTINGS,MN,55033,44.713,-92.86373
1639784994,ASTRUP DRUG INC,LAKE CITY,MN,55041,44.39402,-92.32022
1427101112,"ASTRUP DRUG, INC",LAKE CITY,MN,55041,44.39402,-92.32022
1144676370,COBORNS INC,ISANTI,MN,55040,45.4685,-93.27972
1629159736,ERICKSON DRUG INC,LAKEVILLE,MN,55044,44.64094,-93.2798
1508890450,FAIRVIEW PHARMACY SERVICES LLC,SHOREVIEW,MN,55126,45.08477,-93.13255
1861414559,GRAND ST PAUL CVS LLC,LAKEVILLE,MN,55044,44.64094,-93.2798
1619147923,GRAND ST PAUL CVS LLC,LAKEVILLE,MN,55044,44.64094,-93.2798
1487748760,GRAND ST PAUL CVS PHCY LLC,LAKEVILLE,MN,55044,44.64094,-93.2798
1487690848,HERRMANN DRUG INC,LONSDALE,MN,55046,44.44863,-93.41897
1851746986,HY-VEE INC,LAKEVILLE,MN,55044,44.64094,-93.2798
1275681538,RBF LLC,LAKEVILLE,MN,55044,44.64094,-93.2798
1174703649,RICH APOTHECARY INC,LAKE ELMO,MN,55042,44.99196,-92.89876
1205920600,SNYDERS DRUG,LAKEVILLE,MN,55044,44.64094,-93.2798
1215348727,SUPERVALU PHARMACIES INC,LAKEVILLE,MN,55044,44.64094,-93.2798
1265628515,SUPERVALU PHARMACIES INC,LAKEVILLE,MN,55044,44.64094,-93.2798
1184739229,SUPERVALU PHARMACIES INC,LAKEVILLE,MN,55044,44.64094,-93.2798
1841206489,WALGREEN CO,LAKEVILLE,MN,55044,44.64094,-93.2798
1679588800,WALGREEN CO,LAKEVILLE,MN,55044,44.64094,-93.2798
1215285408,WALMART INC.,LAKEVILLE,MN,55044,44.64094,-93.2798
1013343391,ASTRUP DRUG INC,NORTHFIELD,MN,55057,44.4713,-93.17617
1194330456,ASTRUP DRUG INC,NORTHFIELD,MN,55057,44.4713,-93.17617
1295828572,"BORAK, INC",NORTHFIELD,MN,55057,44.4713,-93.17617
1194101766,COBORNS INC,MORA,MN,55051,45.92772,-93.30432
1831261502,COBORNS INC,MORA,MN,55051,45.92772,-93.30432
1134745730,"ELKO NEW MARKET FAMILY PHARMACY, LLC",ELKO NEW MARKET,MN,55054,44.57008,-93.35029
1043368319,ERICKSONS DIVERSIFIED LLC,NORTHFIELD,MN,55057,44.4713,-93.17617
1710321054,FAIRVIEW PHARMACY SERVICES LLC,NORTH BRANCH,MN,55056,45.50874,-92.95253
1821356171,GRAND ST PAUL CVS LLC,NORTHFIELD,MN,55057,44.4713,-93.17617
1184635690,NEWPORT DRUGS INC,NEWPORT,MN,55055,44.87382,-92.99777
1265084792,"NUDAK VENTURES, LLC",NORTH BRANCH,MN,55056,45.50874,-92.95253
1588618706,PAMIDA STORES OPERATING CO LLC,MORA,MN,55051,45.92772,-93.30432
1811157662,SHOPKO STORES OPERATING CO LLC,NORTH BRANCH,MN,55056,45.50874,-92.95253
1568761484,SHOPKO STORES OPERATING CO LLC,MORA,MN,55051,45.92772,-93.30432
1710030978,SKELTON DRUG INC,NORTH BRANCH,MN,55056,45.50874,-92.95253
1639284771,SUPERVALU PHARMACIES INC,NORTHFIELD,MN,55057,44.4713,-93.17617
1922013150,WALGREEN CO,NORTHFIELD,MN,55057,44.4713,-93.17617
1841761871,WELIA HEALTH,MORA,MN,55051,45.92772,-93.30432
1992809081,ASTRUP DRUG INC,OWATONNA,MN,55060,44.05901,-93.22289
1396352605,ASTRUP DRUG INC,OWATONNA,MN,55060,44.05901,-93.22289
1659443323,COBORNS INC,OWATONNA,MN,55060,44.05901,-93.22289
1194873000,ERICKSONS DIVERSIFIED LLC,RED WING,MN,55066,44.51829,-92.54508
1861818387,FAIRVIEW PHARMACY SERVICES LLC,ROSEMOUNT,MN,55068,44.73781,-93.06868
1568801124,GENOA HEALTHCARE LLC,OWATONNA,MN,55060,44.05901,-93.22289
1932121613,GRAND ST PAUL CVS LLC,OWATONNA,MN,55060,44.05901,-93.22289
1689696379,GRAND ST PAUL CVS LLC,RED WING,MN,55066,44.51829,-92.54508
1346484573,HY-VEE INC,OWATONNA,MN,55060,44.05901,-93.22289
1003869025,SHOPKO STORES OPERATING CO LLC,PINE CITY,MN,55063,45.83631,-92.90419
1730294877,SUPERVALU PHARMACIES INC,ROSEMOUNT,MN,55068,44.73781,-93.06868
1689982175,WALGREEN CO,RED WING,MN,55066,44.51829,-92.54508
1578578894,WALGREEN CO,ROSEMOUNT,MN,55068,44.73781,-93.06868
1982839544,WALGREEN CO,RED WING,MN,55066,44.51829,-92.54508
1104831338,WALGREEN CO,OWATONNA,MN,55060,44.05901,-93.22289
1538186929,WALMART INC.,PINE CITY,MN,55063,45.83631,-92.90419
1356368732,WALMART INC.,OWATONNA,MN,55060,44.05901,-93.22289
1447277843,WALMART INC.,RED WING,MN,55066,44.51829,-92.54508
1407276264,WELIA HEALTH,PINE CITY,MN,55063,45.83631,-92.90419
1073544151,FAMILY HEALTH SYSTEMS OF MOOSE LAKE INC,SANDSTONE,MN,55072,46.14102,-92.61841
1891706305,GOODRICH PHARMACY INC,SAINT FRANCIS,MN,55070,45.41252,-93.38804
1790045201,GRAND ST PAUL CVS LLC,INVER GROVE HEIGHTS,MN,55077,44.81828,-93.07364
1447179965,LADD MEMORIAL HOSPITAL,SCANDIA,MN,55073,45.27293,-92.82494
1528152923,SNYDERS DRUG,SOUTH SAINT PAUL,MN,55075,44.88747,-93.04093
1609960004,SNYDERS DRUG,INVER GROVE HEIGHTS,MN,55076,44.83633,-93.03401
1750833653,SPPS LLC L L C,SOUTH SAINT PAUL,MN,55075,44.88747,-93.04093
1093820136,SUPERVALU PHARMACIES INC,INVER GROVE HEIGHTS,MN,55076,44.83633,-93.03401
1316194459,THRIFTY DRUG STORES INC,SANDSTONE,MN,55072,46.14102,-92.61841
1114932332,WALGREEN CO,INVER GROVE HEIGHTS,MN,55076,44.83633,-93.03401
1205841434,WALGREEN CO,INVER GROVE HEIGHTS,MN,55077,44.81828,-93.07364
1265459663,WALMART INC.,INVER GROVE HEIGHTS,MN,55076,44.83633,-93.03401
1114949898,GRAND ST PAUL CVS LLC,STILLWATER,MN,55082,45.07279,-92.84039
1881788289,SNYDERS DRUG,STILLWATER,MN,55082,45.07279,-92.84039
1548372543,ST CROIX DRUG COMPANY,STILLWATER,MN,55082,45.07279,-92.84039
1780213587,SUPERVALU PHARMACIES INC,SAINT MICHAEL,MN,55376,45.21057,-93.68726
1487760898,SUPERVALU PHARMACIES INC,BURNSVILLE,MN,55337,44.77668,-93.27503
1942831839,SUPERVALU PHARMACIES INC,MINNEAPOLIS,MN,55406,44.93957,-93.22115
1598870636,SUPERVALU PHARMACIES INC,STILLWATER,MN,55082,45.07279,-92.84039
1922879683,SUPERVALU PHARMACIES INC,ROCHESTER,MN,55901,44.06977,-92.50688
1184700049,SUPERVALU PHARMACIES INC,STILLWATER,MN,55082,45.07279,-92.84039
1740635770,SUPERVALU PHARMACIES INC,STILLWATER,MN,55082,45.07279,-92.84039
1093517914,SUPERVALU PHARMACIES INC.,BURNSVILLE,MN,55337,44.77668,-93.27503
1841205077,WALGREEN CO,OAK PARK HEIGHTS,MN,55082,45.07279,-92.84039
1457378838,WALMART INC.,OAK PARK HEIGHTS,MN,55082,45.07279,-92.84039
1790717783,FAIRVIEW PHARMACY SERVICES LLC,WYOMING,MN,55092,45.33657,-93.07864
1619903994,ROLSETH DRUG CO,WYOMING,MN,55092,45.33657,-93.07864
1447323480,ALCHEMIST GENERAL INC,SAINT PAUL,MN,55104,44.95447,-93.16221
1942875315,ALCHEMIST GENERAL INC,SAINT PAUL,MN,55104,44.95447,-93.16221
1043599590,ALLINA HEALTH SYSTEM,SAINT PAUL,MN,55102,44.93189,-93.12161
1942264270,ALLINA HEALTH SYSTEM,SAINT PAUL,MN,55102,44.93189,-93.12161
1679356729,ALLINA HEALTH SYSTEM,SAINT PAUL,MN,55102,44.93189,-93.12161
1497743454,AM SCHNEIDER PA,MAHTOMEDI,MN,55115,45.06774,-92.95329
1447883269,CHILDREN'S HEALTH CARE,SAINT PAUL,MN,55102,44.93189,-93.12161
1700979861,CHILDRENS HEALTH CARE,SAINT PAUL,MN,55102,44.93189,-93.12161
1194127985,COMO PHARMACY INC,SAINT PAUL,MN,55103,44.96423,-93.12446
1922260488,COSTCO WHOLESALE CORPORATION,MAPLEWOOD,MN,55109,45.01462,-93.02611
1063118909,EQUITY CONSULTING PARTNERS LLC,ST. PAUL,MN,55102,44.93189,-93.12161
1053471292,ERICKSON DRUG INC,SAINT PAUL,MN,55108,44.98095,-93.17541
1811050438,EXPRESS PHARMACY INC,SAINT PAUL,MN,55104,44.95447,-93.16221
1740708767,FAIRVIEW PHARMACY SERVICES LLC,MAPLEWOOD,MN,55109,45.01462,-93.02611
1003327917,"FAIRVIEW PHARMACY SERVICES, LLC",MAPLEWOOD,MN,55109,45.01462,-93.02611
1578902995,GENOA HEALTHCARE LLC,SAINT PAUL,MN,55107,44.93108,-93.07958
1518323997,GENOA HEALTHCARE LLC,SAINT PAUL,MN,55101,44.9513,-93.09023
1891339131,GENOA HEALTHCARE LLC,SAINT PAUL,MN,55104,44.95447,-93.16221
1962424648,GRAND ST PAUL CVS LLC,SAINT PAUL,MN,55104,44.95447,-93.16221
1174065007,GRAND ST PAUL CVS LLC,SAINT PAUL,MN,55105,44.9346,-93.16817
1235151911,GRAND ST PAUL CVS LLC,SAINT PAUL,MN,55106,44.96353,-93.04827
1902828676,GRAND ST PAUL CVS LLC,NORTH ST PAUL,MN,55109,45.01462,-93.02611
1245339555,GRAND ST PAUL CVS LLC,MAPLEWOOD,MN,55109,45.01462,-93.02611
1336248640,GRAND ST PAUL CVS LLC,SAINT PAUL,MN,55105,44.9346,-93.16817
1417499120,HEALTHEAST ST JOSEPHS HOSPITAL,ST PAUL,MN,55102,44.93189,-93.12161
1538749387,HY-VEE INC,MAPLEWOOD,MN,55109,45.01462,-93.02611
1184736183,JT HOESCHEN INC,SAINT PAUL,MN,55105,44.9346,-93.16817
1417295403,LAB DRUGS & MEDICAL-TRANS-SUPPLIES LLC,SAINT PAUL,MN,55103,44.96423,-93.12446
1144281304,MINNESOTA ONCOLOGY HEMATOLOGY PA,MAPLEWOOD,MN,55109,45.01462,-93.02611
1639622947,OUR FAMILY PHARMACY LLC,SAINT PAUL,MN,55103,44.96423,-93.12446
1750095766,OUR LADY OF PEACE,SAINT PAUL,MN,55104,44.95447,-93.16221
1972892438,PHALEN FAMILY PHARMACY LTD,SAINT PAUL,MN,55106,44.96353,-93.04827
1861480519,RBF LLC,SAINT PAUL,MN,55106,44.96353,-93.04827
1245324649,SNYDERS DRUG STORES INC,SAINT PAUL,MN,55106,44.96353,-93.04827
1639566649,ST PAUL PHARMACY LLC,SAINT PAUL,MN,55103,44.96423,-93.12446
1336397298,SUPERVALU PHARMACIES INC,SAINT PAUL,MN,55106,44.96353,-93.04827
1023123163,SUPERVALU PHARMACIES INC,MAPLEWOOD,MN,55109,45.01462,-93.02611
1497760714,WALGREEN CO,SAINT PAUL,MN,55105,44.9346,-93.16817
1023024668,WALGREEN CO,SAINT PAUL,MN,55106,44.96353,-93.04827
1457533143,WALGREEN CO,MAPLEWOOD,MN,55109,45.01462,-93.02611
1336321025,WALGREEN CO,SAINT PAUL,MN,55106,44.96353,-93.04827
1144235458,WALGREEN CO,SAINT PAUL,MN,55104,44.95447,-93.16221
1235144544,WALGREEN CO,SAINT PAUL,MN,55106,44.96353,-93.04827
1689689903,WALGREEN CO,SAINT PAUL,MN,55105,44.9346,-93.16817
1053326363,WALGREEN CO,SAINT PAUL,MN,55102,44.93189,-93.12161
1679016497,WALGREEN CO,SAINT PAUL,MN,55102,44.93189,-93.12161
1871755975,WEST SIDE COMMUNITY HEALTH SERVICES INC,SAINT PAUL,MN,55106,44.96353,-93.04827
1871583898,"D.W.KOSKI,INC.",MENDOTA HEIGHTS,MN,55118,44.89648,-93.10344
1780279604,ETEL PHARMACY,SAINT PAUL,MN,55116,44.90973,-93.17024
1356501621,FAIRVIEW PHARMACY SERVICES LLC,NEW BRIGHTON,MN,55112,45.07658,-93.18893
1972535953,FAIRVIEW PHARMACY SERVICES LLC,ST. PAUL,MN,55116,44.90973,-93.17024
1669525291,GENOA HEALTHCARE LLC,SAINT PAUL,MN,55114,44.96609,-93.19433
1184148926,GENOA HEALTHCARE LLC,WEST ST PAUL,MN,55118,44.89648,-93.10344
1659668598,GENOA HEALTHCARE LLC,ROSEVILLE,MN,55113,45.01301,-93.15555
1649292319,GRAND ST PAUL CVS LLC,ROSEVILLE,MN,55113,45.01301,-93.15555
1518346865,GRAND ST PAUL CVS LLC,SAINT PAUL,MN,55116,44.90973,-93.17024
1972602274,GRAND ST PAUL CVS LLC,WHITE BEAR LAKE,MN,55110,45.09024,-93.00627
1285656959,GRAND ST PAUL CVS LLC,WEST SAINT PAUL,MN,55118,44.89648,-93.10344
1508051582,GRAND ST PAUL CVS LLC,WHITE BEAR LAKE,MN,55110,45.09024,-93.00627
1265663991,GRAND ST PAUL CVS LLC,LITTLE CANADA,MN,55113,45.01301,-93.15555
1942471933,GRAND ST PAUL CVS LLC,WEST SAINT PAUL,MN,55118,44.89648,-93.10344
1861532376,"MEDICINE CHEST PHARMACY, INC.",WHITE BEAR LAKE,MN,55110,45.09024,-93.00627
1811601123,MINNESOTA ONCOLOGY HEMATOLOGY PA,MAPLE GROVE,MN,55369,45.12644,-93.44629
1639329816,RBF LLC,ROSEVILLE,MN,55113,45.01301,-93.15555
1366469769,SAMS WEST INC,WHITE BEAR LAKE,MN,55110,45.09024,-93.00627
1801461819,SETZER PHARMACY INC,SAINT PAUL,MN,55113,45.01301,-93.15555
1861437402,SETZER PHARMACY INC,ROSEVILLE,MN,55113,45.01301,-93.15555
1497849897,SNYDERS DRUG,WHITE BEAR LAKE,MN,55115,45.06774,-92.95329
1477647725,SNYDERS DRUG,ST PAUL,MN,55119,44.93794,-93.00936
1982798385,SNYDERS DRUG,SAINT PAUL,MN,55118,44.89648,-93.10344
1568556819,SNYDERS DRUG,ST PAUL,MN,55116,44.90973,-93.17024
1811081169,SNYDERS DRUG,WHITE BEAR LAKE,MN,55110,45.09024,-93.00627
1386738631,SNYDERS DRUG,SAINT PAUL,MN,55113,45.01301,-93.15555
1699869099,SNYDERS DRUG,MOUNDS VIEW,MN,55112,45.07658,-93.18893
1902990252,SNYDERS DRUG,NEW BRIGHTON,MN,55112,45.07658,-93.18893
1619061017,SNYDERS DRUG,SAINT PAUL,MN,55113,45.01301,-93.15555
1003920158,SUN DRUG INC,MAPLEWOOD,MN,55119,44.93794,-93.00936
1407961543,SUPERVALU PHARMACIES INC,MAPLEWOOD,MN,55117,44.99936,-93.09687
1851761514,SUPERVALU PHARMACIES INC,WHITE BEAR LAKE,MN,55110,45.09024,-93.00627
1992810030,SUPERVALU PHARMACIES INC,ST PAUL,MN,55119,44.93794,-93.00936
1821103961,SUPERVALU PHARMACIES INC,NEW BRIGHTON,MN,55112,45.07658,-93.18893
1124133269,SUPERVALU PHARMACIES INC,WEST ST PAUL,MN,55118,44.89648,-93.10344
1376658419,SUPERVALU PHARMACIES INC,ROSEVILLE,MN,55113,45.01301,-93.15555
1962813469,SUPERVALU PHARMACIES INC,ROSEVILLE,MN,55113,45.01301,-93.15555
1033124359,WALGREEN CO,WHITE BEAR LAKE,MN,55115,45.06774,-92.95329
1760497994,WALGREEN CO,MOUNDS VIEW,MN,55112,45.07658,-93.18893
1326239617,WALGREEN CO,SAINT PAUL,MN,55113,45.01301,-93.15555
1366458762,WALGREEN CO,ROSEVILLE,MN,55113,45.01301,-93.15555
1831498989,WALGREEN CO,SAINT PAUL,MN,55116,44.90973,-93.17024
1134134448,WALGREEN CO,WEST SAINT PAUL,MN,55118,44.89648,-93.10344
1245246883,WALGREEN CO,ROSEVILLE,MN,55113,45.01301,-93.15555
1396750527,WALGREEN CO,SAINT PAUL,MN,55119,44.93794,-93.00936
1760497077,WALGREEN CO,ST PAUL,MN,55113,45.01301,-93.15555
1891712295,WALMART INC.,WEST ST PAUL,MN,55118,44.89648,-93.10344
1700803103,WALMART INC.,ROSEVILLE,MN,55113,45.01301,-93.15555
1598471054,WELLCARE RX LLC,MOUNDS VIEW,MN,55112,45.07658,-93.18893
1821048950,ACCREDO HEALTH GROUP INC,EAGAN,MN,55121,44.84706,-93.15429
1104880384,ALLINA HEALTH SYSTEM,WOODBURY,MN,55125,44.91985,-92.94394
1730862210,ALLINA HEALTH SYSTEM,APPLE VALLEY,MN,55124,44.74557,-93.20073
1447033592,ALLINA HEALTH SYSTEM,WOODBURY,MN,55125,44.91985,-92.94394
1982641346,ALLINA HEALTH SYSTEM,APPLE VALLEY,MN,55124,44.74557,-93.20073
1730252768,ARDEN PHARMACY & GIFT,ARDEN HILLS,MN,55126,45.08477,-93.13255
1386674067,CORAM ALTERNATE SITE SERVICES INC,MENDOTA HEIGHTS,MN,55120,44.87251,-93.14907
1053835231,COSTCO WHOLESALE CORPORATION,WOODBURY,MN,55125,44.91985,-92.94394
1831749126,COSTCO WHOLESALE CORPORATION,EAGAN,MN,55121,44.84706,-93.15429
1427080415,FAIRVIEW PHARMACY SERVICES LLC,SHOREVIEW,MN,55126,45.08477,-93.13255
1518999507,FAIRVIEW PHARMACY SERVICES LLC,EAGAN,MN,55121,44.84706,-93.15429
1063444057,FAIRVIEW PHARMACY SERVICES LLC,APPLE VALLEY,MN,55124,44.74557,-93.20073
1629241732,FAIRVIEW PHARMACY SERVICES LLC,SHOREVIEW,MN,55126,45.08477,-93.13255
1134478829,GENOA HEALTHCARE LLC,WOODBURY,MN,55125,44.91985,-92.94394
1194748483,GRAND ST PAUL CVS LLC,VADNAIS HTS,MN,55127,45.08411,-93.08265
1083784029,GRAND ST PAUL CVS LLC,APPLE VALLEY,MN,55124,44.74557,-93.20073
1518900786,GRAND ST PAUL CVS LLC,OAKDALE,MN,55128,44.98793,-92.96393
1699079483,GRAND ST PAUL CVS LLC,WOODBURY,MN,55125,44.91985,-92.94394
1225050909,GRAND ST PAUL CVS LLC,EAGAN,MN,55122,44.80469,-93.1977
1134141815,GRAND ST PAUL CVS LLC,APPLE VALLEY,MN,55124,44.74557,-93.20073
1609975911,GRAND ST PAUL CVS LLC,WOODBURY,MN,55129,44.89405,-92.90679
1124040803,GRAND ST PAUL CVS LLC,WOODBURY,MN,55125,44.91985,-92.94394
1013141001,GRAND ST PAUL CVS LLC,WOODBURY,MN,55125,44.91985,-92.94394
1922285956,GRAND ST PAUL CVS LLC,APPLE VALLEY,MN,55124,44.74557,-93.20073
1043310485,GRAND ST PAUL CVS LLC,EAGAN,MN,55122,44.80469,-93.1977
1215959994,GRAND ST PAUL CVS LLC,SHOREVIEW,MN,55126,45.08477,-93.13255
1699845776,GRAND ST PAUL CVS STORES LLC,APPLE VALLEY,MN,55124,44.74557,-93.20073
1467908699,HY-VEE INC,EAGAN,MN,55121,44.84706,-93.15429
1861135725,HY-VEE INC,EAGAN,MN,55121,44.84706,-93.15429
1689040453,HY-VEE INC,OAKDALE,MN,55128,44.98793,-92.96393
1033458922,MINNESOTA INDEPENDENT COOPERATIVE,EAGAN,MN,55121,44.84706,-93.15429
1366590622,RBF LLC,EAGAN,MN,55123,44.80465,-93.13754
1457409716,RBF LLC,APPLE VALLEY,MN,55124,44.74557,-93.20073
1639227994,RBF LLC,OAKDALE,MN,55128,44.98793,-92.96393
1164317483,REGIONS HOSPITAL,WOODBURY,MN,55125,44.91985,-92.94394
1437176823,SAMS WEST INC,APPLE VALLEY,MN,55124,44.74557,-93.20073
1346267739,SAMS WEST INC,EAGAN,MN,55121,44.84706,-93.15429
1710904115,SAMS WEST INC,WOODBURY,MN,55125,44.91985,-92.94394
1033203435,SNYDERS BROS INC,WOODBURY,MN,55125,44.91985,-92.94394
1518051911,SNYDERS DRUG,MENDOTA HEIGHTS,MN,55120,44.87251,-93.14907
1508950908,SNYDERS DRUG,APPLE VALLEY,MN,55124,44.74557,-93.20073
1598859993,SNYDERS DRUG STORE INC,SHOREVIEW,MN,55126,45.08477,-93.13255
1225548480,STERLINGRX INC,MENDOTA HEIGHTS,MN,55120,44.87251,-93.14907
1659938116,STERLINGRX INC,MENDOTA HEIGHTS,MN,55120,44.87251,-93.14907
1033224175,SUPERVALU PHARMACIES INC,APPLE VALLEY,MN,55124,44.74557,-93.20073
1760597801,SUPERVALU PHARMACIES INC,WHITE BEAR LAKE,MN,55127,45.08411,-93.08265
1275648313,SUPERVALU PHARMACIES INC,ARDEN HILLS,MN,55126,45.08477,-93.13255
1295146702,SUPERVALU PHARMACIES INC,EAGAN,MN,55123,44.80465,-93.13754
1841305984,SUPERVALU PHARMACIES INC,WOODBURY,MN,55125,44.91985,-92.94394
1598912560,SUPERVALU PHARMACIES INC,EAGAN,MN,55123,44.80465,-93.13754
1558772194,SUPERVALU PHARMACIES INC,OAKDALE,MN,55128,44.98793,-92.96393
1689789729,SUPERVALU PHARMACIES INC,EAGAN,MN,55122,44.80469,-93.1977
1154337798,WALGREEN CO,EAGAN,MN,55123,44.80465,-93.13754
1699925701,WALGREEN CO,NORTH OAKS,MN,55127,45.08411,-93.08265
1023023348,WALGREEN CO,OAKDALE,MN,55128,44.98793,-92.96393
1376561308,WALGREEN CO,WOODBURY,MN,55125,44.91985,-92.94394
1063427490,WALGREEN CO,APPLE VALLEY,MN,55124,44.74557,-93.20073
1215942529,WALGREEN CO,EAGAN,MN,55123,44.80465,-93.13754
1235485939,WALGREEN CO,ARDEN HILLS,MN,55126,45.08477,-93.13255
1205842846,WALGREEN CO,WOODBURY,MN,55125,44.91985,-92.94394
1306140249,WALGREEN CO,MENDOTA HEIGHTS,MN,55120,44.87251,-93.14907
1942215264,WALGREEN CO,APPLE VALLEY,MN,55124,44.74557,-93.20073
1750396073,WALGREEN CO,WHITE BEAR LAKE,MN,55127,45.08411,-93.08265
1588679807,WALGREEN CO,EAGAN,MN,55122,44.80469,-93.1977
1619994084,WALMART INC.,EAGAN,MN,55123,44.80465,-93.13754
1104843606,WALMART INC.,VADNAIS HEIGHTS,MN,55127,45.08411,-93.08265
1356368740,WALMART INC.,APPLE VALLEY,MN,55124,44.74557,-93.20073
1528085925,WALMART INC.,WOODBURY,MN,55129,44.89405,-92.90679
1629374251,ALLIANCE PHARMACY CARE INC,SAINT PAUL,MN,55130,44.97298,-93.08268
1346635059,BRIGHTLY PHARMACY CARE INC,SAINT PAUL,MN,55130,44.97298,-93.08268
1043497456,GENOA HEALTHCARE LLC,SAINT PAUL,MN,55130,44.97298,-93.08268
1760340566,REGIONS HOSPITAL,SAINT PAUL,MN,55130,44.97298,-93.08268
1821253246,CARECENTER PHARMACY LLC,SAINT PAUL,MN,55144,,
1528883790,APOTHECO PHARMACY MINNETONKA LLC,MINNETONKA,MN,55305,44.95479,-93.43235
1851464531,ARENSONS ANNANDALE PHARMACY INC,ANNANDALE,MN,55302,45.24268,-94.11894
1831274778,BYERLYS INC,BURNSVILLE,MN,55306,44.73069,-93.292
1639241300,COBORNS INC,ALBERTVILLE,MN,55301,45.24784,-93.65869
1386717924,COBORNS INC,BIG LAKE,MN,55309,45.37999,-93.73908
1679670426,COBORNS INC,RAMSEY,MN,55303,45.28861,-93.42307
1063340149,COSTCO WHOLESALE CORPORATION,OTSEGO,MN,55301,45.24784,-93.65869
1487839189,FAIRVIEW PHARMACY SERVICES LLC,ANDOVER,MN,55304,45.25574,-93.2655
1619089612,GOODRICH PHARMACY INC,ANDOVER,MN,55304,45.25574,-93.2655
1346244274,GOODRICH PHARMACY INC,ANOKA,MN,55303,45.28861,-93.42307
1174635171,"GOODRICH PHARMACY, INC.",ELK RIVER,MN,55330,45.33432,-93.5679
1144242827,GRAND ST PAUL CVS LLC,MINNETONKA,MN,55305,44.95479,-93.43235
1427157726,GRAND ST PAUL CVS LLC,ANDOVER,MN,55304,45.25574,-93.2655
1033131727,GRAND ST PAUL CVS LLC,ANDOVER,MN,55304,45.25574,-93.2655
1780978841,MARKETPLACE PHARMACY LLC,ALBERTVILLE,MN,55301,45.24784,-93.65869
1467497669,MORREIM PHARMACY,ARLINGTON,MN,55307,44.60335,-94.10241
1801980156,SNYDERS DRUG,ANOKA,MN,55303,45.28861,-93.42307
1306394887,THRIFTY DRUG STORES INC,ANNANDALE,MN,55302,45.24268,-94.11894
1013922244,WALGREEN CO,ANDOVER,MN,55304,45.25574,-93.2655
1427204726,WALGREEN CO,ANOKA,MN,55303,45.28861,-93.42307
1841205168,WALGREEN CO,ANOKA,MN,55303,45.28861,-93.42307
1124033444,WALGREEN CO,BURNSVILLE,MN,55306,44.73069,-93.292
1588679716,WALGREEN CO,HOPKINS,MN,55305,44.95479,-93.43235
1194158618,WALMART INC.,ANDOVER,MN,55304,45.25574,-93.2655
1891807897,CHANHASSEN CENTER DRUG,CHASKA,MN,55318,44.81107,-93.63664
1154873263,"CHASKA CENTER DRUG, PC",CHASKA,MN,55318,44.81107,-93.63664
1902480650,COBORNS INC,BUFFALO,MN,55313,45.17379,-93.85143
1285481903,COSTCO WHOLESALE CORPORATION,CHASKA,MN,55318,44.81107,-93.63664
1861592206,GRAND ST PAUL CVS LLC,MAPLE GROVE,MN,55311,45.1049,-93.49482
1790708089,GRAND ST PAUL CVS LLC,CHASKA,MN,55318,44.81107,-93.63664
1306868096,GRAND ST PAUL CVS LLC,CHAMPLIN,MN,55316,45.17026,-93.39045
1881793180,GRAND ST PAUL CVS LLC,CHANHASSEN,MN,55317,44.85809,-93.55192
1588686265,GRAND ST PAUL CVS LLC,CHANHASSEN,MN,55317,44.85809,-93.55192
1679595359,GRAND ST PAUL CVS LLC,BUFFALO,MN,55313,45.17379,-93.85143
1447809025,HY-VEE INC,MAPLE GROVE,MN,55311,45.1049,-93.49482
1467500728,RBF LLC,CHASKA,MN,55318,44.81107,-93.63664
1376691634,RBF LLC,MAPLE GROVE,MN,55311,45.1049,-93.49482
1184641581,SAMS WEST INC,MAPLE GROVE,MN,55311,45.1049,-93.49482
1104978451,SNYDER DRUG STORES INC,CHASKA,MN,55318,44.81107,-93.63664
1871687277,SNYDERS DRUG STORES INC,CHAMPLIN,MN,55316,45.17026,-93.39045
1487769527,SUPERVALU PHARMACIES INC,BUFFALO,MN,55313,45.17379,-93.85143
1326459967,SUPERVALU PHARMACIES INC,CHASKA,MN,55318,44.81107,-93.63664
1710092853,SUPERVALU PHARMACIES INC,CHAMPLIN,MN,55316,45.17026,-93.39045
1629183769,SUPERVALU PHARMACIES INC,CHANHASSEN,MN,55317,44.85809,-93.55192
1932114154,WALGREEN CO,CHASKA,MN,55318,44.81107,-93.63664
1780721886,WALGREEN CO,MAPLE GROVE,MN,55311,45.1049,-93.49482
1124033436,WALGREEN CO,MAPLE GROVE,MN,55311,45.1049,-93.49482
1588947709,WALGREEN CO,BUFFALO,MN,55313,45.17379,-93.85143
1659386886,WALGREEN CO,CHANHASSEN,MN,55317,44.85809,-93.55192
1396750519,WALGREEN CO,CHAMPLIN,MN,55316,45.17026,-93.39045
1891712287,WALMART INC.,MAPLE GROVE,MN,55311,45.1049,-93.49482
1801813282,WALMART INC.,BUFFALO,MN,55313,45.17379,-93.85143
1902978679,COBORNS INC,DELANO,MN,55328,45.03575,-93.81318
1003989641,COBORNS INC,CLEARWATER,MN,55320,45.39591,-94.08707
1982168142,COKATO DRUG LLC,COKATO,MN,55321,45.08414,-94.19274
1639349954,GRAND ST PAUL CVS LLC,DELANO,MN,55328,45.03575,-93.81318
1306778642,KEAVENY PHARMACY INC,COKATO,MN,55321,45.08414,-94.19274
1861546509,KEAVENY PHARMACY INC,COKATO,MN,55321,45.08414,-94.19274
1780729848,PETERSON PHARMACY INCORPORATED,DASSEL,MN,55325,45.0837,-94.31909
1992181366,"SHOPKO STORES OPERATING CO., LLC",COKATO,MN,55321,45.08414,-94.19274
1851485254,SNYDERS DRUG,DELANO,MN,55328,45.03575,-93.81318
1578187456,COBORNS INC,OTSEGO,MN,55330,45.33432,-93.5679
1851464499,COBORNS INC,ELK RIVER,MN,55330,45.33432,-93.5679
1881632123,COBORNS INC,GLENCOE,MN,55336,44.77083,-94.18114
1598075483,COSTCO WHOLESALE CORPORATION,BURNSVILLE,MN,55337,44.77668,-93.27503
1013915040,ELK RIVER PHARMACY,ELK RIVER,MN,55330,45.33432,-93.5679
1598849242,FAIRVIEW HEALTH SERVCIES,BURNSVILLE,MN,55337,44.77668,-93.27503
1164454146,FAIRVIEW PHARMACY SERVICES LLC,ELK RIVER,MN,55330,45.33432,-93.5679
1851792469,FAIRVIEW PHARMACY SERVICES LLC,BURNSVILLE,MN,55337,44.77668,-93.27503
1659446912,FIRST CHOICE PHARMACY INC,GAYLORD,MN,55334,44.54169,-94.20761
1003724642,"FIRST CHOICE PHARMACY OF GAYLORD MN, PLLC",GAYLORD,MN,55334,44.54169,-94.20761
1639644594,GENOA HEALTHCARE LLC,OTSEGO,MN,55330,45.33432,-93.5679
1023030707,GRAND ST PAUL CVS LLC,OTSEGO,MN,55330,45.33432,-93.5679
1639191307,GRAND ST PAUL CVS LLC,BURNSVILLE,MN,55337,44.77668,-93.27503
1841549557,"GRAND ST. PAUL CVS, LLC.",BURNSVILLE,MN,55337,44.77668,-93.27503
1073567558,SHOPKO STORES OPERATING CO LLC,GLENCOE,MN,55336,44.77083,-94.18114
1548375686,SUPERVALU PHARMACIES INC,EXCELSIOR,MN,55331,44.89951,-93.60394
1316052459,SUPERVALU PHARMACIES INC,BURNSVILLE,MN,55337,44.77668,-93.27503
1932214079,SUPERVALU PHARMACIES INC,ELK RIVER,MN,55330,45.33432,-93.5679
1225286123,TARGET CORPORATION AND SUBSIDIARIES,OTSEGO,MN,55330,45.33432,-93.5679
1316174360,WALGREEN CO,EXCELSIOR,MN,55331,44.89951,-93.60394
1083620629,WALGREEN CO,BURNSVILLE,MN,55337,44.77668,-93.27503
1215942446,WALGREEN CO,BURNSVILLE,MN,55337,44.77668,-93.27503
1477637742,WALGREEN CO,ELK RIVER,MN,55330,45.33432,-93.5679
1083631477,WALMART INC.,ELK RIVER,MN,55330,45.33432,-93.5679
1053669085,WALMART INC.,BURNSVILLE,MN,55337,44.77668,-93.27503
1659374536,"BIOSCRIP PHARMACY, INC.",MILWAUKEE,WI,53203,43.03857,-87.91617
1659374403,"BIOSCRIP PHARMACY, INC.",MINNEAPOLIS,MN,55405,44.97026,-93.30476
1548342330,BROOKPARK MARKETS LLC,MINNETONKA,MN,55345,44.91527,-93.48375
1356383921,CHILDRENS WEST PHARMACY,MINNETONKA,MN,55343,44.91441,-93.41625
1477663094,COSTCO WHOLESALE CORPORATION,EDEN PRAIRIE,MN,55344,44.86428,-93.43082
1902269723,GENOA HEALTHCARE LLC,EDEN PRAIRIE,MN,55344,44.86428,-93.43082
1366690463,GRAND ST PAUL CVS LLC,EDEN PRAIRIE,MN,55344,44.86428,-93.43082
1881794196,GRAND ST PAUL CVS LLC,MEDINA,MN,55340,45.0762,-93.57576
1225050917,GRAND ST PAUL CVS LLC,MINNETONKA,MN,55345,44.91527,-93.48375
1871515551,GRAND ST PAUL CVS LLC,EDEN PRAIRIE,MN,55344,44.86428,-93.43082
1275111775,"GUARDIAN PHARMACY OF MINNEAPOLIS, LLC",EDEN PRAIRIE,MN,55344,44.86428,-93.43082
1730250275,HOPKINS CENTER DRUG INC,HOPKINS,MN,55343,44.91441,-93.41625
1851501886,"OPTUM INFUSION SERVICES 550, LLC",URBANDALE,IA,50322,41.63362,-93.73618
1134378235,RBF LLC,EDEN PRAIRIE,MN,55344,44.86428,-93.43082
1184798605,"REDPHARM DRUG, INC.",EDEN PRAIRIE,MN,55344,44.86428,-93.43082
1518001916,"RINGOLD DRUG STORES, INC.",HOWARD LAKE,MN,55349,45.05955,-94.07407
1407940802,SNYDERS DRUG,EDEN PRAIRIE,MN,55346,44.87844,-93.48322
1316031719,SNYDERS DRUG,BLOOMINGTON,MN,55437,44.82463,-93.34525
1770677171,SNYDERS DRUG,WACONIA,MN,55387,44.85669,-93.77569
1679667075,SNYDERS DRUG,WAYZATA,MN,55391,44.95945,-93.54199
1790879195,SNYDERS DRUG,MINNEAPOLIS,MN,55414,44.97936,-93.22646
1396839791,SNYDERS DRUG,NORWOOD,MN,55368,44.74172,-93.89419
1689768087,SNYDERS DRUG,EDEN PRAIRIE,MN,55344,44.86428,-93.43082
1760576169,SNYDERS DRUG,SHAKOPEE,MN,55379,44.75421,-93.51618
1780778183,SNYDERS DRUG,ST LOUIS PARK,MN,55426,44.95532,-93.38088
1134213531,SNYDERS DRUG,COLD SPRING,MN,56320,45.4648,-94.41873
1255425658,SNYDERS DRUG,ROCHESTER,MN,55904,43.95996,-92.40063
1952495350,SNYDERS DRUG,PRIOR LAKE,MN,55372,44.67752,-93.41126
1215021613,SNYDERS DRUG,MINNETONKA,MN,55345,44.91527,-93.48375
1417041815,SNYDERS DRUG,MANKATO,MN,56001,44.13203,-93.97704
1154415552,SNYDERS DRUG,MONTICELLO,MN,55362,45.30049,-93.8316
1073607479,SNYDERS DRUG,HOPKINS,MN,55343,44.91441,-93.41625
1063506467,SNYDERS DRUG,PARK RAPIDS,MN,56470,47.02292,-95.09814
1043304447,SNYDERS DRUG,BROOKLYN PARK,MN,55443,45.11958,-93.33713
1437243839,SNYDERS DRUG,COLUMBIA HEIGHTS,MN,55421,45.0509,-93.25313
1962596361,SNYDERS DRUG,MINNEAPOLIS,MN,55417,44.90409,-93.23078
1992899249,SNYDERS DRUG,BROOKLYN PARK,MN,55443,45.11958,-93.33713
1053405456,SNYDERS DRUG,PLYMOUTH,MN,55441,45.00459,-93.42831
1720172075,SNYDERS DRUG,PLYMOUTH,MN,55447,45.0011,-93.4892
1306930706,SNYDERS DRUG,ZUMBROTA,MN,55992,44.30605,-92.68211
1427142827,SNYDERS DRUG,MINNEAPOLIS,MN,55419,44.90593,-93.28735
1235223637,SNYDERS DRUG,BLAINE,MN,55434,45.16809,-93.2505
1700970100,SNYDERS DRUG,NEW HOPE,MN,55427,45.00628,-93.38022
1700970050,SNYDERS DRUG,BLOOMINGTON,MN,55431,44.82605,-93.31243
1972697373,SNYDERS DRUG,PLAINVIEW,MN,55964,44.16445,-92.15669
1346334745,SNYDERS DRUG,FRIDLEY,MN,55432,45.09695,-93.25467
1144314543,SNYDERS DRUG,ST ANTHONY,MN,55418,45.02122,-93.24284
1326132721,SNYDERS DRUG,ALBERT LEA,MN,56007,43.66036,-93.32527
1861586265,SNYDERS DRUG,RICHFIELD,MN,55423,44.87624,-93.28215
1124112529,SNYDERS DRUG,LONG LAKE,MN,55356,44.99301,-93.58801
1639263981,SNYDERS DRUG,MENAHGA,MN,56464,46.7633,-95.10477
1942394341,SNYDERS DRUG,MAPLE GROVE,MN,55369,45.12644,-93.44629
1588758981,SNYDERS DRUG STORES INC,MINNEAPOLIS,MN,55404,44.96197,-93.26085
1336233733,SNYDERS DRUG STORES INC,STEWARTVILLE,MN,55976,43.86431,-92.4874
1225122625,SNYDERS DRUG STORES INC,BLOOMINGTON,MN,55431,44.82605,-93.31243
1659457141,SUPERVALU INC,EDEN PRAIRIE,MN,55344,44.86428,-93.43082
1396851606,SUPERVALU PHARMACIES INC,MANKATO,MN,56001,44.13203,-93.97704
1841685591,SUPERVALU PHARMACIES INC,ALEXANDRIA,MN,56308,45.87903,-95.38672
1942315080,SUPERVALU PHARMACIES INC,MINNETONKA,MN,55345,44.91527,-93.48375
1043326457,SUPERVALU PHARMACIES INC,BLAINE,MN,55434,45.16809,-93.2505
1902911043,SUPERVALU PHARMACIES INC,COON RAPIDS,MN,55433,45.16134,-93.31642
1750496899,SUPERVALU PHARMACIES INC,EDINA,MN,55435,44.87352,-93.33471
1891106423,SUPERVALU PHARMACIES INC,MINNEAPOLIS,MN,55413,44.99895,-93.24185
1306951447,SUPERVALU PHARMACIES INC,COON RAPIDS,MN,55448,45.19075,-93.30214
1396850434,SUPERVALU PHARMACIES INC,CRYSTAL,MN,55422,45.00908,-93.33952
1578678611,SUPERVALU PHARMACIES INC,SHAKOPEE,MN,55379,44.75421,-93.51618
1831293067,SUPERVALU PHARMACIES INC,BROOKLYN PARK,MN,55445,45.12327,-93.37971
1679630065,SUPERVALU PHARMACIES INC,ROGERS,MN,55374,45.17646,-93.57956
1760893374,SUPERVALU PHARMACIES INC,ST LOUIS PARK,MN,55416,44.94927,-93.33884
1215042353,SUPERVALU PHARMACIES INC,PLYMOUTH,MN,55447,45.0011,-93.4892
1497860530,SUPERVALU PHARMACIES INC,MINNEAPOLIS,MN,55406,44.93957,-93.22115
1568577609,SUPERVALU PHARMACIES INC,PLYMOUTH,MN,55442,45.04855,-93.42689
1992946446,SUPERVALU PHARMACIES INC,BLOOMINGTON,MN,55431,44.82605,-93.31243
1801901947,SUPERVALU PHARMACIES INC,MINNEAPOLIS,MN,55411,44.99927,-93.29835
1104931245,SUPERVALU PHARMACIES INC,MONTICELLO,MN,55362,45.30049,-93.8316
1598176117,SUPERVALU PHARMACIES INC,MINNEAPOLIS,MN,55408,44.94005,-93.29197
1316358955,SUPERVALU PHARMACIES INC,PLYMOUTH,MN,55441,45.00459,-93.42831
1669587705,SUPERVALU PHARMACIES INC,MINNEAPOLIS,MN,55421,45.0509,-93.25313
1740395888,SUPERVALU PHARMACIES INC,ST LOUIS PARK,MN,55426,44.95532,-93.38088
1457466591,SUPERVALU PHARMACIES INC,SAVAGE,MN,55378,44.75741,-93.36308
1851406995,SUPERVALU PHARMACIES INC,EDEN PRAIRIE,MN,55344,44.86428,-93.43082
1285749325,SUPERVALU PHARMACIES INC,BRAINERD,MN,56401,46.32011,-94.11503
1386759421,SUPERVALU PHARMACIES INC,BROOKLYN CENTER,MN,55429,45.06454,-93.34137
1588779623,SUPERVALU PHARMACIES INC,DULUTH,MN,55811,46.84223,-92.22244
1922113067,SUPERVALU PHARMACIES INC,WILLMAR,MN,56201,45.10152,-95.0419
1831204973,SUPERVALU PHARMACIES INC,FRIDLEY,MN,55432,45.09695,-93.25467
1477668515,SUPERVALU PHARMACIES INC,BLOOMINGTON,MN,55420,44.83593,-93.27774
1659486793,SUPERVALU PHARMACIES INC,BAXTER,MN,56425,46.34286,-94.28219
1205941341,SUPERVALU PHARMACIES INC,MINNEAPOLIS,MN,55419,44.90593,-93.28735
1003921149,SUPERVALU PHARMACIES INC,ROCHESTER,MN,55904,43.95996,-92.40063
1679688717,SUPERVALU PHARMACIES INC,MAPLE GROVE,MN,55369,45.12644,-93.44629
1194830232,SUPERVALU PHARMACIES INC,MANKATO,MN,56001,44.13203,-93.97704
1649385782,SUPERVALU PHARMACIES INC,BLAINE,MN,55449,45.17278,-93.19461
1225143365,SUPERVALU PHARMACIES INC,BLAINE,MN,55434,45.16809,-93.2505
1235681958,SUPERVALU PHARMACIES INC,BLAINE,MN,55434,45.16809,-93.2505
1548594385,WALGREEN CO,EDEN PRAIRIE,MN,55344,44.86428,-93.43082
1396750618,WALGREEN CO,EDEN PRAIRIE,MN,55344,44.86428,-93.43082
1770598088,WALGREEN CO,MINNETONKA,MN,55345,44.91527,-93.48375
1851306088,WALGREEN CO,EDEN PRAIRIE,MN,55347,44.82932,-93.46632
1780699090,WALGREEN CO,HOPKINS,MN,55343,44.91441,-93.41625
1184641565,WALMART INC.,EDEN PRAIRIE,MN,55344,44.86428,-93.43082
1477625143,COBORNS INC,HUTCHINSON,MN,55350,44.89535,-94.3939
1134277403,ERICKSONS DIVERSIFIED LLC,LITCHFIELD,MN,55355,45.09862,-94.53992
1063320703,"FIRST CHOICE PHARMACY OF JORDAN MN, PLLC",JORDAN,MN,55352,44.65501,-93.58766
1245573286,FIRST CHOICE PHARMACY OF JORDAN PC,JORDAN,MN,55352,44.65501,-93.58766
1235151929,GRAND ST PAUL CVS LLC,HUTCHINSON,MN,55350,44.89535,-94.3939
1356453351,MEDICINE SHOPPE,LITCHFIELD,MN,55355,45.09862,-94.53992
1255446282,NYC AND EZY CORP,MAPLE PLAIN,MN,55359,45.00502,-93.70126
1487608600,PAMIDA STORES OPERATING CO LLC,LITCHFIELD,MN,55355,45.09862,-94.53992
1427001288,SHOPKO STORES OPERATING CO LLC,HUTCHINSON,MN,55350,44.89535,-94.3939
1790243046,THRIFTY DRUG STORES INC,HUTCHINSON,MN,55350,44.89535,-94.3939
1871924662,WALGREEN CO,HUTCHINSON,MN,55350,44.89535,-94.3939
1043419039,WALMART INC.,LITCHFIELD,MN,55355,45.09862,-94.53992
1093732588,WALMART INC.,HUTCHINSON,MN,55350,44.89535,-94.3939
1679667927,COSTCO WHOLESALE CORPORATION,MAPLE GROVE,MN,55369,45.12644,-93.44629
1124228176,FAIRVIEW PHARMACY SERVICES LLC,MAPLE GROVE,MN,55369,45.12644,-93.44629
1326060013,GRAND ST PAUL CVS LLC,MAPLE GROVE,MN,55369,45.12644,-93.44629
1700936044,GRAND ST PAUL CVS LLC,MONTICELLO,MN,55362,45.30049,-93.8316
1831383504,"HASS ENTERPRISES, INC.",MAPLE GROVE,MN,55369,45.12644,-93.44629
1841375771,LUND FOOD HOLDINGS INC,MAPLE GROVE,MN,55369,45.12644,-93.44629
1770028748,MAPLE GROVE HOSPITAL CORPORATION,MAPLE GROVE,MN,55369,45.12644,-93.44629
1548560535,NORTH MEMORIAL PHARMACY MAPLE GROVE,MAPLE GROVE,MN,55369,45.12644,-93.44629
1679938567,NYA PHARMACY LLC,NORWOOD,MN,55368,44.74172,-93.89419
1932839370,PARTNERS IN CARE PHARMACY INC,FARGO,ND,58102,46.9209,-96.83183
1588753198,TAYLOR DRUG CO INC,MANDAN,ND,58554,46.73801,-100.94022
1821224668,THRIFTY DRUG STORES INC,WESTBROOK,MN,56183,44.0294,-95.42781
1417047358,THRIFTY DRUG STORES INC,WALKER,MN,56484,47.0991,-94.4677
1053401992,THRIFTY DRUG STORES INC,FERTILE,MN,56540,47.55101,-96.27991
1043309651,THRIFTY DRUG STORES INC,ADA,MN,56510,47.36034,-96.5254
1861685851,THRIFTY DRUG STORES INC,TYLER,MN,56178,44.28485,-96.1312
1720253479,THRIFTY DRUG STORES INC,BEMIDJI,MN,56601,47.51242,-94.85697
1881854610,THRIFTY DRUG STORES INC,MONTEVIDEO,MN,56265,45.00486,-95.69626
1477053577,THRIFTY DRUG STORES INC,BAUDETTE,MN,56623,48.60057,-94.56999
1972692572,THRIFTY DRUG STORES INC,FERGUS FALLS,MN,56537,46.27602,-96.0904
1134218738,THRIFTY DRUG STORES INC,BRAINERD,MN,56401,46.32011,-94.11503
1124317490,THRIFTY DRUG STORES INC,FARGO,ND,58102,46.9209,-96.83183
1417047341,THRIFTY DRUG STORES INC,FERGUS FALLS,MN,56537,46.27602,-96.0904
1922302447,THRIFTY DRUG STORES INC,PIERZ,MN,56364,46.01121,-94.0656
1710678545,THRIFTY DRUG STORES INC,WADENA,MN,56482,46.46532,-95.14279
1235228834,THRIFTY DRUG STORES INC,GRAND RAPIDS,MN,55744,47.23487,-93.51155
1598855439,THRIFTY DRUG STORES INC,MOOSE LAKE,MN,55767,46.45069,-92.75917
1407946346,THRIFTY DRUG STORES INC,KARLSTAD,MN,56732,48.57627,-96.48706
1598854192,THRIFTY DRUG STORES INC,WASECA,MN,56093,44.06461,-93.51471
1407945009,THRIFTY DRUG STORES INC,CROOKSTON,MN,56716,47.7454,-96.55255
1316036916,THRIFTY DRUG STORES INC,THIEF RIVER FALLS,MN,56701,48.12209,-96.19247
1750444857,THRIFTY DRUG STORES INC,MILACA,MN,56353,45.79738,-93.62818
1952490567,THRIFTY DRUG STORES INC,GRANITE FALLS,MN,56241,44.79694,-95.57915
1962592899,THRIFTY DRUG STORES INC,HIBBING,MN,55746,47.36127,-92.95286
1871683714,THRIFTY DRUG STORES INC,MAHNOMEN,MN,56557,47.31672,-95.80367
1225127830,THRIFTY DRUG STORES INC,MADISON,MN,56256,45.02506,-96.19793
1376783225,THRIFTY DRUG STORES INC,SLAYTON,MN,56172,44.00895,-95.7708
1699006999,THRIFTY DRUG STORES INC,COLD SPRING,MN,56320,45.4648,-94.41873
1073895041,THRIFTY DRUG STORES INC,WARROAD,MN,56763,48.80886,-95.35636
1053401984,THRIFTY DRUG STORES INC,RED LAKE FALLS,MN,56750,47.89265,-96.29926
1508956442,THRIFTY DRUG STORES INC,BAGLEY,MN,56621,47.41863,-95.4075
1134218746,THRIFTY DRUG STORES INC,SPRINGFIELD,MN,56087,44.24009,-94.97457
1457652497,THRIFTY DRUG STORES INC,WADENA,MN,56482,46.46532,-95.14279
1316036924,THRIFTY DRUG STORES INC,MORRIS,MN,56267,45.58453,-95.93008
1790191021,THRIFTY DRUG STORES INC.,WELLS,MN,56097,43.72404,-93.71629
1801320197,"THRIFTY DRUG STORES, INC.",GRAND RAPIDS,MN,55744,47.23487,-93.51155
1730696923,"THRIFTY DRUG STORES, INC.",OLIVIA,MN,56277,44.76534,-94.99499
1982954129,"THRIFTY DRUG STORES, INC.",BRECKENRIDGE,MN,56520,46.28543,-96.50478
1568035921,"THRIFTY DRUG STORES, INC.",BENSON,MN,56215,45.31146,-95.57235
1982107355,"THRIFTY DRUG STORES, INC.",HOYT LAKES,MN,55750,47.52203,-91.96576
1023312717,WALGREEN CO,MOUND,MN,55364,44.93742,-93.67275
1598096117,WALGREEN CO,MONTICELLO,MN,55362,45.30049,-93.8316
1629318456,WALGREEN CO,MOUND,MN,55364,44.93742,-93.67275
1619994019,WALMART INC.,MONTICELLO,MN,55362,45.30049,-93.8316
1053475020,WHITE DRUG CO OF JAMESTOWN INC,ASHLEY,ND,58413,46.0347,-99.30717
1184932063,WHITE DRUG CO OF JAMESTOWN INC,LISBON,ND,58054,46.42531,-97.66952
1689763294,WHITE DRUG CO OF JAMESTOWN INC,GRAND FORKS,ND,58201,47.87121,-97.14106
1750786968,WHITE DRUG CO OF JAMESTOWN INC,BISMARCK,ND,58501,46.81868,-100.70201
1396835237,WHITE DRUG CO OF JAMESTOWN INC,HETTINGER,ND,58639,46.09177,-102.61406
1760572606,WHITE DRUG CO OF JAMESTOWN INC,BISMARCK,ND,58504,46.72307,-100.6779
1497844005,WHITE DRUG CO OF JAMESTOWN INC,JAMESTOWN,ND,58401,46.8825,-98.76392
1679663512,WHITE DRUG CO OF JAMESTOWN INC,MINOT,ND,58703,48.33057,-101.31556
1588754428,WHITE DRUG CO OF JAMESTOWN INC,JAMESTOWN,ND,58401,46.8825,-98.76392
1730369711,WHITE DRUG CO OF JAMESTOWN INC,FARGO,ND,58104,46.79325,-96.83971
1639525900,WHITE DRUG CO OF JAMESTOWN INC,BISMARCK,ND,58504,46.72307,-100.6779
1548572076,WHITE DRUG CO OF JAMESTOWN INC,LINTON,ND,58552,46.23896,-100.30105
1396834909,WHITE DRUG CO OF JAMESTOWN INC,DEVILS LAKE,ND,58301,48.13148,-98.87381
1124117734,WHITE DRUG CO OF JAMESTOWN INC,DICKINSON,ND,58601,46.91588,-102.83434
1205926144,WHITE DRUG CO OF JAMESTOWN INC,MADDOCK,ND,58348,47.96681,-99.52234
1316346745,WHITE DRUG CO OF JAMESTOWN INC,GRAND FORKS,ND,58201,47.87121,-97.14106
1205925815,WHITE DRUG CO OF JAMESTOWN INC,RUGBY,ND,58368,48.25641,-100.04448
1568552404,WHITE DRUG CO OF JAMESTOWN INC,ROLETTE,ND,58366,48.6587,-99.8712
1033208640,WHITE DRUG CO OF JAMESTOWN INC,WEST FARGO,ND,58078,46.86303,-96.93126
1730242728,WHITE DRUG CO OF JAMESTOWN INC,CAVALIER,ND,58220,48.79354,-97.71425
1932298544,WHITE DRUG CO OF JAMESTOWN INC,GRAFTON,ND,58237,48.41406,-97.40542
1881162972,WHITE DRUG CO OF JAMESTOWN INC,BISMARCK,ND,58503,46.90432,-100.75055
1215026828,WHITE DRUG CO OF JAMESTOWN INC,FARGO,ND,58103,46.85617,-96.82207
1306935911,WHITE DRUG CO OF JAMESTOWN INC,MINOT,ND,58701,48.14259,-101.32131
1477643310,WHITE DRUG CO OF JAMESTOWN INC,MOHALL,ND,58761,48.78319,-101.53294
1760808299,WHITE DRUG CO OF JAMESTOWN INC,DICKINSON,ND,58601,46.91588,-102.83434
1023107638,WHITE DRUG CO OF JAMESTOWN INC,VALLEY CITY,ND,58072,46.92569,-98.00688
1477997005,WHITE DRUG CO OF JAMESTOWN INC,WAHPETON,ND,58075,46.27439,-96.72615
1326137928,WHITE DRUG ENTERPRISES INC,DETROIT LAKES,MN,56501,46.84061,-95.80915
1871682476,WHITE DRUG ENTERPRISES INC,PERHAM,MN,56573,46.61556,-95.55123
1871934679,WHITE DRUG ENTERPRISES INC,DECORAH,IA,52101,43.35368,-91.76474
1053400655,WHITE DRUG ENTERPRISES INC,CLOQUET,MN,55720,46.7546,-92.54077
1790874394,WHITE DRUG ENTERPRISES INC,WEBSTER CITY,IA,50595,42.46184,-93.82268
1982793584,WHITE DRUG ENTERPRISES INC,SPENCER,IA,51301,43.15289,-95.14724
1518056118,WHITE DRUG ENTERPRISES INC,CLEAR LAKE,IA,50428,43.13775,-93.38988
1235229162,WHITE DRUG ENTERPRISES INC,VIRGINIA,MN,55792,47.60053,-92.48723
1609965201,WHITE DRUG ENTERPRISES INC,DENISON,IA,51442,42.03038,-95.35836
1508955105,WHITE DRUG ENTERPRISES INC,ALEXANDRIA,MN,56308,45.87903,-95.38672
1326138256,WHITE DRUG ENTERPRISES INC,WILLMAR,MN,56201,45.10152,-95.0419
1275875262,WHITE DRUG ENTERPRISES INC,CLARION,IA,50525,42.73648,-93.74724
1699195628,"WHITE DRUG ENTERPRISES, INC.",POCAHONTAS,IA,50574,42.71668,-94.69859
1801228556,"WHITE DRUG ENTERPRISES, INC.",PAULLINA,IA,51046,42.96436,-95.67832
1487507109,"WHITE DRUG ENTERPRISES, INC.",LA CROSSE,WI,54601,43.80439,-91.1425
1780094698,ALLINA HEALTH SYSTEM,SHAKOPEE,MN,55379,44.75421,-93.51618
1588447528,ALLINA HEALTH SYSTEM,SHAKOPEE,MN,55379,44.75421,-93.51618
1467524132,COBORNS INC,PRINCETON,MN,55371,45.5801,-93.59086
1639477854,FAIRVIEW PHARMACY SERVICES LLC,PRIOR LAKE,MN,55372,44.67752,-93.41126
1881626869,FAIRVIEW PHARMACY SERVICES LLC,PRINCETON,MN,55371,45.5801,-93.59086
1598787285,GRAND ST PAUL CVS LLC,SHAKOPEE,MN,55379,44.75421,-93.51618
1124040811,GRAND ST PAUL CVS LLC,SAVAGE,MN,55378,44.75741,-93.36308
1952323644,GRAND ST PAUL CVS LLC,ROGERS,MN,55374,45.17646,-93.57956
1558566166,GRAND ST PAUL CVS LLC,ROGERS,MN,55374,45.17646,-93.57956
1710005830,GRAND ST PAUL CVS LLC,SHAKOPEE,MN,55379,44.75421,-93.51618
1003118696,"GRAND ST. PAUL CVS, L.L.C.",ST. MICHAEL,MN,55376,45.21057,-93.68726
1750472197,HOBERT DRUGS INC,MILACA,MN,56353,45.79738,-93.62818
1366533796,HOBERT DRUGS INC,PRINCETON,MN,55371,45.5801,-93.59086
1326558552,HY-VEE INC,SHAKOPEE,MN,55379,44.75421,-93.51618
1174069942,HY-VEE INC,SAVAGE,MN,55378,44.75741,-93.36308
1003869272,PAMIDA STORES OPERATING CO LLC,PRINCETON,MN,55371,45.5801,-93.59086
1205984861,RBF LLC,SAVAGE,MN,55378,44.75741,-93.36308
1629095021,SAMS WEST INC,SHAKOPEE,MN,55379,44.75421,-93.51618
1376842286,SHOPKO STORES OPERATING CO LLC,PRINCETON,MN,55371,45.5801,-93.59086
1477024792,TWIN CITIES PHARMACY LLC,MINNEAPOLIS,MN,55408,44.94005,-93.29197
1992202048,TWIN CITIES PHARMARCY LLC,MINNEAPOLIS,MN,55408,44.94005,-93.29197
1932114162,WALGREEN CO,ROGERS,MN,55374,45.17646,-93.57956
1942215173,WALGREEN CO,SHAKOPEE,MN,55379,44.75421,-93.51618
1902195357,WALGREEN CO,SAINT MICHAEL,MN,55376,45.21057,-93.68726
1205099561,WALGREEN CO,SAVAGE,MN,55378,44.75741,-93.36308
1205841426,WALGREEN CO,SAVAGE,MN,55378,44.75741,-93.36308
1043554504,WALMART INC.,PRINCETON,MN,55371,45.5801,-93.59086
1538186937,WALMART INC.,SHAKOPEE,MN,55379,44.75421,-93.51618
1629226626,GRAND ST PAUL CVS LLC,WACONIA,MN,55387,44.85669,-93.77569
1669837530,LEGACY APOTHECARY,WACONIA,MN,55387,44.85669,-93.77569
1720013279,LMN SERVICES,WATERTOWN,MN,55388,44.94945,-93.84551
1801924303,"MACKENTHUN BECK PHARMACY, INC",WACONIA,MN,55387,44.85669,-93.77569
1164770756,SP SERVICES,SPRING PARK,MN,55384,44.9368,-93.63183
1194990143,WALGREEN CO,WACONIA,MN,55387,44.85669,-93.77569
1043439359,DEEPHAVEN PHCY INC,WAYZATA,MN,55391,44.95945,-93.54199
1114071800,KEAVENY DRUG INC,WINSTED,MN,55395,44.9534,-94.06546
1700895760,MINNESOTA DRUG ACQUISITION CO LLC,WINTHROP,MN,55396,44.54548,-94.36698
1326356817,WALGREEN CO,WAYZATA,MN,55391,44.95945,-93.54199
1851174890,ALLINA HEALTH SYSTEM,MINNEAPOLIS,MN,55407,44.93503,-93.2529
1700840097,ALLINA HEALTH SYSTEM,MINNEAPOLIS,MN,55404,44.96197,-93.26085
1316901333,ALLINA HEALTH SYSTEM,MINNEAPOLIS,MN,55407,44.93503,-93.2529
1053194100,ALLINA HEALTH SYSTEM,MINNEAPOLIS,MN,55404,44.96197,-93.26085
1487923488,BANADIR PHARMACY LLC,MINNEAPOLIS,MN,55408,44.94005,-93.29197
1174782106,BSH GROUP,MINNEAPOLIS,MN,55404,44.96197,-93.26085
1093367526,CAPSULE MINNEAPOLIS LLC,MINNEAPOLIS,MN,55401,44.98479,-93.26946
1689980112,CAREPOINT PHARMACY,MINNEAPOLIS,MN,55406,44.93957,-93.22115
1629855465,CHILDREN'S HEALTH CARE,MINNEAPOLIS,MN,55404,44.96197,-93.26085
1538792353,CHILDREN'S HEALTH CARE,MINNEAPOLIS,MN,55404,44.96197,-93.26085
1063659183,CHILDREN'S HEALTH CARE,MINNEAPOLIS,MN,55404,44.96197,-93.26085
1780727958,CHILDRENS HEALTH CARE,MINNEAPOLIS,MN,55404,44.96197,-93.26085
1184585671,COSMO CARE LLC,MINNEAPOLIS,MN,55407,44.93503,-93.2529
1487480729,DARSAN PHARMACY,MINNEAPOLIS,MN,55404,44.96197,-93.26085
1902924012,FAIRVIEW PHARMACY SERVICES LLC,MINNEAPOLIS,MN,55407,44.93503,-93.2529
1265447890,FRANKLIN DRUGS INC,MINNEAPOLIS,MN,55406,44.93957,-93.22115
1467774463,GRAND ST PAUL CVS LLC,MINNEAPOLIS,MN,55408,44.94005,-93.29197
1811919582,GRAND ST PAUL CVS LLC,MINNEAPOLIS,MN,55406,44.93957,-93.22115
1326392762,GRAND ST PAUL CVS LLC,MINNEAPOLIS,MN,55403,44.96998,-93.2857
1134141823,GRAND ST PAUL CVS LLC,MINNEAPOLIS,MN,55403,44.96998,-93.2857
1598263493,HENNEPIN HEALTHCARE SYSTEM INC,MINNEAPOLIS,MN,55404,44.96197,-93.26085
1740711753,HENNEPIN HEALTHCARE SYSTEM INC,MINNEAPOLIS,MN,55401,44.98479,-93.26946
1265657746,HENNEPIN HEALTHCARE SYSTEM INC,MINNEAPOLIS,MN,55404,44.96197,-93.26085
1306336029,HENNEPIN HEALTHCARE SYSTEM INC,MINNEAPOLIS,MN,55408,44.94005,-93.29197
1346754298,JUBA PHARMACY INC,MINNEAPOLIS,MN,55404,44.96197,-93.26085
1760172969,LAKE CARMEL PHARMACY INC,MINNEAPOLIS,MN,55406,44.93957,-93.22115
1184312720,LAKE CARMEL PHARMACY INC,MINNEAPOLIS,MN,55408,44.94005,-93.29197
1447497953,LAKE CEDAR PHARMACY,MINNEAPOLIS,MN,55406,44.93957,-93.22115
1922112911,MATHIESON ENTERPRISES INC,MINNEAPOLIS,MN,55403,44.96998,-93.2857
1548400849,MOKA PHARMACY INC,MINNEAPOLIS,MN,55404,44.96197,-93.26085
1285383190,NICOLLET PHARMACY LLC,MINNEAPOLIS,MN,55408,44.94005,-93.29197
1093863359,RBF LLC,MINNEAPOLIS,MN,55408,44.94005,-93.29197
1902520075,ROBBINSDALE PHARMACY INC,ROBBINSDALE,MN,55422,45.00908,-93.33952
1639734346,SEWARD PHARMACY LLC,MINNEAPOLIS,MN,55407,44.93503,-93.2529
1194436212,SHIFA PHARMACY LLC,MINNEAPOLIS,MN,55407,44.93503,-93.2529
1356257083,"SOUTHSIDE COMMUNITY HEALTH SERVICES, INC.",MINNEAPOLIS,MN,55407,44.93503,-93.2529
1871733501,"STORCHAK PHARMACY, LLC",MPLS,MN,55403,44.96998,-93.2857
1386767036,TARGET CORPORATION,MINNEAPOLIS,MN,55403,44.96998,-93.2857
1568484269,TARGET CORPORATION,SUPERIOR,WI,54880,46.59058,-92.12741
1083637375,TARGET CORPORATION,AUSTIN,MN,55912,43.68155,-92.99022
1467474163,TARGET CORPORATION,MILWAUKEE,WI,53224,43.16331,-88.03964
1649292343,TARGET CORPORATION AND SUBSIDIARIES,MILWAUKEE,WI,53222,43.08244,-88.03549
1386324226,"THE ALIVENESS PROJECT, INC.",MINNEAPOLIS,MN,55409,44.9303,-93.28142
1003789611,TWIN CITIES PHARMACY,MINNEAPOLIS,MN,55406,44.93957,-93.22115
1649977430,UPTOWN PHARMACY INC,MINNEAPOLIS,MN,55408,44.94005,-93.29197
1851843478,VALUE PHARMACY LLC,MINNEAPOLIS,MN,55403,44.96998,-93.2857
1497938062,WALGREEN CO,MINNEAPOLIS,MN,55408,44.94005,-93.29197
1174539712,WALGREEN CO,MINNEAPOLIS,MN,55406,44.93957,-93.22115
1851306179,WALGREEN CO,MINNEAPOLIS,MN,55408,44.94005,-93.29197
1699780908,WALGREEN CO,MINNEAPOLIS,MN,55408,44.94005,-93.29197
1497760706,WALGREEN CO,MINNEAPOLIS,MN,55407,44.93503,-93.2529
1033124342,WALGREEN CO,MINNEAPOLIS,MN,55406,44.93957,-93.22115
1679588982,WALGREEN CO,MINNEAPOLIS,MN,55402,44.97605,-93.2716
1013280403,WALGREEN CO.,MINNEAPOLIS,MN,55405,44.97026,-93.30476
1750831723,WALGREENS,MINNEAPOLIS,MN,55405,44.97026,-93.30476
1427471895,CENTRAL CARE PHARMACY LLC,MINNEAPOLIS,MN,55418,45.02122,-93.24284
1659481273,COSTCO WHOLESALE CORPORATION,ST LOUIS PARK,MN,55416,44.94927,-93.33884
1861426710,FAIRVIEW PHARMACY SERVICES LLC,MINNEAPOLIS,MN,55414,44.97936,-93.22646
1629582374,GENOA HEALTHCARE LLC,ST LOUIS PARK,MN,55416,44.94927,-93.33884
1154420453,GRAND ST PAUL CVS LLC,MINNEAPOLIS,MN,55418,45.02122,-93.24284
1578821245,GRAND ST PAUL CVS LLC,MINNEAPOLIS,MN,55414,44.97936,-93.22646
1487065983,GRAND ST PAUL CVS LLC,MINNEAPOLIS,MN,55414,44.97936,-93.22646
1295757979,GRAND ST PAUL CVS LLC,MINNEAPOLIS,MN,55413,44.99895,-93.24185
1225336894,GRAND ST PAUL CVS LLC,ST LOUIS PARK,MN,55416,44.94927,-93.33884
1316969090,GRAND ST PAUL CVS LLC,ST LOUIS PARK,MN,55416,44.94927,-93.33884
1104360973,GROUP HEALTH INC,ST LOUIS PARK,MN,55416,44.94927,-93.33884
1497143390,HCMC COMMUNITY PHARMACY,MINNEAPOLIS,MN,55415,44.97478,-93.25765
1518914720,HENNEPIN COUNTY,MINNEAPOLIS,MN,55411,44.99927,-93.29835
1538614904,HENNEPIN HEALTHCARE SYSTEM INC,RICHFIELD,MN,55423,44.87624,-93.28215
1477045466,HENNEPIN HEALTHCARE SYSTEM INC,MINNEAPOLIS,MN,55415,44.97478,-93.25765
1710441381,HENNEPIN HEALTHCARE SYSTEM INC,BROOKLYN PARK,MN,55443,45.11958,-93.33713
1225520299,HENNEPIN HEALTHCARE SYSTEM INC,MINNEAPOLIS,MN,55415,44.97478,-93.25765
1316343551,"HENNEPIN HEALTHCARE SYSTEMS, INC",MINNEAPOLIS,MN,55418,45.02122,-93.24284
1992716401,MERWIN BROADWAY PHARMACY,MINNEAPOLIS,MN,55411,44.99927,-93.29835
1013729482,MINNESOTA MEDICATION REPOSITORY PROGRAM,MINNEAPOLIS,MN,55413,44.99895,-93.24185
1861839433,NORTHSIDE COMMUNITY PHARMACY,MINNEAPOLIS,MN,55411,44.99927,-93.29835
1609029297,"OXYBORA DISTRIBUTING, LLC",ST LOUIS PARK,MN,55416,44.94927,-93.33884
1073740635,RBF LLC,ST LOUIS PARK,MN,55416,44.94927,-93.33884
1558419812,RBF LLC,MINNEAPOLIS,MN,55413,44.99895,-93.24185
1689725665,SNYDER DRUG STORE INC,MINNEAPOLIS,MN,55412,45.02701,-93.29983
1366516882,STAGE ENTERPRISES LLC,MINNEAPOLIS,MN,55414,44.97936,-93.22646
1982924288,UNITED COMMUNITY PHARMACY CORPORATION,SAINT ANTHONY,MN,55418,45.02122,-93.24284
1770598096,WALGREEN CO,MINNEAPOLIS,MN,55419,44.90593,-93.28735
1851306161,WALGREEN CO,MINNEAPOLIS,MN,55418,45.02122,-93.24284
1114932423,WALGREEN CO,MINNEAPOLIS,MN,55416,44.94927,-93.33884
1215942537,WALGREEN CO,EDINA,MN,55410,44.91187,-93.31958
1952316267,WALGREEN CO,MINNEAPOLIS,MN,55411,44.99927,-93.29835
1912796798,AFDAHL PHARMACY PLLC,COLUMBIA HEIGHTS,MN,55421,45.0509,-93.25313
1497159867,AFYA PHARMACY LLC,ST CLOUD,MN,56303,45.57441,-94.21155
1689602674,BLOOMINGTON DRUG CO,BLOOMINGTON,MN,55420,44.83593,-93.27774
1093811689,CUSTOM RX COMPOUNDING PHARMACY,RICHFIELD,MN,55423,44.87624,-93.28215
1245262237,FAIRVIEW PHARMACY SERVICES LLC,BLOOMINGTON,MN,55420,44.83593,-93.27774
1861760738,GRAND ST PAUL CVS LLC,RICHFIELD,MN,55423,44.87624,-93.28215
1063512374,GRAND ST PAUL CVS LLC,ST LOUIS PARK,MN,55426,44.95532,-93.38088
1427242569,GRAND ST PAUL CVS LLC,RICHFIELD,MN,55423,44.87624,-93.28215
1558383224,GRAND ST PAUL CVS LLC,CRYSTAL,MN,55428,45.06322,-93.3812
1427157395,GRAND ST PAUL CVS LLC,ROBBINSDALE,MN,55422,45.00908,-93.33952
1386667673,GRAND ST PAUL CVS LLC,MINNEAPOLIS,MN,55428,45.06322,-93.3812
1972603280,GRAND ST PAUL CVS LLC,FRIDLEY,MN,55421,45.0509,-93.25313
1992081665,GRAND ST. PAUL CVS LLC,NEW HOPE,MN,55427,45.00628,-93.38022
1497042899,GRAND ST. PAUL CVS LLC,BLOOMINGTON,MN,55420,44.83593,-93.27774
1174534689,"HASS ENTERPRISES, INC.",ROBBINSDALE,MN,55422,45.00908,-93.33952
1134615800,HY-VEE INC,ROBBINSDALE,MN,55422,45.00908,-93.33952
1578939344,HY-VEE INC,NEW HOPE,MN,55427,45.00628,-93.38022
1952520264,LARSON PHCY INC,RICHFIELD,MN,55423,44.87624,-93.28215
1376588574,MEDSAVE INC,NEW HOPE,MN,55428,45.06322,-93.3812
1740116698,NORTH MEMORIAL HEALTH CARE,ROBBINSDALE,MN,55422,45.00908,-93.33952
1093905259,NORTH MEMORIAL HEALTH CARE,ROBBINSDALE,MN,55422,45.00908,-93.33952
1093738957,PARK NICOLLET METHODIST HOSPITAL,ST LOUIS PARK,MN,55426,44.95532,-93.38088
1255223731,PILLPACK LLC,GOLDEN VALLEY,MN,55422,45.00908,-93.33952
1902954266,RBF LLC,RICHFIELD,MN,55423,44.87624,-93.28215
1356368757,SAMS WEST INC,BLOOMINGTON,MN,55420,44.83593,-93.27774
1285989830,SUN PHARMACY INC,BROOKLYN CENTER,MN,55429,45.06454,-93.34137
1356618243,TARGET,BROOKLYN PARK,MN,55428,45.06322,-93.3812
1376829267,TARGET,BROOKLYN PARK,MN,55428,45.06322,-93.3812
1316214208,TARGET,BROOKLYN PARK,MN,55428,45.06322,-93.3812
1992072847,TARGET PHARMACY,BROOKLYN PARK,MN,55428,45.06322,-93.3812
1386920148,WALGREEN CO,GOLDEN VALLEY,MN,55427,45.00628,-93.38022
1265448807,WALGREEN CO,ROBBINSDALE,MN,55422,45.00908,-93.33952
1114933751,WALGREEN CO,SAINT ANTHONY,MN,55421,45.0509,-93.25313
1780690370,WALGREEN CO,BLOOMINGTON,MN,55420,44.83593,-93.27774
1407861719,WALGREEN CO,GOLDEN VALLEY,MN,55422,45.00908,-93.33952
1669487989,WALGREEN CO,BROOKLYN CENTER,MN,55429,45.06454,-93.34137
1306851621,WALGREEN CO,NEW HOPE,MN,55428,45.06322,-93.3812
1043225352,WALGREEN CO,BLOOMINGTON,MN,55420,44.83593,-93.27774
1508871815,WALGREEN CO,RICHFIELD,MN,55423,44.87624,-93.28215
1295979763,WALGREEN CO,ST LOUIS PARK,MN,55426,44.95532,-93.38088
1619983087,WALGREEN CO,CRYSTAL,MN,55428,45.06322,-93.3812
1689689994,WALGREEN CO,HILLTOP,MN,55421,45.0509,-93.25313
1730316647,WALMART INC.,BLOOMINGTON,MN,55420,44.83593,-93.27774
1063295095,ALLINA HEALTH SYSTEM,FRIDLEY,MN,55432,45.09695,-93.25467
1699739045,ALLINA HEALTH SYSTEM,COON RAPIDS,MN,55433,45.16134,-93.31642
1760446124,ALLINA HEALTH SYSTEM,FRIDLEY,MN,55432,45.09695,-93.25467
1043312473,ALLINA HEALTH SYSTEM,FRIDLEY,MN,55432,45.09695,-93.25467
1699558635,ALLINA HEALTH SYSTEM,COON RAPIDS,MN,55433,45.16134,-93.31642
1932236130,AMBOR CORPORATION,COON RAPIDS,MN,55433,45.16134,-93.31642
1548344294,FAIRVIEW HEALTH SERVCIES,EDINA,MN,55435,44.87352,-93.33471
1659782522,FAIRVIEW PHARMACY SERVICES LLC,FRIDLEY,MN,55432,45.09695,-93.25467
1528090503,FAIRVIEW PHARMACY SERVICES LLC,EDINA,MN,55435,44.87352,-93.33471
1699709543,FAIRVIEW PHARMACY SERVICES LLC,EDINA,MN,55435,44.87352,-93.33471
1245083369,GENOA HEALTHCARE LLC,EDINA,MN,55435,44.87352,-93.33471
1285621193,GERITOM MED INC,BLOOMINGTON,MN,55438,44.82494,-93.37819
1093737769,GRAND ST PAUL CVS LLC,EDINA,MN,55435,44.87352,-93.33471
1376565044,GRAND ST PAUL CVS LLC,BLOOMINGTON,MN,55431,44.82605,-93.31243
1033131719,GRAND ST PAUL CVS LLC,COON RAPIDS,MN,55433,45.16134,-93.31642
1679596969,GRAND ST PAUL CVS LLC,COON RAPIDS,MN,55433,45.16134,-93.31642
1356639124,GRAND ST. PAUL CVS LLC,EDINA,MN,55435,44.87352,-93.33471
1720662182,HY-VEE INC,SPRING LAKE PARK,MN,55432,45.09695,-93.25467
1073883666,PARK POINT INC,FRIDLEY,MN,55432,45.09695,-93.25467
1649328907,RBF LLC,BLOOMINGTON,MN,55431,44.82605,-93.31243
1730237090,RBF LLC,BLAINE,MN,55434,45.16809,-93.2505
1285782540,RBF LLC,COON RAPIDS,MN,55433,45.16134,-93.31642
1154776748,RX ANGELS LLC,EDINA,MN,55435,44.87352,-93.33471
1275550675,SAMS WEST INC,FRIDLEY,MN,55432,45.09695,-93.25467
1841424926,WALGREEN CO,BLOOMINGTON,MN,55437,44.82463,-93.34525
1760774384,WALGREEN CO,EDINA,MN,55436,44.9034,-93.37405
1790881241,WALGREEN CO,BLOOMINGTON,MN,55431,44.82605,-93.31243
1942215256,WALGREEN CO,COON RAPIDS,MN,55433,45.16134,-93.31642
1124033352,WALGREEN CO,BLAINE,MN,55434,45.16809,-93.2505
1487669701,WALGREEN CO,FRIDLEY,MN,55432,45.09695,-93.25467
1750566287,WALGREEN CO,BLAINE,MN,55434,45.16809,-93.2505
1205841525,WALGREEN CO,EDINA,MN,55435,44.87352,-93.33471
1083631469,WALMART INC.,FRIDLEY,MN,55432,45.09695,-93.25467
1205273984,WALMART INC.,BLAINE,MN,55434,45.16809,-93.2505
1013262732,WALMART INC.,BROOKLYN CENTER,MN,55430,45.06397,-93.30129
1295799518,ALLINA HEALTH SYSTEM,PLYMOUTH,MN,55441,45.00459,-93.42831
1477336527,ALLINA HEALTH SYSTEM,NEW ULM,MN,56073,44.30581,-94.46737
1588447635,ALLINA HEALTH SYSTEM,PLYMOUTH,MN,55441,45.00459,-93.42831
1063449213,ALLINA HEALTH SYSTEM,NEW ULM,MN,56073,44.30581,-94.46737
1568572188,COSTCO WHOLESALE CORPORATION,COON RAPIDS,MN,55448,45.19075,-93.30214
1467776682,FAIRVIEW PHARMACY SERVICES LLC,BLAINE,MN,55449,45.17278,-93.19461
1437620903,GRAND ST PAUL CVS LLC,PLYMOUTH,MN,55447,45.0011,-93.4892
1952401390,GRAND ST PAUL CVS LLC,PLYMOUTH,MN,55446,45.04404,-93.48754
1770683112,GRAND ST PAUL CVS LLC,COON RAPIDS,MN,55448,45.19075,-93.30214
1245339548,GRAND ST PAUL CVS LLC,BLAINE,MN,55449,45.17278,-93.19461
1215959903,GRAND ST PAUL CVS LLC,BLAINE,MN,55449,45.17278,-93.19461
1306868088,GRAND ST PAUL CVS LLC,PLYMOUTH,MN,55442,45.04855,-93.42689
1487131330,GRAND ST PAUL CVS LLC,BROOKLYN PARK,MN,55443,45.11958,-93.33713
1386780997,HANSON NORTHDALE DRUG,COON RAPIDS,MN,55448,45.19075,-93.30214
1053895722,HY-VEE INC,PLYMOUTH,MN,55447,45.0011,-93.4892
1144679010,HY-VEE INC,BROOKLYN PARK,MN,55443,45.11958,-93.33713
1801126214,LAB DRUGS & MEDICAL -TRANS-SUPPLIES LLC,BROOKLYN PARK,MN,55443,45.11958,-93.33713
1508378167,PRAIRIECARE LLC,BROOKLYN PARK,MN,55443,45.11958,-93.33713
1548318801,RBF LLC,PLYMOUTH,MN,55447,45.0011,-93.4892
1811045172,RBF LLC,PLYMOUTH,MN,55441,45.00459,-93.42831
1114932431,WALGREEN CO,COON RAPIDS,MN,55448,45.19075,-93.30214
1366680688,WALGREEN CO,PLYMOUTH,MN,55446,45.04404,-93.48754
1477568608,WALGREEN CO,PLYMOUTH,MN,55447,45.0011,-93.4892
1679588990,WALGREEN CO,PLYMOUTH,MN,55442,45.04855,-93.42689
1669487898,WALGREEN CO,BROOKLYN PARK,MN,55444,45.10596,-93.30214
1437165800,WALGREEN CO,COON RAPIDS,MN,55448,45.19075,-93.30214
1023023256,WALGREEN CO,BLAINE,MN,55449,45.17278,-93.19461
1598770802,WALGREEN CO,BROOKLYN PARK,MN,55443,45.11958,-93.33713
1932115573,WALGREEN CO,BLAINE,MN,55449,45.17278,-93.19461
1598492050,WALGREEN CO .,BROOKLYN PARK,MN,55445,45.12327,-93.37971
1366469744,WALMART INC.,BROOKLYN PARK,MN,55445,45.12327,-93.37971
1538186903,WALMART INC.,COON RAPIDS,MN,55448,45.19075,-93.30214
1619909694,FAIRVIEW PHARMACY SERVICES LLC,MINNEAPOLIS,MN,55455,44.97358,-93.23316
1154353142,FAIRVIEW PHARMACY SERVICES LLC,MINNEAPOLIS,MN,55455,44.97358,-93.23316
1952335804,FAIRVIEW PHARMACY SERVICES LLC,MINNEAPOLIS,MN,55455,44.97358,-93.23316
1013035120,FAIRVIEW PHARMACY SERVICES LLC,MINNEAPOLIS,MN,55455,44.97358,-93.23316
1700818788,FAIRVIEW PHARMACY SERVICES LLC,MINNEAPOLIS,MN,55454,44.96966,-93.2422
1093226326,FAIRVIEW PHARMACY SERVICES LLC,MINNEAPOLIS,MN,55454,44.96966,-93.2422
1013428929,"FAIRVIEW PHARMACY SERVICES, LLC",MINNEAPOLIS,MN,55454,44.96966,-93.2422
1235240326,P & A DRUG INC DBA ROSS WESTBANK PHARMACY,MINNEAPOLIS,MN,55454,44.96966,-93.2422
1780620237,REGENTS OF THE UNIVERSITY OF MINNESOTA,MINNEAPOLIS,MN,55455,44.97358,-93.23316
1447227525,ASCENSION WISCONSIN PHARMACY INC,MILWAUKEE,WI,53226,43.04948,-88.04215
1104305085,"ASCENSION WISCONSIN PHARMACY, INC",RHINELANDER,WI,54501,45.65303,-89.34502
1619453990,"ASCENSION WISCONSIN PHARMACY, INC",APPLETON,WI,54915,44.24247,-88.35644
1154812303,"ASCENSION WISCONSIN PHARMACY, INC",WESTON,WI,54476,44.88805,-89.5241
1356336002,"ASCENSION WISCONSIN PHARMACY, INC",WAUSAU,WI,54401,44.96559,-89.70676
1093782179,"ASCENSION WISCONSIN PHARMACY, INC.",MILWAUKEE,WI,53210,43.06881,-87.9738
1114994209,"ASCENSION WISCONSIN PHARMACY, INC.",BROOKFIELD,WI,53045,43.06091,-88.15149
1407924129,"ASCENSION WISCONSIN PHARMACY, INC.",MILWAUKEE,WI,53215,42.99922,-87.9468
1053587055,"ASCENSION WISCONSIN PHARMACY, INC.",FRANKLIN,WI,53132,42.8856,-88.01084
1013984194,"ASCENSION WISCONSIN PHARMACY, INC.",FRANKLIN,WI,53132,42.8856,-88.01084
1003851627,HY-VEE INC,DES MOINES,IA,50321,41.53945,-93.67288
1053353672,HY-VEE INC,KNOXVILLE,IA,50138,41.30073,-93.10425
1801028030,HY-VEE INC,MADISON,WI,53704,43.13688,-89.34735
1164602306,HY-VEE INC,LAURENS,IA,50554,42.84555,-94.84291
1003842477,HY-VEE INC,DAVENPORT,IA,52807,41.61062,-90.51687
1992731160,HY-VEE INC,DAVENPORT,IA,52802,41.49749,-90.63498
1245275007,HY-VEE INC,CEDAR RAPIDS,IA,52405,41.98684,-91.74659
1255374575,HY-VEE INC,CEDAR RAPIDS,IA,52402,42.02277,-91.65978
1891730222,HY-VEE INC,FAIRFIELD,IA,52556,41.01982,-91.92902
1952586976,HY-VEE INC,SHENANDOAH,IA,51601,40.72616,-95.34978
1992263388,HY-VEE INC,ROCHESTER,MN,55901,44.06977,-92.50688
1992096408,HY-VEE INC,CORNING,IA,50841,41.00973,-94.76344
1447034160,HY-VEE INC,OREGON,WI,53575,42.9337,-89.38998
1053938662,HY-VEE INC,OELWEIN,IA,50662,42.6904,-91.93483
1376573584,HY-VEE INC,SIOUX FALLS,SD,57105,43.52065,-96.73534
1942775663,HY-VEE INC,WINDOM,MN,56101,43.88314,-95.13734
1346276920,HY-VEE INC,WEBSTER CITY,IA,50595,42.46184,-93.82268
1770519431,HY-VEE INC,CHARITON,IA,50049,41.03564,-93.30104
1194751438,HY-VEE INC,CHARLES CITY,IA,50616,43.0812,-92.66096
1457742512,HY-VEE INC,WINTERSET,IA,50273,41.32937,-94.05413
1750849220,HY-VEE INC,STEWARTVILLE,MN,55976,43.86431,-92.4874
1659308344,HY-VEE INC,CORALVILLE,IA,52241,41.69869,-91.59474
1972748861,HY-VEE INC,CLARINDA,IA,51632,40.74694,-95.04956
1528349347,HY-VEE INC,WATERLOO,IA,50701,42.41584,-92.34144
1992731087,HY-VEE INC,MARCUS,IA,51035,42.77878,-95.79948
1750058772,HY-VEE INC,GRIMES,IA,50111,41.69178,-93.80431
1972125367,HY-VEE INC,DES MOINES,IA,50321,41.53945,-93.67288
1295761831,HY-VEE INC,HUMBOLDT,IA,50548,42.71503,-94.22545
1578505053,HY-VEE INC,MT PLEASANT,IA,52641,40.98967,-91.5872
1326083718,HY-VEE INC,MASON CITY,IA,50401,43.15371,-93.20016
1649200841,HY-VEE INC,SIOUX FALLS,SD,57106,43.51054,-96.83901
1720024623,HY-VEE INC,ALGONA,IA,50511,43.07388,-94.22014
1912933565,HY-VEE INC,FORT MADISON,IA,52627,40.66821,-91.34874
1740478452,HY-VEE INC,NEWTON,IA,50208,41.71025,-93.0383
1154886216,HY-VEE INC,FOREST CITY,IA,50436,43.26285,-93.6634
1144259573,HY-VEE INC,MARION,IA,52302,42.06554,-91.57061
1083640114,HY-VEE INC,IOWA CITY,IA,52240,41.63545,-91.50162
1669887642,HY-VEE INC,CORYDON,IA,50060,40.75342,-93.31808
1023054533,HY-VEE INC,CLINTON,IA,52732,41.90219,-90.25075
1225596794,HY-VEE INC,SAINT CHARLES,MN,55972,43.99619,-92.04897
1861422115,HY-VEE INC,CEDAR RAPIDS,IA,52402,42.02277,-91.65978
1265461669,HY-VEE INC,MUSCATINE,IA,52761,41.43871,-91.05848
1972548303,HY-VEE INC,JEFFERSON,IA,50129,42.01447,-94.3768
1881620060,HY-VEE INC,CRESTON,IA,50801,41.07972,-94.39127
1740216902,HY-VEE INC,WINONA,MN,55987,43.98519,-91.63469
1821024373,HY-VEE INC,WATERLOO,IA,50703,42.54851,-92.28049
1881620276,HY-VEE INC,PLEASANT HILL,IA,50327,41.58155,-93.48471
1356372700,HY-VEE INC,OTTUMWA,IA,52501,41.03574,-92.4315
1376885152,HY-VEE INC,MADISON,WI,53711,43.01504,-89.40923
1578504981,HY-VEE INC,WAPELLO,IA,52653,41.16722,-91.15658
1326077959,HY-VEE INC,DAVENPORT,IA,52807,41.61062,-90.51687
1447975925,HY-VEE INC,ASHWAUBENON,WI,54304,44.49407,-88.0679
1982647236,HY-VEE INC,CEDAR RAPIDS,IA,52404,41.9238,-91.69422
1396780912,HY-VEE INC,DES MOINES,IA,50320,41.52873,-93.57062
1447292081,HY-VEE INC,GRIMES,IA,50111,41.69178,-93.80431
1134165624,HY-VEE INC,CEDAR FALLS,IA,50613,42.53309,-92.48895
1114963477,HY-VEE INC,STORM LAKE,IA,50588,42.65776,-95.16434
1780610295,HY-VEE INC,INDIANOLA,IA,50125,41.33363,-93.57962
1407439359,HY-VEE INC,HARTFORD,SD,57033,43.61913,-96.95759
1255369054,HY-VEE INC,WEST DES MOINES,IA,50266,41.56942,-93.79934
1487683728,HY-VEE INC,IOWA CITY,IA,52245,41.6708,-91.50768
1598792160,HY-VEE INC,WEST DES MOINES,IA,50266,41.56942,-93.79934
1639105158,HY-VEE INC,IOWA CITY,IA,52245,41.6708,-91.50768
1770511933,HY-VEE INC,MUSCATINE,IA,52761,41.43871,-91.05848
1467500439,HY-VEE INC,CEDAR RAPIDS,IA,52404,41.9238,-91.69422
1619903341,HY-VEE INC,ALBIA,IA,52531,41.02676,-92.81433
1952337347,HY-VEE INC,RED OAK,IA,51566,41.0163,-95.2313
1043241300,HY-VEE INC,AMES,IA,50014,42.04855,-93.69449
1265469761,HY-VEE INC,IOWA FALLS,IA,50126,42.50703,-93.24705
1073819629,HY-VEE INC,WORTHINGTON,MN,56187,43.62385,-95.58286
1609802081,HY-VEE INC,SPIRIT LAKE,IA,51360,43.4425,-95.08759
1356387732,HY-VEE INC,GRINNELL,IA,50112,41.7313,-92.71481
1255367983,HY-VEE INC,ALTOONA,IA,50009,41.64447,-93.45794
1902848229,HY-VEE INC,AMES,IA,50010,42.0336,-93.58826
1760940233,HY-VEE INC,SPRING VALLEY,MN,55975,43.67542,-92.37189
1104855592,HY-VEE INC,MT PLEASANT,IA,52641,40.98967,-91.5872
1457381097,HY-VEE INC,WEST DES MOINES,IA,50265,41.55553,-93.73736
1780629162,HY-VEE INC,SIOUX CITY,IA,51104,42.53542,-96.40413
1063440550,HY-VEE INC,CEDAR RAPIDS,IA,52405,41.98684,-91.74659
1184650558,HY-VEE INC,DUBUQUE,IA,52002,42.52478,-90.77322
1770912198,HY-VEE INC,LEON,IA,50144,40.73871,-93.74101
1871539882,HY-VEE INC,ATLANTIC,IA,50022,41.41596,-95.0018
1790240851,HY-VEE INC,EMMETSBURG,IA,50536,43.1174,-94.70157
1013546308,HY-VEE INC,VINTON,IA,52349,42.17237,-92.00562
1831669324,HY-VEE INC,DURANT,IA,52747,41.61006,-90.91147
1700816915,HY-VEE INC,SIOUX FALLS,SD,57103,43.54647,-96.68894
1003852997,HY-VEE INC,BURLINGTON,IA,52601,40.85501,-91.112
1083049126,HY-VEE INC,LAMONI,IA,50140,40.64211,-93.98213
1487690384,HY-VEE INC,BETTENDORF,IA,52722,41.56601,-90.46662
1902840101,HY-VEE INC,OTTUMWA,IA,52501,41.03574,-92.4315
1427087956,HY-VEE INC,CEDAR RAPIDS,IA,52403,41.96873,-91.5804
1497781751,HY-VEE INC,WASHINGTON,IA,52353,41.29844,-91.71326
1093744435,HY-VEE INC,MARSHALLTOWN,IA,50158,42.05031,-92.90058
1033655360,HY-VEE INC,DES MOINES,IA,50309,41.58487,-93.62063
1659307197,HY-VEE INC,URBANDALE,IA,50322,41.63362,-93.73618
1073558607,HY-VEE INC,WEST DES MOINES,IA,50266,41.56942,-93.79934
1942768403,HY-VEE INC,PLAINVIEW,MN,55964,44.16445,-92.15669
1003852518,HY-VEE INC,DAVENPORT,IA,52806,41.58968,-90.6259
1679502231,HY-VEE INC,ROCHESTER,MN,55902,43.96721,-92.51596
1023047479,HY-VEE INC,WEST DES MOINES,IA,50265,41.55553,-93.73736
1093741357,HY-VEE INC,WATERLOO,IA,50702,42.45745,-92.31237
1538198973,HY-VEE INC,MASON CITY,IA,50401,43.15371,-93.20016
1558398453,HY-VEE INC,CARROLL,IA,51401,42.06615,-94.86957
1326078510,HY-VEE INC,BROOKINGS,SD,57006,44.31526,-96.79634
1932135456,HY-VEE INC,PELLA,IA,50219,41.42365,-92.89833
1972068039,HY-VEE INC,MOUNT AYR,IA,50854,40.69107,-94.21526
1326075011,HY-VEE INC,FORT DODGE,IA,50501,42.49286,-94.19259
1356782668,HY-VEE INC,WAUKEE,IA,50263,41.59562,-93.87241
1396619839,HY-VEE INC,WAUSAU,WI,54401,44.96559,-89.70676
1174553713,HY-VEE INC,WINDSOR HEIGHTS,IA,50311,41.60102,-93.67284
1336175975,HY-VEE INC,COUNCIL BLUFFS,IA,51503,41.23203,-95.77811
1811928690,HY-VEE INC,AMES,IA,50010,42.0336,-93.58826
1134161680,HY-VEE INC,ROCHESTER,MN,55901,44.06977,-92.50688
1366758559,HY-VEE INC,SIOUX FALLS,SD,57108,43.47752,-96.70406
1891725313,HY-VEE INC,CEDAR RAPIDS,IA,52402,42.02277,-91.65978
1952866014,HY-VEE INC,TOLEDO,IA,52342,42.05139,-92.55782
1851856918,HY-VEE INC,SAINT PETER,MN,56082,44.35226,-94.03246
1538821103,HY-VEE INC,WINFIELD,IA,52659,41.12941,-91.44114
1992215529,HY-VEE INC,VICTOR,IA,52347,41.71253,-92.28449
1295094365,HY-VEE INC,OSCEOLA,IA,50213,41.03205,-93.76611
1245266758,HY-VEE INC,DUBUQUE,IA,52003,42.43441,-90.67522
1366472581,HY-VEE INC,YANKTON,SD,57078,42.91596,-97.44362
1356370019,HY-VEE INC,AUSTIN,MN,55912,43.68155,-92.99022
1679282016,HY-VEE INC,GARNER,IA,50438,43.10935,-93.61746
1871523092,HY-VEE INC,VERMILLION,SD,57069,42.83957,-96.97314
1275561110,HY-VEE INC,ANKENY,IA,50023,41.73146,-93.63099
1205010519,HY-VEE INC,STORM LAKE,IA,50588,42.65776,-95.16434
1942239454,HY-VEE INC,COUNCIL BLUFFS,IA,51501,41.22798,-95.87858
1023053543,HY-VEE INC,DES MOINES,IA,50311,41.60102,-93.67284
1487683140,HY-VEE INC,ALBERT LEA,MN,56007,43.66036,-93.32527
1669405486,HY-VEE INC,MANKATO,MN,56001,44.13203,-93.97704
1285144725,HY-VEE INC,WEST LIBERTY,IA,52776,41.57747,-91.27006
1295777639,HY-VEE INC,COLUMBUS JUNCTION,IA,52738,41.27158,-91.37902
1568920031,HY-VEE INC,ZUMBROTA,MN,55992,44.30605,-92.68211
1790727311,HY-VEE INC,ANKENY,IA,50023,41.73146,-93.63099
1568407229,HY-VEE INC,DES MOINES,IA,50317,41.6163,-93.54711
1114957313,HY-VEE INC,SIOUX FALLS,SD,57110,43.54322,-96.63772
1720020142,HY-VEE INC,SIOUX FALLS,SD,57106,43.51054,-96.83901
1700154952,HY-VEE INC,SHELDON,IA,51201,43.18336,-95.86572
1225064405,HY-VEE INC,DAVENPORT,IA,52804,41.53258,-90.67858
1548296122,HY-VEE INC,WAVERLY,IA,50677,42.76264,-92.43273
1053732420,HY-VEE INC,FITCHBURG,WI,53719,43.02756,-89.50153
1073541553,HY-VEE INC,BURLINGTON,IA,52601,40.85501,-91.112
1417983057,HY-VEE INC,DES MOINES,IA,50315,41.54562,-93.62102
1407560329,HY-VEE INC,SIOUX FALLS,SD,57104,43.60469,-96.70745
1871529537,HY-VEE INC,CENTERVILLE,IA,52544,40.71758,-92.91073
1285906628,HY-VEE INC,FAIRMONT,MN,56031,43.62216,-94.46744
1134155781,HY-VEE INC,SIOUX CITY,IA,51106,42.46615,-96.32082
1649533324,HY-VEE INC,MASON CITY,IA,50401,43.15371,-93.20016
1912943895,HY-VEE INC,BOONE,IA,50036,42.08722,-93.8566
1063448587,HY-VEE INC,SIOUX CITY,IA,51105,42.50866,-96.36643
1376024869,HY-VEE INC,CORALVILLE,IA,52241,41.69869,-91.59474
1063448306,HY-VEE INC,ESTHERVILLE,IA,51334,43.4036,-94.80508
1396771267,HY-VEE INC,CEDAR RAPIDS,IA,52402,42.02277,-91.65978
1881811784,HY-VEE INC,CHEROKEE,IA,51012,42.74445,-95.56191
1477066710,HY-VEE INC,MANSON,IA,50563,42.52767,-94.52741
1922435841,HY-VEE INC,GLENWOOD,IA,51534,41.04291,-95.71685
1760412985,HY-VEE INC,WATERTOWN,SD,57201,44.93786,-97.09464
1821468299,HY-VEE INC,ROCHESTER,MN,55901,44.06977,-92.50688
1659307239,HY-VEE INC,SPENCER,IA,51301,43.15289,-95.14724
1689860678,HY-VEE INC,MILFORD,IA,51351,43.31658,-95.18692
1336179936,HY-VEE INC,SIOUX CITY,IA,51104,42.53542,-96.40413
1124054481,HY-VEE INC,SIOUX CENTER,IA,51250,43.08428,-96.2124
1184664476,HY-VEE INC,MARSHALL,MN,56258,44.44389,-95.76046
1790711463,HY-VEE INC,JOHNSTON,IA,50131,41.69337,-93.71697
1881620912,HY-VEE INC,LE MARS,IA,51031,42.80163,-96.17911
1871299040,HY-VEE INC,JANESVILLE,WI,53545,42.73551,-89.04054
1225596737,HY-VEE INC,PRESTON,MN,55965,43.62841,-92.12664
1104384650,HY-VEE INC,KASSON,MN,55944,43.98769,-92.73786
1427773191,HY-VEE INC,DAVENPORT,IA,52807,41.61062,-90.51687
1679509319,HY-VEE INC,CEDAR RAPIDS,IA,52411,42.05151,-91.72714
1386319077,HY-VEE INC,EAU CLAIRE,WI,54701,44.74438,-91.51058
1811923469,HY-VEE INC,HARLAN,IA,51537,41.64756,-95.29293
1043249691,HY-VEE INC,NEW ULM,MN,56073,44.30581,-94.46737
1861421497,HY-VEE INC,DUBUQUE,IA,52003,42.43441,-90.67522
1689602666,HY-VEE INC,IOWA CITY,IA,52245,41.6708,-91.50768
1316976087,HY-VEE INC,MANKATO,MN,56001,44.13203,-93.97704
1811939119,HY-VEE INC,BLOOMFIELD,IA,52537,40.73627,-92.41215
1700456977,HY-VEE INC,NEW PRAGUE,MN,56071,44.53702,-93.58185
1558390898,HY-VEE INC,OTTUMWA,IA,52501,41.03574,-92.4315
1215963491,HY-VEE INC,DENISON,IA,51442,42.03038,-95.35836
1982630364,HY-VEE INC,PERRY,IA,50220,41.83609,-94.12296
1720014244,HY-VEE INC,KEOKUK,IA,52632,40.43915,-91.44079
1942236591,HY-VEE INC,OSKALOOSA,IA,52577,41.27193,-92.66047
1487696977,HY-VEE INC,HUXLEY,IA,50124,41.88569,-93.60408
1396460861,"HY-VEE, INC.",LA CROSSE,WI,54601,43.80439,-91.1425
1881774826,MAYO CLINIC HEALTH SYSTEM-SOUTHEAST MINNESOTA REGION,ALBERT LEA,MN,56007,43.66036,-93.32527
1831109073,"MAYO CLINIC HEALTH SYSTEM-SOUTHWEST WISCONSIN REGION, INC.",ONALASKA,WI,54650,43.91066,-91.22523
1174509046,"MAYO CLINIC HEALTH SYSTEM-SOUTHWEST WISCONSIN REGION, INC.",LA CROSSE,WI,54601,43.80439,-91.1425
1356576896,"MAYO CLINIC HEALTH SYSTEM-SOUTHWEST WISCONSIN REGION, INC.",HOLMEN,WI,54636,44.00759,-91.22657
1609970664,MAYO FOUNDATION FOR MEDICAL EDUCATION & RESEARCH,ROCHESTER,MN,55902,43.96721,-92.51596
1487109690,"MONUMENT HEALTH HOME PLUS, LLC",RAPID CITY,SD,57701,44.14153,-103.20508
1679028823,"MONUMENT HEALTH HOME PLUS, LLC",RAPID CITY,SD,57701,44.14153,-103.20508
1326593500,"MONUMENT HEALTH HOME PLUS, LLC",SPEARFISH,SD,57783,44.45605,-103.92832
1336482504,WESTFIELDS HOSPITAL INC,NEW RICHMOND,WI,54017,45.11889,-92.52065
1205290483,"ARROWHEAD PHARMACY SERVICES, LTD",GRAND MARAIS,MN,55604,47.96004,-90.56468
1528121308,NORTH SHORE PHARMACY LTD,GRAND MARAIS,MN,55604,47.96004,-90.56468
1497368633,"SAWTOOTH MOUNTAIN CLINIC, INC.",GRAND MARAIS,MN,55604,47.96004,-90.56468
1780600759,FIRSTSOLUTIONS,TWO HARBORS,MN,55616,47.19075,-91.66289
1407887987,FIRSTSOLUTIONS,SILVER BAY,MN,55614,47.36675,-91.39457
1154692184,ST. LUKE'S HOSPITAL OF DULUTH,TWO HARBORS,MN,55616,47.19075,-91.66289
1467750364,"THE DULUTH CLINIC, LTD",TWO HARBORS,MN,55616,47.19075,-91.66289
1437457330,"THE DULUTH CLINIC, LTD",SILVER BAY,MN,55614,47.36675,-91.39457
1194861708,BABBITT DRUG INC,BABBITT,MN,55706,47.72478,-91.96488
1053694885,NORTHERN PINES MEDICAL CENTER,AURORA,MN,55705,47.44915,-92.2033
1801909825,CASEY DRUG-A INC,CHISHOLM,MN,55719,47.55556,-92.87256
1043863723,CASEY DRUG-A INC,CHISHOLM,MN,55719,47.55556,-92.87256
1093850844,COOK HOSPITAL PHARMACY,COOK,MN,55723,47.82291,-92.9351
1437264462,KOZAK INC,CLOQUET,MN,55720,46.7546,-92.54077
1316053622,KOZAK INC,CLOQUET,MN,55720,46.7546,-92.54077
1033055397,"THE DULUTH CLINIC, LTD",CLOQUET,MN,55720,46.7546,-92.54077
1093052342,WALGREEN CO,CLOQUET,MN,55720,46.7546,-92.54077
1992722375,WALMART INC.,CLOQUET,MN,55720,46.7546,-92.54077
1972539658,ELY-BLOOMENSON COMMUNITY HOSPITAL,ELY,MN,55731,47.97722,-91.65229
1194767798,JONS DRUG INC,EVELETH,MN,55734,47.3576,-92.47242
1629021514,SHOPKO STORES OPERATING CO LLC,ELY,MN,55731,47.97722,-91.65229
1689349359,"THE DULUTH CLINIC, LTD.",ELY,MN,55731,47.97722,-91.65229
1508184680,BARON'S PHARMACY LLC,HIBBING,MN,55746,47.36127,-92.95286
1790889756,FAIRVIEW RANJIE REG HLTH SVS,HIBBING,MN,55746,47.36127,-92.95286
1477595254,GDME INC,GRAND RAPIDS,MN,55744,47.23487,-93.51155
1225441157,GRAND ITASCA CLINIC AND HOSPITAL,GRAND RAPIDS,MN,55744,47.23487,-93.51155
1396767075,GRAND ST PAUL CVS LLC,GRAND RAPIDS,MN,55744,47.23487,-93.51155
1083752075,J & L UREVIG INC,GRAND RAPIDS,MN,55744,47.23487,-93.51155
1104618776,RANGE REGIONAL HEALTH SERVICES,HIBBING,MN,55746,47.36127,-92.95286
1831690346,THE DULUTH CLINIC LTD,GRAND RAPIDS,MN,55744,47.23487,-93.51155
1447366851,"THE DULUTH CLINIC, LTD",HIBBING,MN,55746,47.36127,-92.95286
1407070675,WALGREEN CO,HIBBING,MN,55746,47.36127,-92.95286
1992037105,WALGREEN CO,GRAND RAPIDS,MN,55744,47.23487,-93.51155
1619994001,WALMART INC.,HIBBING,MN,55746,47.36127,-92.95286
1447277819,WALMART INC.,GRAND RAPIDS,MN,55744,47.23487,-93.51155
1538170048,MESABA DRUG INC,HOYT LAKES,MN,55750,47.52203,-91.96576
1164102661,AITKIN COMMUNITY HOSPITAL INC.,MCGREGOR,MN,55760,46.64196,-93.24358
1811845647,"AITKIN COMMUNITY HOSPITAL, INC.",MCGREGOR,MN,55760,46.64196,-93.24358
1427160894,AITKIN PHARMACY SERVICES LLC,MCGREGOR,MN,55760,46.64196,-93.24358
1407887599,FAMILY HEALTH SYSTEMS OF MOOSE LAKE INC,MOOSE LAKE,MN,55767,46.45069,-92.75917
1598701047,MAJEWSKI ENTERPRISES INC,NASHWAUK,MN,55769,47.485,-93.18871
1548608714,THRIFTY WHITE OF MCGREGOR,MCGREGOR,MN,55760,46.64196,-93.24358
1093125155,WALMART INC.,MOUNTAIN IRON,MN,55768,47.48668,-92.68649
1740293489,ESSENTIA HEALTH VIRGINIA LLC,VIRGINIA,MN,55792,47.60053,-92.48723
1760404446,GRAND ST PAUL CVS LLC,VIRGINIA,MN,55792,47.60053,-92.48723
1982746400,JP COMPANIES OF VIRGINIA INC,VIRGINIA,MN,55792,47.60053,-92.48723
1659486769,"THE DULUTH CLINIC, LTD",VIRGINIA,MN,55792,47.60053,-92.48723
1396871489,WALGREEN CO,VIRGINIA,MN,55792,47.60053,-92.48723
1205978996,BINGAMITE,DULUTH,MN,55802,46.75279,-92.08194
1790760585,FALKS WOODLAND PHARMACY INC,DULUTH,MN,55804,46.93687,-91.93249
1114901550,FALKS WOODLAND PHARMACY INC,DULUTH,MN,55807,46.73519,-92.16843
1104800317,FALKS WOODLAND PHARMACY INC,DULUTH,MN,55806,46.76815,-92.12837
1265627681,FALKS WOODLAND PHARMACY INC,DULUTH,MN,55803,47.04751,-92.05538
1780668137,FALKS WOODLAND PHARMACY INC,DULUTH,MN,55811,46.84223,-92.22244
1013991223,FALKS WOODLAND PHARMACY INC,SUPERIOR,WI,54880,46.59058,-92.12741
1992787014,FALKS WOODLAND PHARMACY INC,DULUTH,MN,55803,47.04751,-92.05538
1811207327,GENOA HEALTHCARE LLC,DULUTH,MN,55805,46.80082,-92.09558
1457703076,GENOA HEALTHCARE LLC,DULUTH,MN,55802,46.75279,-92.08194
1952715096,GRAND ST PAUL CVS LLC,DULUTH,MN,55802,46.75279,-92.08194
1912116054,"PETOSKEY, INC.",DULUTH,MN,55802,46.75279,-92.08194
1568485860,ST. LUKE'S HOSPITAL OF DULUTH,DULUTH,MN,55805,46.80082,-92.09558
1427164839,THE DULUTH CLINIC LTD,DULUTH,MN,55807,46.73519,-92.16843
1508525288,"THE DULUTH CLINIC, LTD",DULUTH,MN,55805,46.80082,-92.09558
1245278209,"THE DULUTH CLINIC, LTD",DULUTH,MN,55805,46.80082,-92.09558
1831204940,"THE DULUTH CLINIC, LTD",DULUTH,MN,55804,46.93687,-91.93249
1477668580,"THE DULUTH CLINIC, LTD.",DULUTH,MN,55805,46.80082,-92.09558
1518073923,"THE DULUTH CLINIC, LTD.",DULUTH,MN,55805,46.80082,-92.09558
1861407173,WALGREEN CO,DULUTH,MN,55807,46.73519,-92.16843
1063427375,WALGREEN CO,DULUTH,MN,55802,46.75279,-92.08194
1265109201,COSTCO WHOLESALE CORPORATION,DULUTH,MN,55811,46.84223,-92.22244
1457386245,FIRSTSOLUTIONS,DULUTH,MN,55812,46.81162,-92.07396
1467474130,GRAND ST PAUL CVS LLC,DULUTH,MN,55811,46.84223,-92.22244
1962571810,LTC PRESCRIPTION PROVIDERS INC,PROCTOR,MN,55810,46.75959,-92.27299
1063627271,PRESCRIPTION SPECIALTIES,DULUTH,MN,55812,46.81162,-92.07396
1700803194,SAMS WEST INC,HERMANTOWN,MN,55811,46.84223,-92.22244
1932153749,SHOPKO STORES OPERATING CO LLC,DULUTH,MN,55811,46.84223,-92.22244
1710649967,"THE DULUTH CLINIC, LTD",DULUTH,MN,55811,46.84223,-92.22244
1003114539,"THE DULUTH CLINIC, LTD",DULUTH,MN,55812,46.81162,-92.07396
1336255744,"THE DULUTH CLINIC, LTD",HERMANTOWN,MN,55811,46.84223,-92.22244
1336441088,WALGREEN CO,DULUTH,MN,55811,46.84223,-92.22244
1316952625,WALGREEN CO,DULUTH,MN,55811,46.84223,-92.22244
1700803178,WALMART INC.,HERMANTOWN,MN,55811,46.84223,-92.22244
1538566401,COSTCO,ROCHESTER,MN,55901,44.06977,-92.50688
1295087591,COSTCO WHOLESALE CORPORATION,ROCHESTER,MN,55901,44.06977,-92.50688
1275654725,EAGLE DRUG OF ROCHESTER INC,ROCHESTER,MN,55902,43.96721,-92.51596
1316969009,GRAND ST PAUL CVS LLC,ROCHESTER,MN,55901,44.06977,-92.50688
1316131204,GRAND ST PAUL CVS LLC,ROCHESTER,MN,55904,43.95996,-92.40063
1447246921,HUNT SILVER LAKE DRUG INC,ROCHESTER,MN,55906,44.10731,-92.40531
1750433009,MCBE COMPANY,SAINT CHARLES,MN,55972,43.99619,-92.04897
1295887545,MCBE COMPANY,BYRON,MN,55920,44.01384,-92.62204
1912148206,MCBE COMPANY,STEWARTVILLE,MN,55976,43.86431,-92.4874
1871645879,MCBE COMPANY,PINE ISLAND,MN,55963,44.1898,-92.66251
1275774606,MCBE COMPANY,ZUMBROTA,MN,55992,44.30605,-92.68211
1841342193,MCBE COMPANY,SPRING VALLEY,MN,55975,43.67542,-92.37189
1801037353,MCBE COMPANY,PLAINVIEW,MN,55964,44.16445,-92.15669
1942352935,MCBE COMPANY,KASSON,MN,55944,43.98769,-92.73786
1962554964,MCBE COMPANY,PRESTON,MN,55965,43.62841,-92.12664
1487706735,MCBE COMPANY,CHATFIELD,MN,55923,43.85103,-92.18612
1811241169,OMC RETAIL SERVICES LLC,ROCHESTER,MN,55901,44.06977,-92.50688
1114344215,OMC RETAIL SERVICES LLC,ROCHESTER,MN,55904,43.95996,-92.40063
1437706033,OMC RETAIL SERVICES. LLC,CHATFIELD,MN,55923,43.85103,-92.18612
1265443774,PHILLIP A QUALEY,ADAMS,MN,55909,43.56201,-92.73378
1932213311,RCH PHARMACY SERVICES LTD,ROCHESTER,MN,55906,44.10731,-92.40531
1154785376,"RCH PHARMACY SERVICES, LTD",ROCHESTER,MN,55906,44.10731,-92.40531
1093544900,ROCHESTER CITY PHARMACY LLC,ROCHESTER,MN,55901,44.06977,-92.50688
1891313326,ROCHESTER COMMUNITY PHARMACY LLC,ROCHESTER,MN,55901,44.06977,-92.50688
1750300737,SAMS WEST INC,ROCHESTER,MN,55901,44.06977,-92.50688
1518911353,SHOPKO STORES OPERATING CO LLC,ROCHESTER,MN,55906,44.10731,-92.40531
1336192194,SHOPKO STORES OPERATING CO LLC,ROCHESTER,MN,55904,43.95996,-92.40063
1083922280,WALGREEN CO,ROCHESTER,MN,55901,44.06977,-92.50688
1639402746,WALGREEN CO,ROCHESTER,MN,55902,43.96721,-92.51596
1295752798,WALMART INC.,ROCHESTER,MN,55901,44.06977,-92.50688
1265459655,WALMART INC.,ROCHESTER,MN,55904,43.95996,-92.40063
1982793592,WEBER & JUDD CO,ROCHESTER,MN,55901,44.06977,-92.50688
1033521273,WEBER & JUDD CO,ROCHESTER,MN,55904,43.95996,-92.40063
1790874303,WEBER & JUDD CO,ROCHESTER,MN,55901,44.06977,-92.50688
1932251287,WEBER & JUDD CO,ROCHESTER,MN,55902,43.96721,-92.51596
1669524914,WEBER & JUDD CO,ROCHESTER,MN,55904,43.95996,-92.40063
1811932346,ASTRUP DRUG INC,AUSTIN,MN,55912,43.68155,-92.99022
1619582004,ASTRUP DRUG INC,FAIRMONT,MN,56031,43.62216,-94.46744
1871190033,ASTRUP DRUG INC,RUSHFORD,MN,55971,43.81586,-91.75538
1649598822,ASTRUP DRUG INC,OSAGE,IA,50461,43.2994,-92.81903
1740385178,ASTRUP DRUG INC,WORTHINGTON,MN,56187,43.62385,-95.58286
1730448119,ASTRUP DRUG INC,LA CRESCENT,MN,55947,43.8247,-91.35784
1932716339,ASTRUP DRUG INC,LE SUEUR,MN,56058,44.44502,-93.91536
1205060548,ASTRUP DRUG INC,ADRIAN,MN,56110,43.62068,-95.94208
1316206709,ASTRUP DRUG INC,SPRING GROVE,MN,55974,43.58027,-91.64952
1033726435,ASTRUP DRUG INC,LA CRESCENT,MN,55947,43.8247,-91.35784
1467069849,ASTRUP DRUG INC,OSAGE,IA,50461,43.2994,-92.81903
1184231573,ASTRUP DRUG INC,CALEDONIA,MN,55921,43.62303,-91.4626
1184728271,ASTRUP DRUG INC,FAIRMONT,MN,56031,43.62216,-94.46744
1932468311,ASTRUP DRUG INC,CALEDONIA,MN,55921,43.62303,-91.4626
1114286598,ASTRUP DRUG INC,HARMONY,MN,55939,43.54334,-92.09167
1548877921,ASTRUP DRUG INC,ADRIAN,MN,56110,43.62068,-95.94208
1457968760,ASTRUP DRUG INC,WORTHINGTON,MN,56187,43.62385,-95.58286
1063506475,"ASTRUP DRUG, INC",AUSTIN,MN,55912,43.68155,-92.99022
1114409257,"ASTRUP DRUG, INC.",LE SUEUR,MN,56058,44.44502,-93.91536
1790848992,MAYO CLINIC HEALTH SYSTEM-SOUTHEAST MINNESOTA REGION,AUSTIN,MN,55912,43.68155,-92.99022
1265486039,SHOPKO STORES OPERATING CO LLC,AUSTIN,MN,55912,43.68155,-92.99022
1487669610,WALGREEN CO,AUSTIN,MN,55912,43.68155,-92.99022
1952588980,WALMART INC.,AUSTIN,MN,55912,43.68155,-92.99022
1174661169,CALEDONIA DRUGS,CALEDONIA,MN,55921,43.62303,-91.4626
1639114168,RUSHFORD DRUG CO,HARMONY,MN,55939,43.54334,-92.09167
1053647867,RUSHFORD DRUG CO,LA CRESCENT,MN,55947,43.8247,-91.35784
1568532299,RUSHFORD DRUG CO,HOUSTON,MN,55943,43.79079,-91.58398
1124420666,SHOPKO STORES OPERATING CO LLC,KASSON,MN,55944,43.98769,-92.73786
1841949237,OMC RETAIL SERVICES LLC,PINE ISLAND,MN,55963,44.1898,-92.66251
1528081494,RUSHFORD DRUG CO,RUSHFORD,MN,55971,43.81586,-91.75538
1699442905,GENOA HEALTHCARE LLC,WINONA,MN,55987,43.98519,-91.63469
1417979105,GRAND ST PAUL CVS LLC,WINONA,MN,55987,43.98519,-91.63469
1235773136,GUNDERSEN CLINIC LTD,WINONA,MN,55987,43.98519,-91.63469
1396266003,LC EDELBACH COMPANY LLC,WABASHA,MN,55981,44.35555,-92.06703
1154341501,ROGER F HARWICH CHARLES W ROGERS SIDNEY HUGHES ETAL,WINONA,MN,55987,43.98519,-91.63469
1659355600,SAINT ELIZABETHS HOSPITAL OF WABASHA INC,WABASHA,MN,55981,44.35555,-92.06703
1912334913,SAINT ELIZABETHS HOSPITAL OF WABASHA INC,WABASHA,MN,55981,44.35555,-92.06703
1699728469,SHOPKO STORES OPERATING CO LLC,WINONA,MN,55987,43.98519,-91.63469
1295740421,WALGREEN CO,WINONA,MN,55987,43.98519,-91.63469
1083631485,WALMART INC.,WINONA,MN,55987,43.98519,-91.63469
1144521089,WINONA HEALTH SERVICES,WINONA,MN,55987,43.98519,-91.63469
1265575302,WODELE ENTERPRISES INCORPORATED,WABASHA,MN,55981,44.35555,-92.06703
1649286238,"LOLED ACOUSTIC TOURS, INC.",ZUMBROTA,MN,55992,44.30605,-92.68211
1033254669,BLAIR INC,NORTH MANKATO,MN,56003,44.21274,-94.0886
1386158038,GENOA HEALTHCARE LLC,MANKATO,MN,56001,44.13203,-93.97704
1629559141,GENOA HEALTHCARE LLC,MANKATO,MN,56001,44.13203,-93.97704
1770505455,GRAND ST PAUL CVS LLC,MANKATO,MN,56001,44.13203,-93.97704
1700180692,GRAND ST PAUL CVS LLC,MANKATO,MN,56001,44.13203,-93.97704
1346544681,GRAND ST PAUL CVS LLC,MANKATO,MN,56001,44.13203,-93.97704
1417299793,SAMS WEST INC,MANKATO,MN,56001,44.13203,-93.97704
1518910371,SHOPKO STORES OPERATING CO LLC,MANKATO,MN,56001,44.13203,-93.97704
1205880010,SHOPKO STORES OPERATING CO LLC,ALBERT LEA,MN,56007,43.66036,-93.32527
1043402936,WALGREEN CO,ALBERT LEA,MN,56007,43.66036,-93.32527
1881850170,WALGREEN CO,NORTH MANKATO,MN,56003,44.21274,-94.0886
1972518280,WALGREEN CO,MANKATO,MN,56001,44.13203,-93.97704
1013248160,WALGREEN CO,MANKATO,MN,56001,44.13203,-93.97704
1629095013,WALMART INC.,ALBERT LEA,MN,56007,43.66036,-93.32527
1538186911,WALMART INC.,MANKATO,MN,56001,44.13203,-93.97704
1841215688,"B.E. DRUG, INC.",BLUE EARTH,MN,56013,43.62265,-94.1056
1154622991,COBORNS INC,BELLE PLAINE,MN,56011,44.60236,-93.77421
1205979978,DRUG EXPRESS PHARMACIES INC,BELLE PLAINE,MN,56011,44.60236,-93.77421
1568903532,FIRST CHOICE PHARMACY OF JORDAN PC,BELLE PLAINE,MN,56011,44.60236,-93.77421
1629089131,SCHNEIDER DRUG,COMFREY,MN,56019,44.11271,-94.89317
1831203371,ZITNAK PHARMACY,BLUE EARTH,MN,56013,43.62265,-94.1056
1699883116,"BRYAN GREGOR, INC.",FAIRMONT,MN,56031,43.62216,-94.46744
1437161023,J & R REXALL DRUG,FAIRMONT,MN,56031,43.62216,-94.46744
1972557767,SHOPKO STORES OPERATING CO LLC,FAIRMONT,MN,56031,43.62216,-94.46744
1831104066,WALGREEN CO,FAIRMONT,MN,56031,43.62216,-94.46744
1316146269,WALMART INC.,FAIRMONT,MN,56031,43.62216,-94.46744
1023151792,DRUG EXPRESS PHARMACIES INC,LE CENTER,MN,56057,44.39454,-93.71549
1730306838,M AND J LOKENSGARD INC,LAKE CRYSTAL,MN,56055,44.12821,-94.24573
1558306753,HERRMANN DRUG INC.,MONTGOMERY,MN,56069,44.41823,-93.55372
1265815765,SANFORD HEALTH NETWORK,MADELIA,MN,56062,44.04739,-94.41483
1073528667,WANZEK PHARMACY INC,MADELIA,MN,56062,44.04739,-94.41483
1033384102,COBORNS INC,NEW PRAGUE,MN,56071,44.53702,-93.58185
1922170695,COBORNS INC,NEW ULM,MN,56073,44.30581,-94.46737
1114060886,DRUG EXPRESS PHARMACIES INC,NEW PRAGUE,MN,56071,44.53702,-93.58185
1386737898,NEW PRAGUE SNYDERS INC,NEW PRAGUE,MN,56071,44.53702,-93.58185
1477882686,WALGREEN CO,NEW PRAGUE,MN,56071,44.53702,-93.58185
1417044108,WALGREEN CO,NEW ULM,MN,56073,44.30581,-94.46737
1225162670,WALMART INC.,NEW ULM,MN,56073,44.30581,-94.46737
1952459224,ERICKSONS DIVERSIFIED LLC,SAINT PETER,MN,56082,44.35226,-94.03246
1629010293,PAUL'S PHARMACY AND GIFTS INC,ST JAMES,MN,56081,43.99128,-94.62912
1629145941,RANDYS FAMILY DRUG & GIFT INC,SLEEPY EYE,MN,56085,44.29333,-94.73619
1639634710,SANFORD HEALTH NETWORK,SAINT JAMES,MN,56081,43.99128,-94.62912
1073884458,SHOPKO STORES OPERATING CO LLC,SAINT PETER,MN,56082,44.35226,-94.03246
1881647840,SHOPKO STORES OPERATING CO LLC,SAINT JAMES,MN,56081,43.99128,-94.62912
1265490007,BERGS PHARMACY INC,WATERVILLE,MN,56096,44.24278,-93.59757
1174540553,WALMART INC.,WASECA,MN,56093,44.06461,-93.51471
1457463457,WELLS DRUG CO,WELLS,MN,56097,43.72404,-93.71629
1750471751,SANFORD HEALTH NETWORK,WINDOM,MN,56101,43.88314,-95.13734
1952354177,SHOPKO STORES OPERATING CO LLC,WINDOM,MN,56101,43.88314,-95.13734
1972502102,KROON COMMUNITY DRUG INC,ADRIAN,MN,56110,43.62068,-95.94208
1124472394,"SLTN PHARMACY SERVICES, LTD",EDGERTON,MN,56128,43.88151,-96.1156
1508250820,"SLTN PHARMACY SERVICES, LTD",EDGERTON,MN,56128,43.88151,-96.1156
1518205186,SLTN PHARMACY SERVICES LTD,FULDA,MN,56131,43.86002,-95.57781
1689028854,"SLTN PHARMACY SERVICES, LTD",FULDA,MN,56131,43.86002,-95.57781
1881750859,"IVANHOE FAMILY PHARMACY, INC",IVANHOE,MN,56142,44.47157,-96.23256
1053456889,JACKSON DRUG CO,JACKSON,MN,56143,43.632,-95.00409
1285050864,SANFORD HEALTH NETWORK,JACKSON,MN,56143,43.632,-95.00409
1083896716,SHOPKO STORES OPERATING CO LLC,JACKSON,MN,56143,43.632,-95.00409
1275607798,THRONDSET DRUG COMPANY,JACKSON,MN,56143,43.632,-95.00409
1669399069,WALGREEN CO,JACKSON,MN,56143,43.632,-95.00409
1831203827,CLAIR J EINEN,LAMBERTON,MN,56152,44.23054,-95.27345
1689655243,H&S SISTERS LLC,MOUNTAIN LAKE,MN,56159,43.94162,-94.93219
1023107646,SANFORD HEALTH NETWORK,LUVERNE,MN,56156,43.66279,-96.22599
1194142901,SANFORD HEALTH NETWORK,LAKEFIELD,MN,56150,43.63559,-95.21108
1538112644,SHOPKO STORES OPERATING CO LLC,LUVERNE,MN,56156,43.66279,-96.22599
1346355377,THRONDSET PHARMACY INC,LAKEFIELD,MN,56150,43.63559,-95.21108
1366765539,A & S DRUGS LLC,PIPESTONE,MN,56164,44.05663,-96.33918
1982968640,COBORNS INC,PIPESTONE,MN,56164,44.05663,-96.33918
1356352868,L CHARLES SENDELBACH,PIPESTONE,MN,56164,44.05663,-96.33918
1265185524,SANFORD MEDICAL CENTER,PIPESTONE,MN,56164,44.05663,-96.33918
1922051069,SHOPKO STORES OPERATING CO LLC,PIPESTONE,MN,56164,44.05663,-96.33918
1861679771,"JOHN'S RX DRUG, INC",TRACY,MN,56175,44.25519,-95.63527
1457488769,"JOHN'S RX DRUG, INC.",TRACY,MN,56175,44.25519,-95.63527
1285676874,KOSTER PHARMACY,TYLER,MN,56178,44.28485,-96.1312
1548708175,SANFORD HEALTH NETWORK,TRACY,MN,56175,44.25519,-95.63527
1740394733,SLAYTON DRUG,SLAYTON,MN,56172,44.00895,-95.7708
1770937948,"SLTN PHARMACY SERVICES, LTD",SLAYTON,MN,56172,44.00895,-95.7708
1245677590,"SLTN PHARMACY SERVICES, LTD.",SLAYTON,MN,56172,44.00895,-95.7708
1073611075,JUDEAN INC,WESTBROOK,MN,56183,44.0294,-95.42781
1063466852,SHOPKO STORES OPERATING CO LLC,WORTHINGTON,MN,56187,43.62385,-95.58286
1730137183,WALGREEN CO,WORTHINGTON,MN,56187,43.62385,-95.58286
1447277835,WALMART INC.,WORTHINGTON,MN,56187,43.62385,-95.58286
1447364815,WTGN PHARMACY SERVICES LTD,WORTHINGTON,MN,56187,43.62385,-95.58286
1578635363,CEDERSTROM PHARMACY INC,WILLMAR,MN,56201,45.10152,-95.0419
1568535102,COBORNS INC,WILLMAR,MN,56201,45.10152,-95.0419
1174622955,COBORNS INC,WILLMAR,MN,56201,45.10152,-95.0419
1770505463,GRAND ST PAUL CVS LLC,WILLMAR,MN,56201,45.10152,-95.0419
1649454133,MEDICAL SUPPLIES INC,WILLMAR,MN,56201,45.10152,-95.0419
1255747812,SANFORD HEALTH NETWORK,APPLETON,MN,56208,45.2425,-96.0043
1568600716,WALGREEN CO,WILLMAR,MN,56201,45.10152,-95.0419
1710904198,WALMART INC.,WILLMAR,MN,56201,45.10152,-95.0419
1710998224,BAMA INC,BENSON,MN,56215,45.31146,-95.57235
1225121668,BREENS PHARMACY INC,BENSON,MN,56215,45.31146,-95.57235
1356345896,LIEBE DRUG INC,BROWNS VALLEY,MN,56219,45.59978,-96.81994
1700507522,MS4 PLLC,BENSON,MN,56215,45.31146,-95.57235
1588606016,CANBY DRUG & GIFTS INC,CANBY,MN,56220,44.73183,-96.29416
1922132463,KEAVENY KORNER DRUG INC,CLARA CITY,MN,56222,44.98414,-95.36161
1497827992,LARSON DRUG,CLARKFIELD,MN,56223,44.76201,-95.81929
1689002933,DAWSON DRUG PLLC,DAWSON,MN,56232,44.93054,-96.03834
1013727361,DAWSON DRUG PLLC,DAWSON,MN,56232,44.93054,-96.03834
1730202813,NELSON REXALL DRUG CO,DAWSON,MN,56232,44.93054,-96.03834
1518972165,GRANITE DRUG INC,GRANITE FALLS,MN,56241,44.79694,-95.57915
1821092867,LIEBE DRUG INC,GRACEVILLE,MN,56240,45.56404,-96.4754
1003222654,SANFORD HEALTH NETWORK,GRACEVILLE,MN,56240,45.56404,-96.4754
1447326079,STANLEY C. GALLAGHER D/B/A HERMAN CLINIC PHARMACY LLC,HERMAN,MN,56248,45.79568,-96.1369
1669835476,GENOA HEALTHCARE LLC,MARSHALL,MN,56258,44.44389,-95.76046
1538113303,SHOPKO STORES OPERATING CO LLC,MARSHALL,MN,56258,44.44389,-95.76046
1124579123,THEMARSHRX,MARSHALL,MN,56258,44.44389,-95.76046
1891712261,WALMART INC.,MARSHALL,MN,56258,44.44389,-95.76046
1104965151,ARNESON PHARMACY INC,MONTEVIDEO,MN,56265,45.00486,-95.69626
1083384416,SEIP DRUG LLC,MORRIS,MN,56267,45.58453,-95.93008
1538112735,SHOPKO STORES OPERATING CO LLC,MORRIS,MN,56267,45.58453,-95.93008
1548287923,WALMART INC.,MONTEVIDEO,MN,56265,45.00486,-95.69626
1265453237,CARLSON DRUG INC,ORTONVILLE,MN,56278,45.34709,-96.37797
1609037134,COBORNS INC,NEW LONDON,MN,56273,45.32132,-94.96514
1447261953,OLIVIA DRUG COMPANY,OLIVIA,MN,56277,44.76534,-94.99499
1346656998,SANFORD HEALTH NETWORK,ORTONVILLE,MN,56278,45.34709,-96.37797
1053455774,SWARD-KEMP DRUG CO OF OLIVIA INC,OLIVIA,MN,56277,44.76534,-94.99499
1497832364,GREEN LAKE THRIFTY WHITE DRUG INC,SPICER,MN,56288,45.2418,-94.95244
1396787826,LEAHS PHARMACY INC,RENVILLE,MN,56284,44.78469,-95.20234
1982718367,RWF PHARMACY SERVICES LTD,REDWOOD FALLS,MN,56283,44.53276,-95.14209
1356484513,SWARD-KEMP DRUG CO INC,REDWOOD FALLS,MN,56283,44.53276,-95.14209
1275550659,WALMART INC.,REDWOOD FALLS,MN,56283,44.53276,-95.14209
1497298954,DOZAK DRUG LLC,WHEATON,MN,56296,45.82866,-96.46746
1710099718,WHEATON DRUG COMAPNY,WHEATON,MN,56296,45.82866,-96.46746
1487797346,"ALBANY APOTHECARY, INC",ALBANY,MN,56307,45.62799,-94.58872
1962707497,ALEXANDRIA APOTHECARY INC.,ALEXANDRIA,MN,56308,45.87903,-95.38672
1386600641,CENTRACARE PHARMACY SERVICES LLC,SAINT CLOUD,MN,56303,45.57441,-94.21155
1457423121,COBORNS INC,LONG PRAIRIE,MN,56347,45.96752,-94.87195
1376615047,COBORNS INC,MOORHEAD,MN,56560,46.84226,-96.73561
1003260969,COBORNS INC,HAYWARD,WI,54843,46.02612,-91.29713
1639966286,COBORNS INC,ABERDEEN,SD,57401,45.47648,-98.52753
1811501356,COBORNS INC,SAUK RAPIDS,MN,56379,45.63993,-94.08445
1366514036,COBORNS INC,HURON,SD,57350,44.40227,-98.20051
1003988775,COBORNS INC,SAUK CENTRE,MN,56378,45.72274,-94.98834
1740352418,COBORNS INC,WAITE PARK,MN,56387,45.53289,-94.23969
1124684634,COBORNS INC,SAUK RAPIDS,MN,56379,45.63993,-94.08445
1386716058,COBORNS INC,SAUK RAPIDS,MN,56379,45.63993,-94.08445
1912079682,COBORNS INC,SARTELL,MN,56377,45.6414,-94.22927
1932272572,COBORNS INC,FOLEY,MN,56329,45.70875,-93.90575
1568534238,COBORNS INC,SAINT CLOUD,MN,56301,45.48813,-94.24229
1720150493,COBORNS INC,PARK RAPIDS,MN,56470,47.02292,-95.09814
1952623076,COBORNS INC,SAINT CLOUD,MN,56304,45.52536,-94.05284
1194898734,COBORNS INC,SARTELL,MN,56377,45.6414,-94.22927
1811133895,COBORNS INC,SAINT JOSEPH,MN,56374,45.60711,-94.33586
1982973962,COBORNS INC,MELROSE,MN,56352,45.65043,-94.80221
1760555304,COBORNS INC,LITTLE FALLS,MN,56345,45.98881,-94.37486
1487117792,COSTCO WHOLESALE CORPORATION,SAINT CLOUD,MN,56301,45.48813,-94.24229
1093138315,GENOA HEALTHCARE LLC,SAINT CLOUD,MN,56303,45.57441,-94.21155
1689696361,GRAND ST PAUL CVS LLC,SAINT CLOUD,MN,56301,45.48813,-94.24229
1851313530,GRAND ST PAUL CVS LLC,ALEXANDRIA,MN,56308,45.87903,-95.38672
1205858982,GRAND ST PAUL CVS LLC,SAINT CLOUD,MN,56304,45.52536,-94.05284
1316327042,GRAND ST PAUL CVS LLC,ALBANY,MN,56307,45.62799,-94.58872
1063759546,"GRAND ST PAUL CVS, LLC",ST. CLOUD,MN,56301,45.48813,-94.24229
1669544458,RIX PHARMACY PA,ALEXANDRIA,MN,56308,45.87903,-95.38672
1043524135,SAMS WEST INC,SAINT CLOUD,MN,56303,45.57441,-94.21155
1295374288,SANFORD MEDICAL CENTER FARGO,ALEXANDRIA,MN,56308,45.87903,-95.38672
1609829464,SHOPKO STORES OPERATING CO LLC,SAINT CLOUD,MN,56301,45.48813,-94.24229
1114971926,SHOPKO STORES OPERATING CO LLC,SAINT CLOUD,MN,56304,45.52536,-94.05284
1669561163,SOUTHSIDE PHARMACY LTD,SAINT CLOUD,MN,56301,45.48813,-94.24229
1407121841,SOUTHSIDE PHARMACY LTD,SAINT CLOUD,MN,56301,45.48813,-94.24229
1578128021,ST CLOUD HOSPITAL,ST. CLOUD,MN,56303,45.57441,-94.21155
1013966175,ST. CLOUD HOSPITAL,ST CLOUD,MN,56303,45.57441,-94.21155
1093771818,ST. CLOUD HOSPITAL,ST CLOUD,MN,56303,45.57441,-94.21155
1801838479,TRUMM DRUG INC,ALEXANDRIA,MN,56308,45.87903,-95.38672
1457427320,TRUMM DRUG INC,ALEXANDRIA,MN,56308,45.87903,-95.38672
1235447723,WALGREEN CO,SAINT CLOUD,MN,56303,45.57441,-94.21155
1033394671,WALGREEN CO,ALEXANDRIA,MN,56308,45.87903,-95.38672
1326053638,WALGREEN CO,SAINT CLOUD,MN,56301,45.48813,-94.24229
1265459630,WALMART INC.,ST CLOUD,MN,56301,45.48813,-94.24229
1386661874,WALMART INC.,ALEXANDRIA,MN,56308,45.87903,-95.38672
1487902441,WALMART INC.,SAINT CLOUD,MN,56301,45.48813,-94.24229
1801807318,BELGRADE DRUG AND HARDWARE INC,BELGRADE,MN,56312,45.4635,-94.95258
1982657045,SHOPKO STORES OPERATING CO LLC,GLENWOOD,MN,56334,45.58335,-95.34548
1457411282,"TRUMM DRUG, INC.",GLENWOOD,MN,56334,45.58335,-95.34548
1144242330,MILLE LACS HEALTH SYSTEM,ISLE,MN,56342,46.18132,-93.40806
1891833885,MOSHIER PHARMACY INC,LITTLE FALLS,MN,56345,45.98881,-94.37486
1366763039,PHARM PROPERTIES LLC,LONG PRAIRIE,MN,56347,45.96752,-94.87195
1750453544,ROBERT WASHBURN AND EVA WASHBURN,LONG PRAIRIE,MN,56347,45.96752,-94.87195
1326232141,UNITY FAMILY HEALTHCARE,LITTLE FALLS,MN,56345,45.98881,-94.37486
1730327982,WALGREEN CO,LITTLE FALLS,MN,56345,45.98881,-94.37486
1083631451,WALMART INC.,LITTLE FALLS,MN,56345,45.98881,-94.37486
1235486424,GARRISON DRUG,GARRISON,MN,56450,46.23147,-93.83415
1881791713,MELROSE PHARMACY INC,MELROSE,MN,56352,45.65043,-94.80221
1841947801,MILLE LACS HEALTH SYSTEM,ONAMIA,MN,56359,46.08377,-93.66374
1720163207,MILLE LACS HEALTH SYSTEM,ONAMIA,MN,56359,46.08377,-93.66374
1003861527,ONAMIA PHARMACY LLC,ONAMIA,MN,56359,46.08377,-93.66374
1710821921,GRX HOLDINGS LLC,PAYNESVILLE,MN,56362,45.40328,-94.7142
1093883605,MINNESOTA DRUG ACQUISITION CO LLC,PIERZ,MN,56364,46.01121,-94.0656
1639251424,NUDAK VENTURES LLC,PAYNESVILLE,MN,56362,45.40328,-94.7142
1679515100,TRUMM DRUG INC,PARKERS PRAIRIE,MN,56361,46.16024,-95.33724
1528112976,COMMUNITY CARE PHARMACY PA,SAINT JOSEPH,MN,56374,45.60711,-94.33586
1871767939,COUNTRY MANOR CAMPUS LLC,SARTELL,MN,56377,45.6414,-94.22927
1285703991,DRAGICH & DRAGICH INC,SAUK RAPIDS,MN,56379,45.63993,-94.08445
1750086211,GENOA HEALTHCARE LLC,SARTELL,MN,56377,45.6414,-94.22927
1265450670,THE FOUNDATION FOR HEALTH CARE CONTINUUMS,SARTELL,MN,56377,45.6414,-94.22927
1760497085,WALGREEN CO,SAUK RAPIDS,MN,56379,45.63993,-94.08445
1568477792,WALGREEN CO,SARTELL,MN,56377,45.6414,-94.22927
1922122365,WALMART INC.,SAUK CENTRE,MN,56378,45.72274,-94.98834
1477667467,DAS PHARMACEUTICAL SERVICES INC,STARBUCK,MN,56381,45.55252,-95.54989
1760621197,WALGREEN CO,WAITE PARK,MN,56387,45.53289,-94.23969
1407960875,BLACK FOREST PHARMACY SERVICES LTD,BRAINERD,MN,56401,46.32011,-94.11503
1952755126,"BLACK FOREST PHARMACY SERVICES, LTD",BRAINERD,MN,56401,46.32011,-94.11503
1659837698,BPOINT PHARMACY SERVICES LTD,BREEZY POINT,MN,56472,46.57402,-94.35565
1255006938,BRAINERD MEDICAL CENTER INC,BRAINERD,MN,56401,46.32011,-94.11503
1083635270,CI PHARMACY SERVICES LTD,CROSBY,MN,56441,46.5702,-93.98312
1063698207,NIS PHARMACY SERVICES LTD,NISSWA,MN,56468,46.49294,-94.29767
1104260868,NIS PHARMACY SERVICES LTD,LONGVILLE,MN,56655,47.00359,-94.22748
1033135611,"SERVICE DRUG OF BRAINERD, INC",BRAINERD,MN,56401,46.32011,-94.11503
1841205069,WALGREEN CO,BRAINERD,MN,56401,46.32011,-94.11503
1528974714,BRAINERD MEDICAL CENTER INC,BAXTER,MN,56425,46.34286,-94.28219
1841576261,BRAINERD MEDICAL CENTER INC,BAXTER,MN,56425,46.34286,-94.28219
1891159018,"CI PHARMACY SERVICES, LTD",CROSBY,MN,56441,46.5702,-93.98312
1770834046,COSTCO WHOLESALE CORPORATION,BAXTER,MN,56425,46.34286,-94.28219
1386344745,GENOA HEALTHCARE LLC,BAXTER,MN,56425,46.34286,-94.28219
1952323636,GRAND ST PAUL CVS LLC,BAXTER,MN,56425,46.34286,-94.28219
1548624778,"NIS PHARMACY SERVICES, LTD",LONGVILLE,MN,56655,47.00359,-94.22748
1033573258,"NIS PHARMACY SERVICES, LTD",NISSWA,MN,56468,46.49294,-94.29767
1174540546,WALMART INC.,BAXTER,MN,56425,46.34286,-94.28219
1497377287,"AITKIN COMMUNITY HOSPITAL, INC.",AITKIN,MN,56431,46.48197,-93.6427
1497603229,"AITKIN COMMUNITY HOSPITAL, INC.",AITKIN,MN,56431,46.48197,-93.6427
1295683027,"AITKIN COMMUNITY HOSPITAL, INC.",GARRISON,MN,56450,46.23147,-93.83415
1134231590,"AITKIN PHARMACY SERVICES, LLC",AITKIN,MN,56431,46.48197,-93.6427
1598101362,GRAND ST PAUL CVS LLC,AITKIN,MN,56431,46.48197,-93.6427
1093370694,MINNESOTA AVE N PHARMACY SERVICES LIMITED,AITKIN,MN,56431,46.48197,-93.6427
1871503722,SEIP DRUG LLC,BERTHA,MN,56437,46.24891,-95.05896
1689628356,SHOPKO STORES OPERATING CO LLC,AITKIN,MN,56431,46.48197,-93.6427
1477253045,BRAINERD MEDICAL CENTER INC,DEERWOOD,MN,56444,46.41916,-93.8748
1750003653,CUYUNA LAKES PHARMACY LLC,CROSBY,MN,56441,46.5702,-93.98312
1184770075,KAPPES PHARMACEUTICAL LLC,CROSSLAKE,MN,56442,46.67502,-94.10179
1871065425,SEIP DRUG LLC,CLARISSA,MN,56440,46.14557,-94.95755
1982952644,GARRISON DRUG,GARRISON,MN,56450,46.23147,-93.83415
1629014014,LONGBELLA DRUG INC,MOTLEY,MN,56466,46.40923,-94.63597
1609108141,SEIP DRUG LLC,MENAHGA,MN,56464,46.7633,-95.10477
1578034575,BRAINERD MEDICAL CENTER INC,PEQUOT LAKES,MN,56472,46.57402,-94.35565
1033680046,BRAINERD MEDICAL CENTER INC,PINE RIVER,MN,56474,46.71985,-94.40297
1275682007,LAKES AREA PHARMACY,PEQUOT LAKES,MN,56472,46.57402,-94.35565
1932140837,LAKEWOOD HEALTH SYSTEM,STAPLES,MN,56479,46.44004,-94.79023
1679347348,LAKEWOOD HEALTH SYSTEM,STAPLES,MN,56479,46.44004,-94.79023
1396519906,LAKEWOOD HEALTH SYSTEM,PILLAGER,MN,56473,46.36069,-94.48958
1508630112,LAKEWOOD HEALTH SYSTEM,STAPLES,MN,56479,46.44004,-94.79023
1063571446,LONGBELLA DRUG INC,STAPLES,MN,56479,46.44004,-94.79023
1750322186,LONGBELLA DRUG INC,STAPLES,MN,56479,46.44004,-94.79023
1134224082,LONGBELLA DRUG INC,PILLAGER,MN,56473,46.36069,-94.48958
1518007988,MICHAEL L VETTEL,PARK RAPIDS,MN,56470,47.02292,-95.09814
1104068014,SEIP DRUG LLC,PARK RAPIDS,MN,56470,47.02292,-95.09814
1265378525,ST MARY'S INNOVIS HEALTH,PARK RAPIDS,MN,56470,47.02292,-95.09814
1780915397,WALGREEN CO,PARK RAPIDS,MN,56470,47.02292,-95.09814
1265565394,WALMART INC.,PARK RAPIDS,MN,56470,47.02292,-95.09814
1629696349,"ZKR INVESTMENTS,LTD",PINE RIVER,MN,56474,46.71985,-94.40297
1922146836,MERTENS DRUG INC,WADENA,MN,56482,46.46532,-95.14279
1164476396,PAMIDA STORES OPERATING CO LLC,WADENA,MN,56482,46.46532,-95.14279
1770594558,SCHWARTZWALD DRUG INC.,WADENA,MN,56482,46.46532,-95.14279
1093923914,SEIP DRUG LLC,WADENA,MN,56482,46.46532,-95.14279
1558403469,TRI COUNTY HOSPITAL,WADENA,MN,56482,46.46532,-95.14279
1902961048,WALMART INC.,WADENA,MN,56482,46.46532,-95.14279
1356619415,GRAND ST PAUL CVS LLC,DETROIT LAKES,MN,56501,46.84061,-95.80915
1669413092,PRESCRIPTION SHOPPE IIOF DETROIT LAKES MN,DETROIT LAKES,MN,56501,46.84061,-95.80915
1568789121,SANFORD MEDICAL CENTER FARGO,DETROIT LAKES,MN,56501,46.84061,-95.80915
1548398803,SEIP DRUG LLC,DETROIT LAKES,MN,56501,46.84061,-95.80915
1730110115,ST MARY'S INNOVIS HEALTH,DETROIT LAKES,MN,56501,46.84061,-95.80915
1528085917,WALMART INC.,DETROIT LAKES,MN,56501,46.84061,-95.80915
1730147992,BARNESVILLE DRUG & HARDWARE INC,BARNESVILLE,MN,56514,46.6481,-96.43137
1083726087,ROSENAU INC,ADA,MN,56510,47.36034,-96.5254
1144424177,SEIP DRUG LLC,BATTLE LAKE,MN,56515,46.28824,-95.70826
1083625594,GCR INC,BRECKENRIDGE,MN,56520,46.28543,-96.50478
1043512031,"GRAND ST. PAUL CVS, L.L.C.",DILWORTH,MN,56529,46.87655,-96.6895
1356368724,WALMART INC.,DILWORTH,MN,56529,46.87655,-96.6895
1306536651,FERGUS APOTHECARY INC,FERGUS FALLS,MN,56537,46.27602,-96.0904
1679526115,SHOPKO STORES OPERATING CO LLC,FERGUS FALLS,MN,56537,46.27602,-96.0904
1447292016,TRUMM DRUG INC,ELBOW LAKE,MN,56531,45.98789,-95.98588
1720222573,WALGREEN CO,FERGUS FALLS,MN,56537,46.27602,-96.0904
1194742684,WALMART INC.,FERGUS FALLS,MN,56537,46.27602,-96.0904
1942221999,FOSSTON PHARMACY & GIFTS INC,FOSSTON,MN,56542,47.55566,-95.73003
1619811825,GRX HOLDINGS LLC,HAWLEY,MN,56549,46.84847,-96.31024
1689095952,NUDAK VENTURES LLC,HAWLEY,MN,56549,46.84847,-96.31024
1023563731,PALUBICKI'S INC.,FOSSTON,MN,56542,47.55566,-95.73003
1245368448,SEIP DRUG LLC,FRAZEE,MN,56544,46.75762,-95.59377
1023720901,"VALLEY MARKETS, INCORPORATED",FOSSTON,MN,56542,47.55566,-95.73003
1861598047,WAHL DRUG INC,HAWLEY,MN,56549,46.84847,-96.31024
1992833198,SEIP DRUG LLC,HENNING,MN,56551,46.31819,-95.44552
1043232721,GRAND ST PAUL CVS LLC,MOORHEAD,MN,56560,46.84226,-96.73561
1548231459,HAGEL-BOYD PHARMACY INC,MOORHEAD,MN,56560,46.84226,-96.73561
1215063409,MEDICAL PHARMACY MOORHEAD INC,MOORHEAD,MN,56560,46.84226,-96.73561
1457747164,MEDICAL PHARMACY MOORHEAD INC,MOORHEAD,MN,56560,46.84226,-96.73561
1760675755,SEIP DRUG LLC,MOORHEAD,MN,56560,46.84226,-96.73561
1184752388,SEIP DRUG LLC,NEW YORK MILLS,MN,56567,46.54688,-95.36728
1144246430,USDRUGS COM INC,MOORHEAD,MN,56560,46.84226,-96.73561
1235469826,WALGREEN CO,MOORHEAD,MN,56560,46.84226,-96.73561
1962415091,WALGREEN CO,MOORHEAD,MN,56560,46.84226,-96.73561
1558473546,EAST OTTERTAIL PHARMACY,PERHAM,MN,56573,46.61556,-95.55123
1467510586,PELICAN DRUG INC,PELICAN RAPIDS,MN,56572,46.60306,-96.08207
1326353160,SEIP DRUG LLC,OTTERTAIL,MN,56571,46.43786,-95.54191
1023063757,SHOPKO STORES OPERATING CO LLC,PERHAM,MN,56573,46.61556,-95.55123
1780761262,TWIN VALLEY PHARMACY,TWIN VALLEY,MN,56584,47.22952,-96.22904
1346757457,TWIN VALLEY PHARMACY LLC,ULEN,MN,56585,47.09213,-96.24571
1467902536,"TWIN VALLEY PHARMACY, LLC",TWIN VALLEY,MN,56584,47.22952,-96.22904
1538271531,ASSOCIATED DRUG INC,BEMIDJI,MN,56601,47.51242,-94.85697
1700149069,BRIAN W TRUAX,BEMIDJI,MN,56601,47.51242,-94.85697
1467458323,CHERNUGAL INC,BEMIDJI,MN,56601,47.51242,-94.85697
1841212529,GRAND ST PAUL CVS LLC,BEMIDJI,MN,56601,47.51242,-94.85697
1679949028,GRAND ST. PAUL CVS LLC,BEMIDJI,MN,56601,47.51242,-94.85697
1184723611,IVERSON CORNER DRUG INC,BEMIDJI,MN,56601,47.51242,-94.85697
1497296115,MEDSAVE FAMILY PHARMACY,BEMIDJI,MN,56601,47.51242,-94.85697
1992758858,PAMIDA STORES OPERATING CO LLC,BEMIDJI,MN,56601,47.51242,-94.85697
1184728743,SANFORD HEALTH OF NORTHERN MINNESOTA,BEMIDJI,MN,56601,47.51242,-94.85697
1083933824,SANFORD HEALTH OF NORTHERN MINNESOTA,BEMIDJI,MN,56601,47.51242,-94.85697
1477042372,SANFORD HEALTH OF NORTHERN MINNESOTA,BEMIDJI,MN,56601,47.51242,-94.85697
1023610797,"TRUAX PATIENT SERVICES, LLC",BEMIDJI,MN,56601,47.51242,-94.85697
1740295971,WALGREEN CO,BEMIDJI,MN,56601,47.51242,-94.85697
1992722391,WALMART INC.,BEMIDJI,MN,56601,47.51242,-94.85697
1487797544,NORTHERN ITASCA HOSPITAL DISTRICT,BIGFORK,MN,56628,47.68668,-93.59346
1659315711,NORTHERN ITASCA HOSPITAL DISTRICT,BIGFORK,MN,56628,47.68668,-93.59346
1447255385,SMN INC,BAUDETTE,MN,56623,48.60057,-94.56999
1720023252,MOON'S PHARMACY,BLACKDUCK,MN,56630,47.75703,-94.49914
1073166674,SANFORD HEALTH OF NORTHERN MINNESOTA,BLACKDUCK,MN,56630,47.75703,-94.49914
1982166765,SANFORD HEALTH OF NORTHERN MINNESOTA,BLACKDUCK,MN,56630,47.75703,-94.49914
1073657011,TAM OF BLACKDUCK PA,BLACKDUCK,MN,56630,47.75703,-94.49914
1801438361,"THE DULUTH CLINIC, LTD.",DEER RIVER,MN,56636,47.40863,-93.90401
1366554362,INTERNATIONAL DRUG INC,INTERNATIONAL FALLS,MN,56649,48.53442,-93.13185
1275284374,INTERNATIONAL FALLS MEMORIAL HOSPITAL ASSOCIATION,INTERNATIONAL FALLS,MN,56649,48.53442,-93.13185
1245346659,"THE DULUTH CLINIC, LTD",INTERNATIONAL FALLS,MN,56649,48.53442,-93.13185
1861534646,LITTLEFORK MUNICIPAL HOSPITAL,LITTLEFORK,MN,56653,48.2607,-93.49868
1669574091,DAKOTA CLINIC TRF PHARMACY,THIEF RIVER FALLS,MN,56701,48.12209,-96.19247
1346423373,SANFORD HEALTH NETWORK NORTH,THIEF RIVER FALLS,MN,56701,48.12209,-96.19247
1477626786,VALLEY MARKETS INC,THIEF RIVER FALLS,MN,56701,48.12209,-96.19247
1437176831,WALMART INC.,THIEF RIVER FALLS,MN,56701,48.12209,-96.19247
1700813086,B & C OF CROOKSTON INC,CROOKSTON,MN,56716,47.7454,-96.55255
1083763650,RIVERVIEW HEALTHCARE ASSOCIATION,CROOKSTON,MN,56716,47.7454,-96.55255
1396818126,VALLEY MARKETS INC,CROOKSTON,MN,56716,47.7454,-96.55255
1649477852,WALMART INC.,CROOKSTON,MN,56716,47.7454,-96.55255
1184786782,ANDERSON PHARMACY,HALLOCK,MN,56728,48.79182,-96.99731
1619467651,KITTSON MEMORIAL HOSPITAL ASSOCIATION,HALLOCK,MN,56728,48.79182,-96.99731
1386787729,"MATTSON PHARMACY, INC",GREENBUSH,MN,56726,48.74709,-96.23095
1376848333,NOVACEK HEALTHMART PHARMACY LLC,GREENBUSH,MN,56726,48.74709,-96.23095
1447203799,SHOPKO STORES OPERATING CO LLC,EAST GRAND FORKS,MN,56721,47.97356,-96.94394
1649215849,VALLEY MARKETS INC,EAST GRAND FORKS,MN,56721,47.97356,-96.94394
1184383622,WALGREEN CO,EAST GRAND FORKS,MN,56721,47.97356,-96.94394
1346383908,"MATTSON PHARMACY, INC",ROSEAU,MN,56751,48.81137,-95.73291
1063466548,SHOPKO STORES OPERATING CO LLC,ROSEAU,MN,56751,48.81137,-95.73291
1245339993,"DENNIS J THOMSON, INC.",WARROAD,MN,56763,48.80886,-95.35636
1871508481,WARREN PHARMACY INC,WARREN,MN,56762,48.16876,-96.73961
1932122918,WARROAD HERITAGE INC,WARROAD,MN,56763,48.80886,-95.35636
1497684906,CVS PHARMACY INC,BROOKINGS,SD,57006,44.31526,-96.79634
1255420873,SANFORD HEALTH NETWORK,BERESFORD,SD,57004,43.07769,-96.79149
1700975323,SANFORD MEDICAL CENTER,BRANDON,SD,57005,43.59263,-96.58601
1437248051,SANFORD MEDICAL CENTER,BROOKINGS,SD,57006,44.31526,-96.79634
1114944386,WALMART INC.,BROOKINGS,SD,57006,44.31526,-96.79634
1033437223,WULLSTEIN PHARMACY INC.,BRANDON,SD,57005,43.59263,-96.58601
1649372111,ANDERSON PHARMACY INC,CANTON,SD,57013,43.28311,-96.62
1518062629,PIONEER MEMORIAL HOSPITAL AND HEALTH SERVICES,CENTERVILLE,SD,57014,43.11301,-96.95273
1619066230,SANFORD HEALTH NETWORK,CANTON,SD,57013,43.28311,-96.62
1306911599,KEVIN GLENN WURTZ,ELK POINT,SD,57025,42.72733,-96.69199
1811141815,MAIN STREET PHARMACY I CORP,FREEMAN,SD,57029,43.33754,-97.48028
1104257658,MAIN STREET PHARMACY I CORP,MARION,SD,57043,43.41623,-97.31155
1447624846,SANFORD HEALTH NETWORK,ELK POINT,SD,57025,42.72733,-96.69199
1437340080,SANFORD MEDICAL CENTER,FLANDREAU,SD,57028,44.0604,-96.60564
1538258157,SANFORD MEDICAL CENTER,DELL RAPIDS,SD,57022,43.84539,-96.72324
1417304544,SHOPKO STORES OPERATING CO LLC,DELL RAPIDS,SD,57022,43.84539,-96.72324
1831125558,UECKER PHARMACIES INC,FREEMAN,SD,57029,43.33754,-97.48028
1922043066,WOLLMANS OF VERMILLION,VERMILLION,SD,57069,42.83957,-96.97314
1518083138,"ACCUPAX, INC",HARTFORD,SD,57033,43.61913,-96.95759
1922041680,HARTFORD PHARMACY LLC,HARTFORD,SD,57033,43.61913,-96.95759
1730828237,SANFORD MEDICAL CENTER,HARRISBURG,SD,57032,43.42188,-96.6869
1669562666,SANFORD MEDICAL CENTER,LENNOX,SD,57039,43.33696,-96.86951
1447450994,"YOUR DAILY DOSE, INC.",HARRISBURG,SD,57032,43.42188,-96.6869
1205010204,DUNES FAMILY PHARMACY INC,DAKOTA DUNES,SD,57049,42.52476,-96.50721
1376602748,QUEENA M GETSKOW,MARION,SD,57043,43.41623,-97.31155
1265521884,SANFORD MEDICAL CENTER,MADISON,SD,57042,43.97971,-97.15072
1942253802,SHOPKO STORES OPERATING CO LLC,MADISON,SD,57042,43.97971,-97.15072
1750450961,"PARKER PHARMACY, LLC",PARKER,SD,57053,43.41009,-97.14026
1356436844,SALEM DRUG INCORPORATED,SALEM,SD,57058,43.73939,-97.40163
1962561068,SCOTLAND PHARMACY,SCOTLAND,SD,57059,43.12564,-97.75782
1811960263,DAVIS PHARMACY INC,VERMILLION,SD,57069,42.83957,-96.97314
1851328751,REILLY PHARMACY LLC,TEA,SD,57064,43.45592,-96.87384
1477712362,SANFORD MEDICAL CENTER,TEA,SD,57064,43.45592,-96.87384
1073514311,"ST. MICHAEL'S HOSPITAL, INC.",TYNDALL,SD,57066,42.9904,-97.86923
1487671657,WALMART INC.,VERMILLION,SD,57069,42.83957,-96.97314
1801616982,GENOA HEALTHCARE LLC,YANKTON,SD,57078,42.91596,-97.44362
1265095855,HOMER'S PHARMACY LLC,ARLINGTON,SD,57212,44.37942,-97.1433
1053344762,RENNER CORPORATION,YANKTON,SD,57078,42.91596,-97.44362
1487744488,SANFORD MEDICAL CENTER,VIBORG,SD,57070,43.18289,-97.17439
1659744100,TWO FISHES INC,YANKTON,SD,57078,42.91596,-97.44362
1992753362,WALGREEN CO,YANKTON,SD,57078,42.91596,-97.44362
1760409932,WALMART INC.,YANKTON,SD,57078,42.91596,-97.44362
1013022052,YANKTON DRUG CO INC,YANKTON,SD,57078,42.91596,-97.44362
1811003866,YANKTON MEDICAL CLINIC PC,YANKTON,SD,57078,42.91596,-97.44362
1316463219,AVERA MCKENNAN,SIOUX FALLS,SD,57105,43.52065,-96.73534
1346266202,AVERA MCKENNAN,SIOUX FALLS,SD,57107,43.59489,-96.82121
1750442901,AVERA MCKENNAN,SIOUX FALLS,SD,57105,43.52065,-96.73534
1962787440,AVERA MCKENNAN,SIOUX FALLS,SD,57108,43.47752,-96.70406
1467711739,AVERA MCKENNAN,SIOUX FALLS,SD,57107,43.59489,-96.82121
1407141344,AVERA MCKENNAN,SIOUX FALLS,SD,57108,43.47752,-96.70406
1669871000,AVERA MCKENNAN,SIOUX FALLS,SD,57107,43.59489,-96.82121
1609317395,BOGEN CORPORATION,SIOUX FALLS,SD,57103,43.54647,-96.68894
1356637615,"COMPLETE HOME CARE, INC.",SIOUX FALLS,SD,57108,43.47752,-96.70406
1750713574,COSTCO WHOLESALE CORPORATION,SIOUX FALLS,SD,57105,43.52065,-96.73534
1417979162,CVS PHARMACY INC.,SIOUX FALLS,SD,57106,43.51054,-96.83901
1316342306,"DPX ENTERPRISES, INC.",SIOUX FALLS,SD,57108,43.47752,-96.70406
1417966029,"LEWIS FAMILY DRUG, LLC",DE SMET,SD,57231,44.36451,-97.59028
1659392611,"LEWIS FAMILY DRUG, LLC",SIOUX FALLS,SD,57106,43.51054,-96.83901
1629140967,"PHARMACY SPECIALTIES & CLINIC, INC.",SIOUX FALLS,SD,57108,43.47752,-96.70406
1659703312,"PHARMACY SPECIALTIES, INC",SIOUX FALLS,SD,57108,43.47752,-96.70406
1255403515,"PHARMACY SPECIALTIES,INC",SIOUX FALLS,SD,57108,43.47752,-96.70406
1699878710,PRESCRIPTION SHOP INC,SIOUX FALLS,SD,57105,43.52065,-96.73534
1578580742,SAMS WEST INC,SIOUX FALLS,SD,57106,43.51054,-96.83901
1679662290,SANFORD HEALTH NETWORK,IDA GROVE,IA,51445,42.32447,-95.46452
1336719236,SANFORD HEALTH NETWORK,HOWARD,SD,57349,44.03028,-97.57578
1740635325,SANFORD HEALTH NETWORK,CLEAR LAKE,SD,57226,44.7876,-96.71862
1609393917,SANFORD HEALTH NETWORK,MOVILLE,IA,51039,42.45685,-96.05389
1912209503,SANFORD HEALTH NETWORK,SIBLEY,IA,51249,43.41257,-95.73207
1205925823,SANFORD HEALTH NETWORK,SHELDON,IA,51201,43.18336,-95.86572
1538413935,SANFORD HEALTH NETWORK,CHAMBERLAIN,SD,57325,43.7561,-99.29633
1235545880,SANFORD HEALTH NETWORK,MILBANK,SD,57252,45.20386,-96.6117
1588753107,SANFORD HEALTH NETWORK,SIOUX CENTER,IA,51250,43.08428,-96.2124
1841380847,SANFORD HEALTH NETWORK,SPIRIT LAKE,IA,51360,43.4425,-95.08759
1336982677,SANFORD HEALTH NETWORK,ONAWA,IA,51040,42.0365,-96.08046
1396158515,SANFORD HEALTH NETWORK,WESSINGTON SPRINGS,SD,57382,44.06162,-98.66741
1922719566,SANFORD HEALTH NETWORK,PLANKINTON,SD,57368,43.75128,-98.47749
1902357478,SANFORD HEALTH NETWORK,HULL,IA,51239,43.20131,-96.14576
1811263106,SANFORD MEDICAL CENTER,MITCHELL,SD,57301,43.71376,-98.04724
1578653572,SANFORD MEDICAL CENTER,SIOUX FALLS,SD,57103,43.54647,-96.68894
1316007354,SANFORD MEDICAL CENTER,ROCK VALLEY,IA,51247,43.19133,-96.33947
1235151259,SANFORD MEDICAL CENTER,DE SMET,SD,57231,44.36451,-97.59028
1962126771,SANFORD MEDICAL CENTER,WATERTOWN,SD,57201,44.93786,-97.09464
1316719222,SANFORD MEDICAL CENTER,SIOUX FALLS,SD,57110,43.54322,-96.63772
1104302702,SANFORD MEDICAL CENTER,SIOUX FALLS,SD,57104,43.60469,-96.70745
1174612790,SANFORD MEDICAL CENTER,SIOUX FALLS,SD,57106,43.51054,-96.83901
1932298551,SANFORD MEDICAL CENTER,HURON,SD,57350,44.40227,-98.20051
1083378160,SANFORD MEDICAL CENTER,ABERDEEN,SD,57401,45.47648,-98.52753
1346339967,SANFORD MEDICAL CENTER,SIOUX FALLS,SD,57105,43.52065,-96.73534
1407344419,SANFORD MEDICAL CENTER,CLARK,SD,57225,44.88507,-97.72526
1750470373,SANFORD MEDICAL CENTER,SIOUX FALLS,SD,57104,43.60469,-96.70745
1831675438,SANFORD MEDICAL CENTER,SIOUX FALLS,SD,57106,43.51054,-96.83901
1356626972,SANFORD MEDICAL CENTER,MITCHELL,SD,57301,43.71376,-98.04724
1356430979,SANFORD MEDICAL CENTER,SIOUX FALLS,SD,57103,43.54647,-96.68894
1780149864,SANFORD MEDICAL CENTER,SISSETON,SD,57262,45.67323,-97.07148
1215491980,SANFORD MEDICAL CENTER,ABERDEEN,SD,57401,45.47648,-98.52753
1396834917,SANFORD MEDICAL CENTER,ROCK RAPIDS,IA,51246,43.42831,-96.16717
1972844793,SANFORD MEDICAL CENTER,SIOUX FALLS,SD,57104,43.60469,-96.70745
1841389467,SANFORD MEDICAL CENTER,SIOUX FALLS,SD,57105,43.52065,-96.73534
1295825297,SANFORD MEDICAL CENTER,SIOUX FALLS,SD,57108,43.47752,-96.70406
1659322543,SHOPKO STORES OPERATING CO LLC,SIOUX FALLS,SD,57105,43.52065,-96.73534
1447265533,WALGREEN CO,SIOUX FALLS,SD,57108,43.47752,-96.70406
1639184732,WALGREEN CO,SIOUX FALLS,SD,57106,43.51054,-96.83901
1457366551,WALGREEN CO,SIOUX FALLS,SD,57105,43.52065,-96.73534
1154443869,WALGREEN CO,SIOUX FALLS,SD,57106,43.51054,-96.83901
1356356448,WALGREEN CO,SIOUX FALLS,SD,57104,43.60469,-96.70745
1104238039,WALMART INC.,SIOUX FALLS,SD,57107,43.59489,-96.82121
1194184382,WALMART INC.,SIOUX FALLS,SD,57108,43.47752,-96.70406
1205853470,WALMART INC.,SIOUX FALLS,SD,57106,43.51054,-96.83901
1215169941,CVS PHARMACY INC.,SIOUX FALLS,SD,57110,43.54322,-96.63772
1790889715,SANFORD BISMARCK,BISMARCK,ND,58501,46.81868,-100.70201
1396796975,SHOPKO STORES OPERATING CO LLC,SIOUX FALLS,SD,57110,43.54322,-96.63772
1366457467,WALGREEN CO,SIOUX FALLS,SD,57110,43.54322,-96.63772
1669499836,WALMART INC.,SIOUX FALLS,SD,57110,43.54322,-96.63772
1073287744,BROWN PHARMACY LLC,WATERTOWN,SD,57201,44.93786,-97.09464
1487612958,GENOA HEALTHCARE LLC,WATERTOWN,SD,57201,44.93786,-97.09464
1134286875,HY-VEE INC,WATERTOWN,SD,57201,44.93786,-97.09464
1285662742,PRAIRIE LAKES HEALTH CARE SYSTEM INC,WATERTOWN,SD,57201,44.93786,-97.09464
1962453845,SHOPKO STORES OPERATING CO LLC,WATERTOWN,SD,57201,44.93786,-97.09464
1275548372,WALGREEN CO,WATERTOWN,SD,57201,44.93786,-97.09464
1679590848,WALMART INC.,WATERTOWN,SD,57201,44.93786,-97.09464
1588778567,CLARK COMMUNITY PHARMACY INC,CLARK,SD,57225,44.88507,-97.72526
1225182678,BIEN PHARMACY INC,MILBANK,SD,57252,45.20386,-96.6117
1972637072,SHOPKO STORES OPERATING CO LLC,SISSETON,SD,57262,45.67323,-97.07148
1659361640,KWASNIEWSKI ENTERPRISES INC,WEBSTER,SD,57274,45.30335,-97.56291
1710359252,AVERA QUEEN OF PEACE,MITCHELL,SD,57301,43.71376,-98.04724
1578657888,BUECHLER PHARMACY INC,MITCHELL,SD,57301,43.71376,-98.04724
1699719906,GRAHAM PHARMACY,MITCHELL,SD,57301,43.71376,-98.04724
1851713218,SEARS HOLDING CO,MITCHELL,SD,57301,43.71376,-98.04724
1457302028,SHOPKO STORES OPERATING CO LLC,MITCHELL,SD,57301,43.71376,-98.04724
1063467231,WALGREEN CO,MITCHELL,SD,57301,43.71376,-98.04724
1841217015,WALMART INC.,MITCHELL,SD,57301,43.71376,-98.04724
1235161209,DOUGLAS COUNTY MEMORIAL HOSPITAL,ARMOUR,SD,57313,43.31032,-98.3658
1255347464,DOUGLAS COUNTY MEMORIAL HOSPITAL,CORSICA,SD,57328,43.43242,-98.4403
1811357239,COMMUNITY PHARMACIES INC,HIGHMORE,SD,57345,44.57382,-99.45348
1144868514,"DAKOTA PHARMS, LLC",HIGHMORE,SD,57345,44.57382,-99.45348
1922058890,"BROTHERS PHARMACIES, INC.",HURON,SD,57350,44.40227,-98.20051
1437191624,CVS PHARMACY INC,HURON,SD,57350,44.40227,-98.20051
1033880257,GENOA HEALTHCARE LLC,HURON,SD,57350,44.40227,-98.20051
1639523467,KMART PHARMACY,HURON,SD,57350,44.40227,-98.20051
1295752467,WALMART INC.,HURON,SD,57350,44.40227,-98.20051
1265599617,WOLLMAN INC,LAKE ANDES,SD,57356,43.15884,-98.52724
1376589176,HOFFMAN DRUG INC,PLATTE,SD,57369,43.42504,-98.9479
1538198684,MILLER REXALL DRUG CO,MILLER,SD,57362,44.4916,-99.07088
1801917281,PARKSTON DRUG INC,PARKSTON,SD,57366,43.38348,-97.94396
1578635108,VARNEY PHARMACY LLC,PARKSTON,SD,57366,43.38348,-97.94396
1205973732,JAMES PHARMACY INC,WAGNER,SD,57380,43.0305,-98.3076
1174612121,"ABERDEEN MEDICAL CENTER PHARMACY, INC",ABERDEEN,SD,57401,45.47648,-98.52753
1982601282,KESSLER PHARMACY INC,ABERDEEN,SD,57401,45.47648,-98.52753
1013015056,KESSLERS INC,ABERDEEN,SD,57401,45.47648,-98.52753
1548211105,SHOPKO STORES OPERATING CO LLC,ABERDEEN,SD,57401,45.47648,-98.52753
1588681753,WALMART INC.,ABERDEEN,SD,57401,45.47648,-98.52753
1952629032,TURNER DRUG INC,BOWDLE,SD,57428,45.45234,-99.67794
1851314231,TURNER DRUG INC,BOWDLE,SD,57428,45.45234,-99.67794
1386673408,ACIG LLC,EUREKA,SD,57437,45.79144,-99.59805
1134370448,FAULKTON PHARMACY INCORPORATED,FAULKTON,SD,57438,45.06372,-99.16239
1104931146,R THOMAS BARTHOLOMEW,FAULKTON,SD,57438,45.06372,-99.16239
1346271806,COMMUNITY PHARMACIES INC,GETTYSBURG,SD,57442,45.05451,-100.14463
1801434279,"DAKOTA PHARMS, LLC",GETTYSBURG,SD,57442,45.05451,-100.14463
1962413534,CRISSMAN DRUG,IPSWICH,SD,57451,45.43469,-98.94763
1518288026,EUREKA PHARMACY & GIFT SHOPPE INC,IPSWICH,SD,57451,45.43469,-98.94763
1669468906,MILLER DRUG INC,REDFIELD,SD,57469,44.86139,-98.57443
1932651122,AVERA ST. MARY'S,PIERRE,SD,57501,44.52935,-100.30251
1508693748,COMMUNITY PHARMACIES INC.,PIERRE,SD,57501,44.52935,-100.30251
1114628393,JLF ENTERPRISES INC,PIERRE,SD,57501,44.52935,-100.30251
1730284845,VAN R INC,PIERRE,SD,57501,44.52935,-100.30251
1508940693,WALGREEN CO,PIERRE,SD,57501,44.52935,-100.30251
1932126109,WALMART INC.,PIERRE,SD,57501,44.52935,-100.30251
1700836251,BROTHERS PHARMACIES INC,FORT PIERRE,SD,57532,44.38995,-100.61774
1568056158,"GREGORY DRUG, INC",GREGORY,SD,57533,43.37414,-99.43177
1619185626,"GREGORY DRUG, INC",GREGORY,SD,57533,43.37414,-99.43177
1023340767,BURKE COMMUNITY PHARMACY INC.,MISSION,SD,57555,43.24342,-100.6321
1255416186,KIRK WILSON MARTIN DRUG & MERCANTILE,MARTIN,SD,57551,43.17891,-101.6976
1396978391,BURKE COMMUNITY PHARMACY INC,PRESHO,SD,57568,43.88753,-100.08533
1154460996,CUSTER COMMUNITY PHARMACY LLC,CUSTER,SD,57730,43.71951,-103.6317
1356477442,DAKOTA COUNTRY PHARMACY INC,PHILIP,SD,57567,44.11878,-101.73082
1730299793,BURKE COMMUNITY PHARMACY INC,WHITE RIVER,SD,57579,43.59156,-100.79476
1285687236,SHOPKO STORES OPERATING CO LLC,WINNER,SD,57580,43.278,-100.05857
1891009783,"THE WINNER PHARMACY, INC.",WINNER,SD,57580,43.278,-100.05857
1467910539,WINNER REGIONAL HEALTHCARE CENTER,WINNER,SD,57580,43.278,-100.05857
1144243270,"FAMILY PHARMACY OF MOBRIDGE , INC",MOBRIDGE,SD,57601,45.44464,-100.50963
1407959539,FAMILY PHARMACY OF MOBRIDGE INC,MOBRIDGE,SD,57601,45.44464,-100.50963
1609009562,COMMUNITY PHARMACIES INC,EAGLE BUTTE,SD,57625,44.95167,-100.99522
1528380862,COMMUNITY PHARMACIES INC.,FAITH,SD,57626,44.99261,-102.20973
1023173796,STATELINE DRUG INC,LEMMON,SD,57638,45.8862,-102.21443
1235176660,ALBERTSONS LLC,RAPID CITY,SD,57701,44.14153,-103.20508
1831204874,BHP INC,RAPID CITY,SD,57701,44.14153,-103.20508
1922113968,BHP INC,RAPID CITY,SD,57702,44.03379,-103.39048
1568577500,BHP INC,RAPID CITY,SD,57703,44.00284,-103.04377
1255709937,COMMUNITY HEALTH CENTER OF THE BLACK HILLS INC,RAPID CITY,SD,57701,44.14153,-103.20508
1588693378,CSRX INC,RAPID CITY,SD,57701,44.14153,-103.20508
1346498342,CVS PHARMACY INC.,RAPID CITY,SD,57701,44.14153,-103.20508
1699813683,DAKOTAMART INC,HOT SPRINGS,SD,57747,43.38497,-103.52898
1316013071,DAKOTAMART INC,BELLE FOURCHE,SD,57717,44.9518,-103.88836
1568158707,GENOA HEALTHCARE LLC,RAPID CITY,SD,57701,44.14153,-103.20508
1104666932,GENOA HEALTHCARE LLC,RAPID CITY,SD,57701,44.14153,-103.20508
1679621940,NASH-FINCH LLC,RAPID CITY,SD,57703,44.00284,-103.04377
1174556757,PHARMACY CORPORATION OF AMERICA,RAPID CITY,SD,57701,44.14153,-103.20508
1356496210,RAPID CITY REGIONAL HOSPITAL INC,RAPID CITY,SD,57701,44.14153,-103.20508
1700125259,"RAPID CITY REGIONAL HOSPITAL, INC.",RAPID CITY,SD,57703,44.00284,-103.04377
1447289400,SAFEWAY INC,RAPID CITY,SD,57701,44.14153,-103.20508
1538198593,SAFEWAY INC,RAPID CITY,SD,57702,44.03379,-103.39048
1295039451,SAMS WEST INC,RAPID CITY,SD,57701,44.14153,-103.20508
1952352544,SHOPKO STORES OPERATING CO LLC,RAPID CITY,SD,57701,44.14153,-103.20508
1548275647,WALGREEN CO,RAPID CITY,SD,57702,44.03379,-103.39048
1336355791,WALGREEN CO,RAPID CITY,SD,57701,44.14153,-103.20508
1437266483,WALGREEN CO,RAPID CITY,SD,57701,44.14153,-103.20508
1023035292,WALMART INC.,RAPID CITY,SD,57701,44.14153,-103.20508
1780939553,WALMART INC.,RAPID CITY,SD,57701,44.14153,-103.20508
1497310551,3 C PHARMACY INC,BELLE FOURCHE,SD,57717,44.9518,-103.88836
1740395789,BHP INC,BLACK HAWK,SD,57718,44.17891,-103.3648
1871546820,SHOPKO STORES OPERATING CO LLC,BELLE FOURCHE,SD,57717,44.9518,-103.88836
1548131261,DEADWOOD DRUG INC,DEADWOOD,SD,57732,44.24611,-103.65397
1972556926,SHOPKO STORES OPERATING CO LLC,HOT SPRINGS,SD,57747,43.38497,-103.52898
1902930613,STATE OF SOUTH DAKOTA-DIVISION OF,HOT SPRINGS,SD,57747,43.38497,-103.52898
1902253214,WYODAK PHARMACIES INC,LEAD,SD,57754,44.263,-103.87125
1528123940,AMH LTD,SPEARFISH,SD,57783,44.45605,-103.92832
1043252828,COUNTY DRUG,STURGIS,SD,57785,44.42539,-103.22842
1831275965,COUNTY DRUG INC,STURGIS,SD,57785,44.42539,-103.22842
1689943045,REGIONAL HEALTH PHYSICIANS INC,SPEARFISH,SD,57783,44.45605,-103.92832
1356370316,SAFEWAY INC,SPEARFISH,SD,57783,44.45605,-103.92832
1770536625,SHOPKO STORES OPERATING CO LLC,STURGIS,SD,57785,44.42539,-103.22842
1952564148,WALGREEN CO,SPEARFISH,SD,57783,44.45605,-103.92832
1396762563,WALMART INC.,SPEARFISH,SD,57783,44.45605,-103.92832
1023173168,"WALL DRUG STORE, INC.",WALL,SD,57790,44.08293,-102.21554
1982655049,CASSELTON DRUG INC,ARTHUR,ND,58006,47.10153,-97.20979
1730177510,CASSELTON DRUG INC.,CASSELTON,ND,58012,46.93887,-97.16924
1417945080,FORMAN DRUG INC,FORMAN,ND,58032,46.07633,-97.64174
1801900881,HANKINSON DRUG INC,HANKINSON,ND,58041,46.04969,-96.9145
1477212116,MS4 PLLC,HORACE,ND,58047,46.71743,-96.88025
1720150238,LISBON PHARMACY INC,LISBON,ND,58054,46.42531,-97.66952
1265535389,NUDAK VENTURES NORTH DAKOTA LLC,LISBON,ND,58054,46.42531,-97.66952
1669546149,"CENTRAL AVENUE PHARMACY, INC",VALLEY CITY,ND,58072,46.92569,-98.00688
1134345457,CORNER DRUG STORE OF WAHPETON INC,WAHPETON,ND,58075,46.27439,-96.72615
1770626004,HEALTH CENTER PHARMACY LTD,WEST FARGO,ND,58078,46.86303,-96.93126
1053879734,"MPND,INC",WEST FARGO,ND,58078,46.86303,-96.93126
1548282403,"NUDAK VENTURES NORTH DAKOTA, LLC",VALLEY CITY,ND,58072,46.92569,-98.00688
1730421256,SKRIPTS PHARMACY PLLC,WEST FARGO,ND,58078,46.86303,-96.93126
1710977897,"SOUTHTOWN ECONODRUG, INC.",WAHPETON,ND,58075,46.27439,-96.72615
1891891149,THE PRESCRIPTION SHOP INC,WEST FARGO,ND,58078,46.86303,-96.93126
1336237346,WAHPETON DRUG COMPANY INC,WAHPETON,ND,58075,46.27439,-96.72615
1649211517,AMERICAN DRUG STORES DELAWARE LLC,FARGO,ND,58102,46.9209,-96.83183
1821039793,AMERICAN DRUG STORES DELAWARE LLC,FARGO,ND,58103,46.85617,-96.82207
1154332716,DAKOTA CLINIC PHARMACY LLC,FARGO,ND,58103,46.85617,-96.82207
1588021943,DAKOTA CLINIC PHARMACY LLC,FARGO,ND,58103,46.85617,-96.82207
1962706036,"INHEALTH SPECIALTY PHARMACY, INC.",FARGO,ND,58103,46.85617,-96.82207
1982826756,INTEGRATED HEALTH MARKETING LLC,FARGO,ND,58104,46.79325,-96.83971
1457419962,JOHNSON DRUG CO,FARGO,ND,58102,46.9209,-96.83183
1912416876,LIFESCRIPT PHARMACY PLLC,FARGO,ND,58104,46.79325,-96.83971
1386664829,"LINSON PHARMACY, LTD",FARGO,ND,58103,46.85617,-96.82207
1396184750,MD PHARMACY LLC,FARGO,ND,58103,46.85617,-96.82207
1528120870,MEDICAL PHARMACY INC,FARGO,ND,58103,46.85617,-96.82207
1912954165,MEDICAL PHARMACY SOUTH INC,FARGO,ND,58104,46.79325,-96.83971
1588724728,METRO DRUG CO,FARGO,ND,58102,46.9209,-96.83183
1346728557,MS4 PLLC,FARGO,ND,58104,46.79325,-96.83971
1881791721,NORTH PRARIE PHARMACIES LLC,FARGO,ND,58103,46.85617,-96.82207
1376566059,PRESCRIPTION CENTER PHARMACY INC,FARGO,ND,58103,46.85617,-96.82207
1992345391,"PROSPERITY HEALTH PHARMACY, PLLC",FARGO,ND,58104,46.79325,-96.83971
1558458844,SANFORD MEDICAL CENTER FARGO,FARGO,ND,58103,46.85617,-96.82207
1235173519,SANFORD MEDICAL CENTER FARGO,FARGO,ND,58102,46.9209,-96.83183
1861927709,SANFORD MEDICAL CENTER FARGO,FARGO,ND,58104,46.79325,-96.83971
1891855326,SANGER INC,FARGO,ND,58103,46.85617,-96.82207
1881785053,THRIFTY DRUG LIMITED,FARGO,ND,58103,46.85617,-96.82207
1952407892,THRIFTY DRUG LIMITED,FARGO,ND,58103,46.85617,-96.82207
1447362454,W W INC,FARGO,ND,58102,46.9209,-96.83183
1487783262,WEST ACRES PHARMACY INC,FARGO,ND,58103,46.85617,-96.82207
1538271549,WW INC,FARGO,ND,58103,46.85617,-96.82207
1871829028,ALTRU CLINIC PHARMACY - FAMILY MEDICINE CENTER INC,GRAND FORKS,ND,58201,47.87121,-97.14106
1235277179,ALTRU HEALTH SYSTEM,GRAND FORKS,ND,58201,47.87121,-97.14106
1619919800,AMERICAN DRUG STORES DELAWARE LLC,GRAND FORKS,ND,58201,47.87121,-97.14106
1306931977,B & E PHARMACY SERVICES INC,GRAND FORKS,ND,58201,47.87121,-97.14106
1801328133,EMBRACE PHARMACY INC,GRAND FORKS,ND,58201,47.87121,-97.14106
1962436113,GRAND FORKS CLINIC PHARMACY,GRAND FORKS,ND,58201,47.87121,-97.14106
1003275348,INSPIRE PHARMACY INC,GRAND FORKS,ND,58201,47.87121,-97.14106
1093841496,THEIGE DRUG INC,GRAND FORKS,ND,58201,47.87121,-97.14106
1407946338,WALLS MEDICINE CENTER INC,GRAND FORKS,ND,58201,47.87121,-97.14106
1790004182,YE OLDE MEDICINE SHOPPE INC,DRAYTON,ND,58225,48.61036,-97.21566
1124064043,GRAFTON DRUG COMPANY,GRAFTON,ND,58237,48.41406,-97.40542
1740228774,KB PHARMACY PLLC,GRAFTON,ND,58237,48.41406,-97.40542
1235177221,LANGDON DRUG INC,LANGDON,ND,58249,48.82348,-98.32857
1609908631,AASEN DRUG INC,MAYVILLE,ND,58257,47.49739,-97.28184
1164579249,PHARMACISTS ASSOCIATES LLC,LARIMORE,ND,58251,47.94938,-97.69121
1063690774,PHARMACISTS ASSOCIATES LLC,NORTHWOOD,ND,58267,47.7539,-97.63507
1720020324,YE OLDE MEDICINE SHOPPE,PARK RIVER,ND,58270,48.39438,-97.7837
1053414565,"NUDAK VENTURES NORTH DAKOTA, LLC",WALHALLA,ND,58282,48.90459,-97.94874
1184718876,CLINIC PHARMACY INC,DEVILS LAKE,ND,58301,48.13148,-98.87381
1588686539,RAMSEY DRUG INC,DEVILS LAKE,ND,58301,48.13148,-98.87381
1790941342,BELCOURT DRUG INC,BELCOURT,ND,58316,48.82808,-99.77376
1962411868,J & J ENTERPRISES INC,BOTTINEAU,ND,58318,48.85463,-100.41887
1285651984,PHARMACISTS ASSOCIATES LLC,BOTTINEAU,ND,58318,48.85463,-100.41887
1104002534,"WAL-MART STORES, INC.",BOTTINEAU,ND,58318,48.85463,-100.41887
1669771523,DUNSEITH DRUG INC,DUNSEITH,ND,58329,48.87323,-100.08087
1922019686,J & J ENTERPRISES INC,DUNSEITH,ND,58329,48.87323,-100.08087
1982859617,NEUMANN DRUG INC,CANDO,ND,58324,48.48025,-99.22159
1336477223,"CHAMBERZ, LLC",HARVEY,ND,58341,47.77527,-99.85003
1568485431,SEARS ENTERPRISES LLC,HARVEY,ND,58341,47.77527,-99.85003
1629222542,SELZLER PHARMACY INC,HARVEY,ND,58341,47.77527,-99.85003
1508877168,SERVICE DRUG AND GIFT INC,HARVEY,ND,58341,47.77527,-99.85003
1154333730,CENTRAL PHARMACY INC,NEW ROCKFORD,ND,58356,47.6733,-99.07125
1780962126,HEART OF AMERICA CLINIC PHARMACY INC.,RUGBY,ND,58368,48.25641,-100.04448
1235140898,ROLLA DRUG INC,ROLLA,ND,58367,48.86927,-99.58666
1134110463,"JMF, INC.",JAMESTOWN,ND,58401,46.8825,-98.76392
1538262654,ASHLEY DRUG,ASHLEY,ND,58413,46.0347,-99.30717
1275569790,CARRINGTON DRUG INC,CARRINGTON,ND,58421,47.44199,-99.06885
1497767990,CENTRAL PHARMACY INC,CARRINGTON,ND,58421,47.44199,-99.06885
1487594263,CENTRAL RX GROUP LLC,BOWMAN,ND,58623,46.18901,-103.42567
1558379248,PHARMACISTS ASSOCIATES LLC,COOPERSTOWN,ND,58425,47.45614,-98.1243
1548566698,EDGELEY PHARMACY LLC,EDGELEY,ND,58433,46.37033,-98.71301
1831559921,ELLENDALE PHARMACY INC,ELLENDALE,ND,58436,46.08765,-98.57873
1811031511,THOMAS ULMER,ELLENDALE,ND,58436,46.08765,-98.57873
1740249929,"LAMOURE DRUG STORE, INC.",LAMOURE,ND,58458,46.36956,-98.29869
1891202354,"DLG PHARMACY, LLC",OAKES,ND,58474,46.09559,-98.13353
1528093259,"OAKES DRUG, INC.",OAKES,ND,58474,46.09559,-98.13353
1184892523,TARAS THRIFTY WHITE,OAKES,ND,58474,46.09559,-98.13353
1437179371,STEELE PHARMACY LLC,STEELE,ND,58482,46.85515,-99.89895
1578588307,WISHEK DRUG,WISHEK,ND,58495,46.27701,-99.60082
1730120601,AMERICAN DRUG STORES DELAWARE LLC,BISMARCK,ND,58503,46.90432,-100.75055
1528000718,AMERICAN DRUG STORES DELAWARE LLC,BISMARCK,ND,58504,46.72307,-100.6779
1922618289,BISMARCK PHARMACY LLC,BISMARCK,ND,58503,46.90432,-100.75055
1639111230,CHURCHILL PHARMACY HOLDING INC.,BISMARCK,ND,58501,46.81868,-100.70201
1548202369,DAKOTA PHARMACY OF BISMARCK INC,BISMARCK,ND,58501,46.81868,-100.70201
1497847776,GATEWAY PHARMACY LLC,MANDAN,ND,58554,46.73801,-100.94022
1275963308,GATEWAY PHARMACY LLC,BISMARCK,ND,58503,46.90432,-100.75055
1447356399,GATEWAY PHARMACY LLC,BISMARCK,ND,58503,46.90432,-100.75055
1205927571,GATEWAY PHARMACY LLC,BISMARCK,ND,58504,46.72307,-100.6779
1770029613,HERITAGE PHARMACY EAST INC,BISMARCK,ND,58501,46.81868,-100.70201
1548276371,"HERITAGE PHARMACY EAST, INC",BISMARCK,ND,58501,46.81868,-100.70201
1326291238,HERITAGE PHARMACY GATEWAY MALL INC,BISMARCK,ND,58503,46.90432,-100.75055
1548281736,HERITAGE PHARMACY INC,BISMARCK,ND,58501,46.81868,-100.70201
1508230814,HORIZON PHARMACY INC,BISMARCK,ND,58503,46.90432,-100.75055
1851485262,JKRX INC,BISMARCK,ND,58501,46.81868,-100.70201
1215727474,"LINCOLN PHARMACY, INC.",LINCOLN,ND,58504,46.72307,-100.6779
1013018910,MAYO PHARMACY INC,BISMARCK,ND,58501,46.81868,-100.70201
1043243272,PROFESSIONAL PHARMACY LLC,BISMARCK,ND,58503,46.90432,-100.75055
1336283928,ST. ALEXIUS MEDICAL CENTER,BISMARCK,ND,58501,46.81868,-100.70201
1447500566,ST. ALEXIUS MEDICAL CENTER PHARMACY,BISMARCK,ND,58506,,
1144231705,THOMAS MOE,BISMARCK,ND,58501,46.81868,-100.70201
1538428610,UNIVERSITY OF NORTH DAKOTA,BISMARCK,ND,58501,46.81868,-100.70201
1295778082,BEULAH DRUG COMPANY,BEULAH,ND,58523,47.25857,-101.77838
1023036050,ECONOMY DRUG INC,ELGIN,ND,58533,46.40191,-101.79675
1114055324,CHASE PHARMACY,GARRISON,ND,58540,47.62988,-101.71675
1881310282,HAZEN HEALTH PHARMACY,HAZEN,ND,58545,47.35584,-101.58061
1689362402,"KH PHARMACY, INC.",MANDAN,ND,58554,46.73801,-100.94022
1265504054,LBG PHARMACY INC,MANDAN,ND,58554,46.73801,-100.94022
1447353560,LINTON DRUG COMPANY,LINTON,ND,58552,46.23896,-100.30105
1528062312,MANDAN DRUG,MANDAN,ND,58554,46.73801,-100.94022
1093134017,"ST. ALEXIUS MANDAN PHARMACY, LLC",MANDAN,ND,58554,46.73801,-100.94022
1285073486,WAL-MART STORES INC,MANDAN,ND,58554,46.73801,-100.94022
1104927094,NAPOLEON DRUG INC,NAPOLEON,ND,58561,46.48704,-99.68333
1710056452,NEW SALEM PHARMACY LLC,NEW SALEM,ND,58563,46.90329,-101.43495
1780699314,TURTLE LAKE REXALL DRUG INC.,TURTLE LAKE,ND,58575,47.56336,-100.90178
1013029024,CLINIC PHARMACY INC,DICKINSON,ND,58601,46.91588,-102.83434
1710024690,IRSFELD PHARMACY PC,DICKINSON,ND,58601,46.91588,-102.83434
1407038532,LG MEADOWS INC,DICKINSON,ND,58601,46.91588,-102.83434
1386680767,N D PHARMACY INC,DICKINSON,ND,58601,46.91588,-102.83434
1205231990,N D PHARMACY INC,DICKINSON,ND,58601,46.91588,-102.83434
1043504574,OLLERMAN INC,DICKINSON,ND,58601,46.91588,-102.83434
1710091798,STEINER PHARMACY INC,DICKINSON,ND,58601,46.91588,-102.83434
1023193554,"BOWMAN DRUG COMPANY, PC",BOWMAN,ND,58623,46.18901,-103.42567
1245347368,TELEPHARMACY CONCEPTS INC.,BEACH,ND,58621,47.08318,-103.92808
1619151206,GLEN ULLIN PHARMACY LLC,GLEN ULLIN,ND,58631,46.79977,-101.81892
1255486908,ECONOMY DRUG MOTT INC,MOTT,ND,58646,46.39388,-102.28253
1215371695,ECONOMY DRUG MOTT INC,MOTT,ND,58646,46.39388,-102.28253
1588770440,KILLDEER PHAMRACY INC,NEW ENGLAND,ND,58647,46.52223,-102.93452
1508972936,KILLDEER PHARMACY INC.,KILLDEER,ND,58640,47.45234,-102.90254
1184669616,S & V INC,RICHARDTON,ND,58652,46.86877,-102.26784
1700828993,AMERICAN DRUG STORES DELAWARE LLC,MINOT,ND,58701,48.14259,-101.32131
1356413140,APOTHECARY ROUGHRIDERS INC,MINOT,ND,58701,48.14259,-101.32131
1326059981,B & B DRUG INC,MINOT,ND,58701,48.14259,-101.32131
1497538706,G & G RX INC,MINOT,ND,58701,48.14259,-101.32131
1093764599,"MEDICAL ARTS OUTPATIENT SERVICES, INC.",MINOT,ND,58701,48.14259,-101.32131
1720527120,NORTH HILL PHARMACY LLC,MINOT,ND,58703,48.33057,-101.31556
1235813502,"S.A. WARREN,LLC",MINOT,ND,58701,48.14259,-101.32131
1568180867,TRINITY HOSPITALS,MINOT,ND,58701,48.14259,-101.32131
1548627631,CROSBY DRUG LLC,CROSBY,ND,58730,48.86469,-103.31427
1881705499,J CO DRUG INC,CROSBY,ND,58730,48.86469,-103.31427
1396871216,KENMARE DRUG,KENMARE,ND,58746,48.71825,-102.08515
1093891095,"LARSEN SERVICE DRUG, INC.",NEW TOWN,ND,58763,47.9929,-102.57574
1508120205,ROCKVIEW PHARMACY INC,PARSHALL,ND,58770,47.8844,-102.15792
1770698714,DAKOTA DRUG COMPANY OF STANLEY,STANLEY,ND,58784,48.36434,-102.42438
1376646315,VELVA DRUG COMPANY,VELVA,ND,58790,48.03414,-100.92968
1063839496,G & G RX INC,WILLISTON,ND,58801,48.21311,-103.75325
1780768812,INTERSTATE RETAIL INC,WILLISTON,ND,58801,48.21311,-103.75325
1982626099,"MED, INC",WILLISTON,ND,58801,48.21311,-103.75325
1558376152,ND PHARMACY INC,WILLISTON,ND,58801,48.21311,-103.75325
1205923406,"WESTERN DAKOTA PHARMACY, INC.",WILLISTON,ND,58801,48.21311,-103.75325
1790795987,JACKSON DODDS INC,WATFORD CITY,ND,58854,47.81095,-103.14547
1568408581,LARSEN SERVICE DRUG INC,WATFORD CITY,ND,58854,47.81095,-103.14547
1689725434,TIOGA DRUG INC,TIOGA,ND,58852,48.35672,-102.95361
1083621015,AMERY REGIONAL MEDICAL CENTER,AMERY,WI,54001,45.33476,-92.38718
1891387502,"AMERY REGIONAL MEDICAL CENTER, INC",AMERY,WI,54001,45.33476,-92.38718
1942155981,BALDWIN AREA MEDICAL CENTER INC.,BALDWIN,WI,54002,44.9625,-92.37135
1184711087,"CHET JOHNSON DRUGS, INC.",AMERY,WI,54001,45.33476,-92.38718
1043938202,"CHET JOHNSON DRUGS, INC.",AMERY,WI,54001,45.33476,-92.38718
1962849315,"RASMUSSEN VILLAGE PHARMACY, INC.",GLENWOOD CITY,WI,54013,45.08091,-92.23065
1609832500,"RASMUSSEN VILLAGE PHARMACY, INC.",BALDWIN,WI,54002,44.9625,-92.37135
1629633912,VILLAGE PHARMACY HEALTHCARE INC,ELLSWORTH,WI,54011,44.71608,-92.45864
1114075488,ERICKSONS DIVERSIFIED LLC,NEW RICHMOND,WI,54017,45.11889,-92.52065
1598708620,"HUDSON HOSPITAL, INC.",HUDSON,WI,54016,44.97895,-92.69329
1609969039,JERRYS ENTERPRISES INC,HUDSON,WI,54016,44.97895,-92.69329
1609047869,SHOPKO STORES OPERATING CO LLC,ELLSWORTH,WI,54011,44.71608,-92.45864
1467479519,WAL-MART STORES EAST LP,HUDSON,WI,54016,44.97895,-92.69329
1487672259,WAL-MART STORES EAST LP,NEW RICHMOND,WI,54017,45.11889,-92.52065
1245598283,WALGREEN CO,HUDSON,WI,54016,44.97895,-92.69329
1194747899,WISCONSIN CVS PHARMACY LLC,HUDSON,WI,54016,44.97895,-92.69329
1437334109,BOBROWSKI INDUSTRIES CO,SOMERSET,WI,54025,45.14311,-92.6894
1669535274,DOUGLAS E NYKANEN,OSCEOLA,WI,54020,45.2789,-92.65071
1841348117,ERICKSONS DIVERSIFIED LLC,RIVER FALLS,WI,54022,44.84792,-92.60802
1285926501,LADD MEMORIAL HOSPITAL,OSCEOLA,WI,54020,45.2789,-92.65071
1538219241,MOST PHARMACY INC.,PRESCOTT,WI,54021,44.73898,-92.70967
1669584587,RIVER VALLEY PHARMACY INC,SAINT CROIX FALLS,WI,54024,45.49745,-92.6465
1962457689,SHOPKO STORES OPERATING CO LLC,RIVER FALLS,WI,54022,44.84792,-92.60802
1770982050,ST. CROIX FALLS PHARMACY LLC,SAINT CROIX FALLS,WI,54024,45.49745,-92.6465
1992743348,TANGEN DRUG INC,SAINT CROIX FALLS,WI,54024,45.49745,-92.6465
1457378523,WAL-MART STORES EAST LP,SAINT CROIX FALLS,WI,54024,45.49745,-92.6465
1063537876,WALGREEN CO,RIVER FALLS,WI,54022,44.84792,-92.60802
1255365474,AURORA PHARMACY INC,DE PERE,WI,54115,44.40464,-88.09197
1730749672,DE PERE HOMETOWN PHARMACY LLC,DE PERE,WI,54115,44.40464,-88.09197
1932328242,DEN DIA IV,DE PERE,WI,54115,44.40464,-88.09197
1952890493,MAG RX LLC,COLEMAN,WI,54112,45.04584,-88.04584
1609324045,MEGS PHARMACY INC,FLORENCE,WI,54121,45.86474,-88.31981
1679542062,MEGS PHARMACY INC,CRIVITZ,WI,54114,45.25282,-88.12948
1730135195,SHOPKO STORES OPERATING CO LLC,DE PERE,WI,54115,44.40464,-88.09197
1922386275,SHOPKO STORES OPERATING CO LLC,BRILLION,WI,54110,44.18832,-88.07538
1285680637,SHOPKO STORES OPERATING CO LLC,DE PERE,WI,54115,44.40464,-88.09197
1124031463,VILLAGE PHARMACY INC,COLEMAN,WI,54112,45.04584,-88.04584
1609893775,WAL-MART STORES EAST LP,DE PERE,WI,54115,44.40464,-88.09197
1457398273,WALGREEN CO,DE PERE,WI,54115,44.40464,-88.09197
1871906503,WALGREEN CO,DE PERE,WI,54115,44.40464,-88.09197
1285989178,WISCONSIN CVS PHARMACY LLC,DEPERE,WI,54115,44.40464,-88.09197
1265016059,DICKINSON COUNTY HEALTHCARE SYSTEM,FLORENCE,WI,54121,45.86474,-88.31981
1710225693,ST CLARE MEMORIAL HOSPITAL INC,GILLETT,WI,54124,44.90706,-88.36666
1659305878,AURORA PHARMACY INC,KAUKAUNA,WI,54130,44.31239,-88.24169
1376615575,KAUKAUNA PRESCRIPTION CENTER,KAUKAUNA,WI,54130,44.31239,-88.24169
1447311246,"KIMBERLY PHARMACY, INC.",KIMBERLY,WI,54136,44.26826,-88.33892
1295825313,MORTON DRUG CO INC,KAUKAUNA,WI,54130,44.31239,-88.24169
1851321566,NICOLET PHARMACY INC,LAKEWOOD,WI,54138,45.32936,-88.42985
1114290707,"NICOLET PHARMACY, INC.",LAKEWOOD,WI,54138,45.32936,-88.42985
1083660435,SHOPKO STORES OPERATING CO LLC,KIMBERLY,WI,54136,44.26826,-88.33892
1417168279,WALGREEN CO,KAUKAUNA,WI,54130,44.31239,-88.24169
1487688602,AURORA PHARMACY INC,MARINETTE,WI,54143,45.08657,-87.70086
1811004872,BAY AREA MEDICAL CENTER INC,MARINETTE,WI,54143,45.08657,-87.70086
1023725785,"LEC PHARMA, LLC",MARINETTE,WI,54143,45.08657,-87.70086
1871546705,MARINETTE MENOMINEE PRESCRIPTION CENTER LTD,MARINETTE,WI,54143,45.08657,-87.70086
1851724637,NICHOLAS L SMITH PHARMACY LLC,LITTLE CHUTE,WI,54140,44.28664,-88.31133
1477509826,SHOPKO STORES OPERATING CO LLC,MARINETTE,WI,54143,45.08657,-87.70086
1306397773,SHOPKO STORES OPERATING CO LLC,MARINETTE,WI,54143,45.08657,-87.70086
1710904883,WAL-MART STORES EAST LP,MARINETTE,WI,54143,45.08657,-87.70086
1407861586,WALGREEN CO,LITTLE CHUTE,WI,54140,44.28664,-88.31133
1972518058,WALGREEN CO,MARINETTE,WI,54143,45.08657,-87.70086
1912997081,BENZER WI 1 LLC,OCONTO,WI,54153,44.90181,-87.92149
1467454678,BENZER WI 2 LLC,PESHTIGO,WI,54157,45.04905,-87.81165
1245319912,GWIDT PHARMACY INC,OCONTO FALLS,WI,54154,44.86807,-88.18845
1801262662,PESHTIGO HOMETOWN PHARMACY LLC,PESHTIGO,WI,54157,45.04905,-87.81165
1982922860,SHOPKO STORES OPERATING CO LLC,OCONTO,WI,54153,44.90181,-87.92149
1073536967,"ST CLARE MEMORIAL HOSPITAL, INC.",OCONTO FALLS,WI,54154,44.86807,-88.18845
1487212528,BEL-REGIONAL HOME MEDICAL INC,SEYMOUR,WI,54165,44.51889,-88.32055
1437264488,MANITOWOC PHARMACIES INC,PULASKI,WI,54162,44.66275,-88.27925
1790095099,SHOPKO STORES OPERATING CO LLC,SEYMOUR,WI,54165,44.51889,-88.32055
1003349101,"SHOPKO STORES OPERATING CO., LLC",SHAWANO,WI,54166,44.77703,-88.63245
1306516604,"THEDACARE MEDICAL CENTER - SHAWANO, INC.",SHAWANO,WI,54166,44.77703,-88.63245
1982707089,"THEDACARE, INCORPORATED",SHAWANO,WI,54166,44.77703,-88.63245
1295725687,TLSME INC,SEYMOUR,WI,54165,44.51889,-88.32055
1548287618,WAL-MART STORES EAST LP,SHAWANO,WI,54166,44.77703,-88.63245
1255346326,WALGREEN CO,SHAWANO,WI,54166,44.77703,-88.63245
1790013076,WAUSAUKEE PHARMACY INC,WAUSAUKEE,WI,54177,45.35544,-87.888
1114936051,BEL-REGIONAL HOME MEDICAL INC,WRIGHTSTOWN,WI,54180,44.32639,-88.17479
1912416991,ALGOMA HOMETOWN PHARMACY LLC,ALGOMA,WI,54201,44.62082,-87.49347
1568496784,AURORA PHARMACY INC,ALGOMA,WI,54201,44.62082,-87.49347
1073548046,AURORA PHARMACY INC,KEWAUNEE,WI,54216,44.43696,-87.58065
1326608142,KEWAUNEE HOMETOWN PHARMACY LLC,KEWAUNEE,WI,54216,44.43696,-87.58065
1922104934,"LUXEMBURG PHARMACY, LLC",LUXEMBURG,WI,54217,44.55075,-87.71497
1891014635,SHOPKO STORES OPERATING CO LLC,KEWAUNEE,WI,54216,44.43696,-87.58065
1184658395,AURORA PHARMACY INC,MANITOWOC,WI,54220,44.09757,-87.72976
1568418929,FROEDTERT HEALTH PHARMACY LLC,MANITOWOC,WI,54220,44.09757,-87.72976
1811637127,"FROEDTERT HEALTH PHARMACY, LLC",MANITOWOC,WI,54220,44.09757,-87.72976
1295258200,"LA CLINICA DE LOS CAMPESINOS, INC",SHEBOYGAN,WI,53081,43.71276,-87.74032
1396690285,"LA CLINICA DE LOS CAMPESINOS, INC",MANITOWOC,WI,54220,44.09757,-87.72976
1356352850,MANITOWOC PHARMACIES INC,MANITOWOC,WI,54220,44.09757,-87.72976
1104458140,MEIJER STORES LIMITED PARTNERSHIP,MANITOWOC,WI,54220,44.09757,-87.72976
1851550628,ROUNDYS SUPERMARKETS INC,MANITOWOC,WI,54220,44.09757,-87.72976
1982659157,SHOPKO STORES OPERATING CO LLC,MANITOWOC,WI,54220,44.09757,-87.72976
1811914963,WAL-MART STORES EAST LP,MANITOWOC,WI,54220,44.09757,-87.72976
1306851456,WALGREEN CO,MANITOWOC,WI,54220,44.09757,-87.72976
1346282530,WISCONSIN CVS PHARMACY LLC,MANITOWOC,WI,54220,44.09757,-87.72976
1235163452,AURORA PHARMACY INC,STURGEON BAY,WI,54235,44.84077,-87.37946
1083011530,BAY HOMETOWN PHARMACY LLC,STURGEON BAY,WI,54235,44.84077,-87.37946
1639210362,BAY PHARMACIES INC,STURGEON BAY,WI,54235,44.84077,-87.37946
1265474738,DOOR COUNTY MEMORIAL HOSPITAL,SISTER BAY,WI,54234,45.18253,-87.09228
1609062025,SHOPKO STORES OPERATING CO LLC,SISTER BAY,WI,54234,45.18253,-87.09228
1356800361,SISTER BAY HOMETOWN PHARMACY LLC,SISTER BAY,WI,54234,45.18253,-87.09228
1740392661,SISTER BAY PHARMACY,SISTER BAY,WI,54234,45.18253,-87.09228
1912924069,WAL-MART STORES EAST LP,STURGEON BAY,WI,54235,44.84077,-87.37946
1073528147,WALGREEN CO,STURGEON BAY,WI,54235,44.84077,-87.37946
1043625924,"WISCONSIN CVS PHARMACY, L.L.C.",STURGEON BAY,WI,54235,44.84077,-87.37946
1558395772,AURORA PHARMACY INC,TWO RIVERS,WI,54241,44.21813,-87.59652
1821191974,LAKESHORE APOTHACARE INC,TWO RIVERS,WI,54241,44.21813,-87.59652
1568491413,LAKESHORE APOTHACARE INC.,TWO RIVERS,WI,54241,44.21813,-87.59652
1942211594,PHARMACY SOLUTIONS INC,TWO RIVERS,WI,54241,44.21813,-87.59652
1417962598,WALGREEN CO,TWO RIVERS,WI,54241,44.21813,-87.59652
1760416986,AURORA PHARMACY INC,GREEN BAY,WI,54302,44.50772,-87.97613
1295769412,AURORA PHARMACY INC,GREEN BAY,WI,54303,44.53868,-88.05
1942234166,AURORA PHARMACY INC,ASHWAUBENON,WI,54304,44.49407,-88.0679
1215472089,MEIJER STORES LIMITED PARTNERSHIP,GREEN BAY,WI,54303,44.53868,-88.05
1891022893,ROUNDYS SUPERMARKETS INC,GREEN BAY,WI,54304,44.49407,-88.0679
1043475379,ROUNDYS SUPERMARKETS INC,GREEN BAY,WI,54302,44.50772,-87.97613
1528085693,SAMS EAST INC,GREEN BAY,WI,54303,44.53868,-88.05
1184051948,SHOPKO,GREEN BAY,WI,54304,44.49407,-88.0679
1356505408,SHOPKO STORES OPERATING CO LLC,GREEN BAY,WI,54303,44.53868,-88.05
1982659140,SHOPKO STORES OPERATING CO LLC,GREEN BAY,WI,54303,44.53868,-88.05
1003862442,SHOPKO STORES OPERATING CO LLC,GREEN BAY,WI,54302,44.50772,-87.97613
1386841385,SHOPKO STORES OPERATING CO LLC,GREEN BAY,WI,54304,44.49407,-88.0679
1073568242,SHOPKO STORES OPERATING CO LLC,GREEN BAY,WI,54304,44.49407,-88.0679
1124960307,ST.VINCENT HOSPITAL OF THE HOSPITAL SISTERS OF THE THIRD ORDER OF ST. FRANCIS,GREEN BAY,WI,54301,44.48205,-88.02034
1902823057,WAL-MART STORES EAST LP,GREEN BAY,WI,54303,44.53868,-88.05
1689164725,WALGREEN CO,GREEN BAY,WI,54301,44.48205,-88.02034
1942215090,WALGREEN CO,GREEN BAY,WI,54302,44.50772,-87.97613
1366459307,WALGREEN CO,GREEN BAY,WI,54302,44.50772,-87.97613
1912180894,WALGREEN CO,GREEN BAY,WI,54303,44.53868,-88.05
1770598823,WALGREEN CO,GREEN BAY,WI,54301,44.48205,-88.02034
1932114089,WALGREEN CO,GREEN BAY,WI,54303,44.53868,-88.05
1033124185,WALGREEN CO,GREEN BAY,WI,54304,44.49407,-88.0679
1265473136,WISCONSIN CVS PHARMACY LLC,GREEN BAY,WI,54301,44.48205,-88.02034
1447291315,WISCONSIN CVS PHARMACY LLC,GREEN BAY,WI,54303,44.53868,-88.05
1306134655,WISCONSIN CVS PHARMACY LLC,GREEN BAY,WI,54301,44.48205,-88.02034
1932121530,WISCONSIN CVS PHARMACY LLC,ASHWAUBENON,WI,54304,44.49407,-88.0679
1881637056,WISCONSIN CVS PHARMACY LLC,GREEN BAY,WI,54303,44.53868,-88.05
1164457131,AURORA PHARMACY INC,GREEN BAY,WI,54311,44.48328,-87.89609
1386800597,BEL-REGIONAL HOME MEDICAL INC,GREEN BAY,WI,54313,44.58619,-88.11147
1760628655,BEL-REGIONAL HOME MEDICAL INC,GREEN BAY,WI,54311,44.48328,-87.89609
1235486028,BEL-REGIONAL HOME MEDICAL INC.,GREEN BAY,WI,54311,44.48328,-87.89609
1164864922,COSTCO WHOLESALE CORPORATION,BELLEVUE,WI,54311,44.48328,-87.89609
1104646264,GENOA HEALTHCARE LLC,GREEN BAY,WI,54311,44.48328,-87.89609
1134500226,SALVANZ ENTERPRISES INC,GREEN BAY,WI,54313,44.58619,-88.11147
1831144070,SHOPKO STORES OPERATING CO LLC,GREEN BAY,WI,54313,44.58619,-88.11147
1033392436,SHOPKO STORES OPERATING CO LLC,GREEN BAY,WI,54313,44.58619,-88.11147
1801813969,WAL-MART STORES EAST LP,GREEN BAY,WI,54311,44.48328,-87.89609
1174538243,WALGREEN CO,HOWARD,WI,54313,44.58619,-88.11147
1750303350,WISCONSIN CVS PHARMACY LLC,BELLEVUE,WI,54311,44.48328,-87.89609
1629530837,ABBOTSFORD PHARMACY INC,ABBOTSFORD,WI,54405,44.96139,-90.28741
1679046908,"ASCENSION WISCONSIN PHARMACY, INC.",WAUSAU,WI,54401,44.96559,-89.70676
1720757438,"ASPIRUS RHINELANDER & TOMAHAWK HOSPITALS & CLINICS, INC.",WAUSAU,WI,54401,44.96559,-89.70676
1588766505,"ASPIRUS WAUSAU HOSPITAL, INC.",WAUSAU,WI,54401,44.96559,-89.70676
1124358940,BADGER PHARMACY LLC,WAUSAU,WI,54403,45.03139,-89.51374
1073628020,BADGER PHARMACY LLC,WAUSAU,WI,54403,45.03139,-89.51374
1982130696,BADGER PHARMACY LLC,SCHOFIELD,WI,54476,44.88805,-89.5241
1205164597,BADGER PHARMACY LLC,MERRILL,WI,54452,45.20989,-89.76838
1235059742,CPI WAUSAU LLC,WAUSAU,WI,54403,45.03139,-89.51374
1811084015,F AND J INC,WAUSAU,WI,54403,45.03139,-89.51374
1588778575,JERRYS ENTERPRISES INC,WAUSAU,WI,54401,44.96559,-89.70676
1528999687,LANGLADE HOSPITAL - HOTEL DIEU OF ST. JOSEPH OF ANTIGO WISCONSIN,ANTIGO,WI,54409,45.11913,-89.16997
1174697908,MARSHFIELD CLINIC INC,WAUSAU,WI,54401,44.96559,-89.70676
1407800634,PAMIDA STORES OPERATING CO LLC,ABBOTSFORD,WI,54405,44.96139,-90.28741
1083181960,ROUNDYS SUPERMARKETS INC,WAUSAU,WI,54401,44.96559,-89.70676
1518056100,SAMS EAST INC,WAUSAU,WI,54401,44.96559,-89.70676
1144529058,SHOPKO STORES OPERATING CO LLC,ABBOTSFORD,WI,54405,44.96139,-90.28741
1215983663,SHOPKO STORES OPERATING CO LLC,WAUSAU,WI,54401,44.96559,-89.70676
1346285707,VOSMEK DRUG STORE INC,ANTIGO,WI,54409,45.11913,-89.16997
1619994787,WAL-MART STORES EAST LP,ANTIGO,WI,54409,45.11913,-89.16997
1538186697,WAL-MART STORES EAST LP,WAUSAU,WI,54401,44.96559,-89.70676
1558376459,WALGREEN CO,ANTIGO,WI,54409,45.11913,-89.16997
1386659274,WALGREEN CO,WAUSAU,WI,54401,44.96559,-89.70676
1881974053,WALGREEN CO,WAUSAU,WI,54401,44.96559,-89.70676
1831537869,WISCONSIN CVS PHARMACY LLC,WAUSAU,WI,54401,44.96559,-89.70676
1275902546,BEAVER DAM COMMUNITY HOSPITALS INC,BEAVER DAM,WI,53916,43.45547,-88.85942
1801651369,"FAMILY HEALTH CENTER OF MARSHFIELD, INC.",MARSHFIELD,WI,54449,44.63687,-90.19925
1578314647,FLAMBEAU HOSPITAL INC,PARK FALLS,WI,54552,45.94084,-90.31193
1609190016,MARSHFIELD CLINIC,EAU CLAIRE,WI,54701,44.74438,-91.51058
1649344474,MARSHFIELD CLINIC INC,MERRILL,WI,54452,45.20989,-89.76838
1285708016,MARSHFIELD CLINIC INC,MINOCQUA,WI,54548,45.85982,-89.82106
1003980830,MARSHFIELD CLINIC INC,RICE LAKE,WI,54868,45.52596,-91.71346
1942374764,MARSHFIELD CLINIC INC,MARSHFIELD,WI,54449,44.63687,-90.19925
1427233097,MARSHFIELD CLINIC INC,MOSINEE,WI,54455,44.76579,-89.68458
1245435015,MARSHFIELD CLINIC INC,WESTON,WI,54476,44.88805,-89.5241
1538233366,MARSHFIELD CLINIC INC,LADYSMITH,WI,54848,45.51783,-91.09811
1376616300,MCHS HOSPITALS INC,CHIPPEWA FALLS,WI,54729,44.94402,-91.39495
1457424491,MCHS HOSPITALS INC,MARSHFIELD,WI,54449,44.63687,-90.19925
1952630857,MCHS HOSPITALS INC,MARSHFIELD,WI,54449,44.63687,-90.19925
1679647499,MCHS HOSPITALS INC,EAU CLAIRE,WI,54701,44.74438,-91.51058
1467543165,"MINISTRY HOME CARE SERVICES, LLC",MARSHFIELD,WI,54449,44.63687,-90.19925
1013484997,ROUNDYS SUPERMARKETS INC,MARSHFIELD,WI,54449,44.63687,-90.19925
1528013133,SHOPKO STORES OPERATING CO LLC,MARSHFIELD,WI,54449,44.63687,-90.19925
1356368427,WAL-MART STORES EAST LP,MARSHFIELD,WI,54449,44.63687,-90.19925
1124033279,WALGREEN CO,MARSHFIELD,WI,54449,44.63687,-90.19925
1104002674,ALLEN C LANG,MEDFORD,WI,54451,45.19521,-90.40546
1013132430,"ASPIRUS MEDFORD HOSPITAL & CLINICS, INC.",MEDFORD,WI,54451,45.19521,-90.40546
1013941236,AURORA PHARMACY INC,MERRILL,WI,54452,45.20989,-89.76838
1740214964,AURORA PHARMACY INC,NEKOOSA,WI,54457,44.22743,-89.89145
1780504191,CPI MERRILL LLC,MERRILL,WI,54452,45.20989,-89.76838
1326385220,JOHNSON PHARMACY OF MERRILL LLC,MERRILL,WI,54452,45.20989,-89.76838
1811201742,MEDFORD PHARMACY INC,MEDFORD,WI,54451,45.19521,-90.40546
1689901084,PHILLIPS REEDSBURG PHARMACY INC,NEKOOSA,WI,54457,44.22743,-89.89145
1285688424,SHOPKO STORES OPERATING CO LLC,NEILLSVILLE,WI,54456,44.54707,-90.63589
1679687669,SNITEMAN INC,NEILLSVILLE,WI,54456,44.54707,-90.63589
1558388603,WAL-MART STORES EAST LP,MERRILL,WI,54452,45.20989,-89.76838
1285810614,WAL-MART STORES EAST LP,MEDFORD,WI,54451,45.19521,-90.40546
1538241971,WALGREEN CO,MERRILL,WI,54452,45.20989,-89.76838
1558593269,ALL-AMERICAN ALLERGY ALTERNATIVES,APPLETON,WI,54914,44.26384,-88.47529
1124052345,AURORA PHARMACY INC,PLOVER,WI,54467,44.41621,-89.54175
1457919581,PLOVER HOMETOWN PHARMACY LLC,PLOVER,WI,54467,44.41621,-89.54175
1750707204,ROUNDYS SUPERMARKETS INC,PLOVER,WI,54467,44.41621,-89.54175
1548597545,ROUNDYS SUPERMARKETS INC,PLOVER,WI,54467,44.41621,-89.54175
1386699585,SHOPKO STORES OPERATING CO LLC,PLOVER,WI,54467,44.41621,-89.54175
1083631139,WAL-MART STORES EAST LP,PLOVER,WI,54467,44.41621,-89.54175
1295299394,"ASCENSION WISCONSIN PHARMACY, INC.",WESTON,WI,54476,44.88805,-89.5241
1871527093,AURORA PHARMACY INC,ROTHSCHILD,WI,54474,44.87483,-89.62092
1649212945,DANICK INC,SCHOFIELD,WI,54476,44.88805,-89.5241
1306173307,ROUNDYS SUPERMARKETS INC,ROTHSCHILD,WI,54474,44.87483,-89.62092
1174022545,ROUNDYS SUPERMARKETS INC,SCHOFIELD,WI,54476,44.88805,-89.5241
1023063294,SHOPKO STORES OPERATING CO LLC,ROTHSCHILD,WI,54474,44.87483,-89.62092
1043267933,WALGREEN CO,WESTON,WI,54476,44.88805,-89.5241
1679365720,WALGREEN CO,SCHOFIELD,WI,54476,44.88805,-89.5241
1669494266,WISCONSIN CVS PHARMACY LLC,SCHOFIELD,WI,54476,44.88805,-89.5241
1386115202,"ASCENSION WISCONSIN PHARMACY, INC.",STEVENS POINT,WI,54481,44.51577,-89.63778
1912676628,"ASPIRUS RHINELANDER & TOMAHAWK HOSPITALS & CLINICS, INC.",STEVENS POINT,WI,54481,44.51577,-89.63778
1073548061,AURORA PHARMACY INC,STEVENS POINT,WI,54481,44.51577,-89.63778
1033143250,AURORA PHARMACY INC,STEVENS POINT,WI,54481,44.51577,-89.63778
1245335835,"NORTHBAY PHARMACY, INC",TOMAHAWK,WI,54487,45.50665,-89.76299
1255668257,ROUNDYS SUPERMARKETS INC,STEVENS POINT,WI,54481,44.51577,-89.63778
1710214713,ROUNDYS SUPERMARKETS INC,STEVENS POINT,WI,54481,44.51577,-89.63778
1528323391,ROUNDYS SUPERMARKETS INC,STEVENS POINT,WI,54481,44.51577,-89.63778
1033165485,SHOPKO STORES OPERATING CO LLC,STEVENS POINT,WI,54481,44.51577,-89.63778
1265877435,SHOPKO STORES OPERATING CO LLC,TOMAHAWK,WI,54487,45.50665,-89.76299
1992264667,STEVENS POINT HOMETOWN PHARMACY LLC,STEVENS POINT,WI,54481,44.51577,-89.63778
1760949010,T A SOLBERG CO INC,TOMAHAWK,WI,54487,45.50665,-89.76299
1285045377,TOMAHAWK PHARMACY LLC,TOMAHAWK,WI,54487,45.50665,-89.76299
1063602852,WALGREEN CO,STEVENS POINT,WI,54481,44.51577,-89.63778
1356356422,WALGREEN CO,STEVENS POINT,WI,54481,44.51577,-89.63778
1588698708,AURORA PHARMACY INC,WISCONSIN RAPIDS,WI,54494,44.33908,-89.73768
1407861008,GWIDT PHARMACY INC,WITTENBERG,WI,54499,44.79125,-89.17806
1104179944,LYNJA INC,WISCONSIN RAPIDS,WI,54494,44.33908,-89.73768
1932510427,OWEN-WITHEE PHARMACY INC,WITHEE,WI,54498,45.03348,-90.62445
1609103605,ROUNDYS SUPERMARKETS INC,WISCONSIN RAPIDS,WI,54494,44.33908,-89.73768
1437104049,SHOPKO STORES OPERATING CO LLC,WISCONSIN RAPIDS,WI,54494,44.33908,-89.73768
1508884206,WAL-MART STORES EAST LP,WISCONSIN RAPIDS,WI,54494,44.33908,-89.73768
1881609964,WALGREEN CO,WISCONSIN RAPIDS,WI,54494,44.33908,-89.73768
1407298383,WISCONSIN CVS PHARMACY LLC,WISCONSIN RAPIDS,WI,54494,44.33908,-89.73768
1477024479,"ASCENSION WISCONSIN PHARMACY, INC.",RHINELANDER,WI,54501,45.65303,-89.34502
1558030262,"ASPIRUS RHINELANDER & TOMAHAWK HOSPITALS & CLINICS, INC.",RHINELANDER,WI,54501,45.65303,-89.34502
1700897204,HOWARD A BACKE & THOMAS M ONAN PTR,RHINELANDER,WI,54501,45.65303,-89.34502
1578063707,RHINELANDER HOMETOWN PHARMACY LLC,RHINELANDER,WI,54501,45.65303,-89.34502
1679450845,SCHIEKS HOMETOWN PHARMACY AND WELLNESS,RHINELANDER,WI,54501,45.65303,-89.34502
1871548594,SHOPKO STORES OPERATING CO LLC,RHINELANDER,WI,54501,45.65303,-89.34502
1801873476,STOXEN PHARMACY INC,RHINELANDER,WI,54501,45.65303,-89.34502
1912915240,T A SOLBERG CO INC,RHINELANDER,WI,54501,45.65303,-89.34502
1710904875,WAL-MART STORES EAST LP,RHINELANDER,WI,54501,45.65303,-89.34502
1245245323,WALGREEN CO,RHINELANDER,WI,54501,45.65303,-89.34502
1336295245,MIDE INC.,CRANDON,WI,54520,45.53287,-88.91079
1245246891,T A SOLBERG CO INC,EAGLE RIVER,WI,54521,45.9341,-89.28504
1497766232,WHITE CROSS PHARMACY INC,HURLEY,WI,54534,46.34892,-90.22852
1164215307,"FAMILY HEALTH CENTER OF MARSHFIELD, INC.",MERCER,WI,54547,46.1923,-90.10199
1043228356,T A SOLBERG CO INC,MINOCQUA,WI,54548,45.85982,-89.82106
1275550345,WAL-MART STORES EAST LP,MINOCQUA,WI,54548,45.85982,-89.82106
1831274331,ASPIRUS LILLIAN KERR HEALTH CARE,PHELPS,WI,54554,46.05232,-89.05673
1396779518,AURORA PHARMACY INC,PHILLIPS,WI,54555,45.70662,-90.3978
1487667903,LAKEVIEW PHARMACY INC,PHILLIPS,WI,54555,45.70662,-90.3978
1336476332,ROUNDYS SUPERMARKETS INC,PHILLIPS,WI,54555,45.70662,-90.3978
1104870880,SHOPKO STORES OPERATING CO LLC,PARK FALLS,WI,54552,45.94084,-90.31193
1720224678,DJH INC,THREE LAKES,WI,54562,45.80976,-89.08346
1104285907,MOE DRUGS LLC,THREE LAKES,WI,54562,45.80976,-89.08346
1952316036,WALGREEN CO,WOODRUFF,WI,54568,45.94645,-89.67527
1336177732,DEGEN BERGLUND INC,ONALASKA,WI,54650,43.91066,-91.22523
1316988157,DEGEN BERGLUND INC,HOLMEN,WI,54636,44.00759,-91.22657
1427086826,DEGEN BERGLUND INC,LA CROSSE,WI,54601,43.80439,-91.1425
1629208632,DEGEN-BERGLUND INC,ONALASKA,WI,54650,43.91066,-91.22523
1629490255,GENOA HEALTHCARE LLC,LA CROSSE,WI,54603,43.85705,-91.24708
1548710627,GUNDERSEN CLINIC LTD,LA CROSSE,WI,54601,43.80439,-91.1425
1285351429,GUNDERSEN CLINIC LTD,LA CROSSE,WI,54601,43.80439,-91.1425
1245705441,GUNDERSEN CLINIC LTD,LA CROSSE,WI,54601,43.80439,-91.1425
1073526661,GUNDERSEN CLINIC LTD,LA CROSSE,WI,54601,43.80439,-91.1425
1164433660,"GUNDERSEN CLINIC, LTD.",LA CROSSE,WI,54601,43.80439,-91.1425
1578587606,KCJE FORD INC,LA CROSSE,WI,54601,43.80439,-91.1425
1215948864,MPL INC,LA CROSSE,WI,54601,43.80439,-91.1425
1497299762,PHARMACY COMPOUNDING CENTER ASSOCIATES LLC,LA CROSSE,WI,54601,43.80439,-91.1425
1780781526,QUILLINS QUALITY INC,LA CROSSE,WI,54601,43.80439,-91.1425
1790731438,SHOPKO STORES OPERATING CO LLC,LA CROSSE,WI,54603,43.85705,-91.24708
1093761447,SHOPKO STORES OPERATING CO LLC,LA CROSSE,WI,54601,43.80439,-91.1425
1073606406,VILLAGE BAKE SHOP INC,LA CROSSE,WI,54601,43.80439,-91.1425
1518984681,WAL-MART STORES EAST LP,LA CROSSE,WI,54601,43.80439,-91.1425
1114257706,WALGREEN CO,LA CROSSE,WI,54601,43.80439,-91.1425
1568477461,WALGREEN CO,LA CROSSE,WI,54601,43.80439,-91.1425
1326053406,WALGREEN CO,LA CROSSE,WI,54603,43.85705,-91.24708
1790087427,WALGREEN CO,LA CROSSE,WI,54601,43.80439,-91.1425
1346227642,BLACK RIVER HEALTH INC,BLACK RIVER FALLS,WI,54615,44.26092,-90.78617
1386802718,HO-CHUNK NATION,BLACK RIVER FALLS,WI,54615,44.26092,-90.78617
1255374468,HOGDEN ENTERPRISES INC,BLAIR,WI,54616,44.29961,-91.23187
1225117104,KASSEL CITY DRUG LLC,ALMA,WI,54610,44.3717,-91.83453
1972557106,SHOPKO STORES OPERATING CO LLC,ARCADIA,WI,54612,44.24805,-91.50053
1255414330,WAARVIK DRUG INC,BLACK RIVER FALLS,WI,54615,44.26092,-90.78617
1417975111,WAL-MART STORES EAST LP,BLACK RIVER FALLS,WI,54615,44.26092,-90.78617
1225503428,GUNDERSEN CLINIC LTD,HOLMEN,WI,54636,44.00759,-91.22657
1144246000,PETERSON PHARMACY INC,HILLSBORO,WI,54634,43.59665,-90.42659
1144890435,PHARMACARE LTD,GALESVILLE,WI,54630,44.1009,-91.35798
1871469627,"ST. JOSEPH'S HEALTH SERVICES, INC",HILLSBORO,WI,54634,43.59665,-90.42659
1518352921,VERNON MEMORIAL HEALTHCARE INC,LAFARGE,WI,54639,43.60653,-90.63976
1801746987,"MBMC MAUSTON PHILLIPS, LLC",NECEDAH,WI,54646,44.09002,-90.08963
1740295369,GUNDERSEN CLINIC LTD,ONALASKA,WI,54650,43.91066,-91.22523
1497220693,GUNDERSEN CLINIC LTD,ONALASKA,WI,54650,43.91066,-91.22523
1295781656,SHOPKO STORES OPERATING CO LLC,ONALASKA,WI,54650,43.91066,-91.22523
1528194933,SPARTA PHARMACY LLC.,SPARTA,WI,54656,44.00277,-90.81094
1710904859,WAL-MART STORES EAST LP,SPARTA,WI,54656,44.00277,-90.81094
1629095773,WAL-MART STORES EAST LP,ONALASKA,WI,54650,43.91066,-91.22523
1144235227,WALGREEN CO,SPARTA,WI,54656,44.00277,-90.81094
1841212446,WISCONSIN CVS PHARMACY LLC,ONALASKA,WI,54650,43.91066,-91.22523
1093804122,CLINIC PHARMACY OF WEST SALEM INC,WEST SALEM,WI,54669,43.91175,-91.09104
1952967358,GUNDERSEN CLINIC LTD,TOMAH,WI,54660,43.98256,-90.49021
1790879609,PHARMACY OPERATIONS INC,TOMAH,WI,54660,43.98256,-90.49021
1447222799,PHILLIPS TOMAH PHARMACY INC,TOMAH,WI,54660,43.98256,-90.49021
1619114931,SAINT-MARK ENTERPRISES 1798 LLC,TOMAH,WI,54660,43.98256,-90.49021
1871342303,TOMAH CHEMISTS INC,TOMAH,WI,54660,43.98256,-90.49021
1447427505,VERNON MEMORIAL HEALTHCARE INC,WESTBY,WI,54667,43.66723,-90.85913
1558300632,VERNON MEMORIAL HEALTHCARE INC,VIROQUA,WI,54665,43.52853,-90.92655
1184641227,WAL-MART STORES EAST LP,TOMAH,WI,54660,43.98256,-90.49021
1801813944,WAL-MART STORES EAST LP,VIROQUA,WI,54665,43.52853,-90.92655
1104872407,WALGREEN CO,VIROQUA,WI,54665,43.52853,-90.92655
1770532384,WEST SALEM PHARMACY LLC,WEST SALEM,WI,54669,43.91175,-91.09104
1306526660,COSTCO WHOLESALE CORPORATION,EAU CLAIRE,WI,54703,44.83443,-91.51609
1205237666,"HEALTHDIRECT INSTITUTIONAL PHARMACY SERVICES, INC.",EAU CLAIRE,WI,54701,44.74438,-91.51058
1922364330,SAMS EAST INC,EAU CLAIRE,WI,54701,44.74438,-91.51058
1720034176,SHOPKO STORES OPERATING CO LLC,EAU CLAIRE,WI,54701,44.74438,-91.51058
1184641235,WAL-MART STORES EAST LP,EAU CLAIRE,WI,54701,44.74438,-91.51058
1588671531,WALGREEN CO,EAU CLAIRE,WI,54701,44.74438,-91.51058
1780699835,WALGREEN CO,EAU CLAIRE,WI,54701,44.74438,-91.51058
1902828601,WISCONSIN CVS PHARMACY LLC,EAU CLAIRE,WI,54701,44.74438,-91.51058
1114310885,"WISCONSIN CVS PHARMACY, L.L.C.",EAU CLAIRE,WI,54701,44.74438,-91.51058
1790890747,CHIPPEWA PHARMACY INC,CHIPPEWA FALLS,WI,54729,44.94402,-91.39495
1639574932,CPI MENOMONIE LLC,MENOMONIE,WI,54751,44.85062,-91.93037
1104928902,PHARMACARE LTD,AUGUSTA,WI,54722,44.71502,-91.10299
1184726077,PHARMACARE LTD,BLOOMER,WI,54724,45.10646,-91.48778
1225130032,PHARMACARE LTD,CHETEK,WI,54728,45.30833,-91.63943
1598346587,RIVER PRAIRIE PHARMACY,ALTOONA,WI,54720,44.80403,-91.43549
1053367409,SHOPKO STORES OPERATING CO LLC,CHIPPEWA FALLS,WI,54729,44.94402,-91.39495
1972520047,"WAL-MART STORES EAST , LP",CHIPPEWA FALLS,WI,54729,44.94402,-91.39495
1154336238,WALGREEN CO,CHIPPEWA FALLS,WI,54729,44.94402,-91.39495
1265597272,"CORNELL PHARMACY, INC.",CORNELL,WI,54732,45.14305,-91.17255
1396731592,HEIKE PHARMACY INC,DURAND,WI,54736,44.59978,-91.90719
1023166394,L & P NYBERG LLC,DURAND,WI,54736,44.59978,-91.90719
1710131081,RWG CO INC,CORNELL,WI,54732,45.14305,-91.17255
1144384629,"FALL CREEK PHARMACY, INC.",FALL CREEK,WI,54742,44.765,-91.27075
1023110830,PHARMACARE LTD,MONDOVI,WI,54755,44.57631,-91.68452
1174540223,WAL-MART STORES EAST LP,MENOMONIE,WI,54751,44.85062,-91.93037
1962417048,WALGREEN CO,MENOMONIE,WI,54751,44.85062,-91.93037
1780090415,"WISCONSIN CVS PHARMACY, L.L.C.",MENOMONIE,WI,54751,44.85062,-91.93037
1316601487,"ASCENSION SACRED HEART-ST. MARY'S HOSPITALS, INC.",STANLEY,WI,54768,44.95702,-90.92924
1184182388,"ASCENSION WISCONSIN PHARMACY, INC.",STANLEY,WI,54768,44.95702,-90.92924
1578272266,"ASPIRUS STANLEY HOSPITAL & CLINICS, INC",STANLEY,WI,54768,44.95702,-90.92924
1578811675,SHOPKO STORES OPERATING CO LLC,STANLEY,WI,54768,44.95702,-90.92924
1386772929,"SPRING VALLEY DRUG, INC",SPRING VALLEY,WI,54767,44.82855,-92.26147
1346342144,PHARMACARE LTD,WHITEHALL,WI,54773,44.39256,-91.29405
1477680213,ASHLAND PHARMACY INC,ASHLAND,WI,54806,46.5508,-90.86913
1750446191,"DAVID K & ELLEN SCHMITZ, INC",SPOONER,WI,54801,45.87254,-91.93445
1235207036,J & C STOCK SC,ASHLAND,WI,54806,46.5508,-90.86913
1063445278,RED CROSS PHARMACY,SPOONER,WI,54801,45.87254,-91.93445
1144274812,SHOPKO STORES OPERATING CO LLC,ASHLAND,WI,54806,46.5508,-90.86913
1992722045,WAL-MART STORES EAST LP,ASHLAND,WI,54806,46.5508,-90.86913
1679095277,PHARMACARE LTD,BARRON,WI,54812,45.39678,-91.88238
1275606808,RED CLIFF BAND OF :AKE SUPERIOR,BAYFIELD,WI,54814,46.86052,-90.91781
1093089500,"UNITY PHARMACY, LLC",BALSAM LAKE,WI,54810,45.46026,-92.38174
1942686068,"WISCONSIN CVS PHARMACY, L.L.C.",BARRON,WI,54812,45.39678,-91.88238
1093429821,"CUMBERLAND MEMORIAL HOSPITAL, INC",CUMBERLAND,WI,54829,45.55904,-92.05212
1760594683,D & E INC.,CUMBERLAND,WI,54829,45.55904,-92.05212
1851390496,ISLAND CITY APOTHECARY LTD,CUMBERLAND,WI,54829,45.55904,-92.05212
1245741610,"M & J OF CUMBERLAND, INC.",CUMBERLAND,WI,54829,45.55904,-92.05212
1679991236,FREDERIC PHARMACY LLC,FREDERIC,WI,54837,45.67293,-92.35442
1639263221,PHARMACY OPERATIONS INC,FREDERIC,WI,54837,45.67293,-92.35442
1447497763,SAINT-MARK ENTERPRISES 1855 LLC,FREDERIC,WI,54837,45.67293,-92.35442
1922044411,NORTHERN LAKES COOPERATIVE,HAYWARD,WI,54843,46.02612,-91.29713
1821415258,"RUSK COUNTY PHARMACY, INC",LADYSMITH,WI,54848,45.51783,-91.09811
1598719742,SHOPKO STORES OPERATING CO LLC,LADYSMITH,WI,54848,45.51783,-91.09811
1386759496,"THE DULUTH CLINIC, LTD",HAYWARD,WI,54843,46.02612,-91.29713
1346267416,WAL-MART STORES EAST LP,HAYWARD,WI,54843,46.02612,-91.29713
1447450317,WAL-MART STORES EAST LP,LADYSMITH,WI,54848,45.51783,-91.09811
1023120946,NORWI PHARMACY INC,RICE LAKE,WI,54868,45.52596,-91.71346
1922175066,OSTERBAUER DRUGS LTD,RICE LAKE,WI,54868,45.52596,-91.71346
1780639906,SHOPKO STORES OPERATING CO LLC,RICE LAKE,WI,54868,45.52596,-91.71346
1265451272,WAL-MART STORES EAST LP,RICE LAKE,WI,54868,45.52596,-91.71346
1154579118,WALGREEN CO,RICE LAKE,WI,54868,45.52596,-91.71346
1578644639,HAWKEYE ENTERPRISES LLC,SIREN,WI,54872,45.77019,-92.40008
1992113815,IN THE WOODS APOTHECARY,SIREN,WI,54872,45.77019,-92.40008
1659770113,IN THE WOODS APOTHECARY,SIREN,WI,54872,45.77019,-92.40008
1356413850,SHELL LAKE PHARMACY LTD,SHELL LAKE,WI,54871,45.74345,-92.01353
1861590853,JAMES PHARMACY - TURTLE LAKE LTD,TURTLE LAKE,WI,54889,45.41583,-92.17149
1154437564,"THE DULUTH CLINIC, LTD",SUPERIOR,WI,54880,46.59058,-92.12741
1316615321,"THE DULUTH CLINIC, LTD",SUPERIOR,WI,54880,46.59058,-92.12741
1942816939,"THE DULUTH CLINIC, LTD.",SUPERIOR,WI,54880,46.59058,-92.12741
1871962282,"THE DULUTH CLINIC, LTD.",SUPERIOR,WI,54880,46.59058,-92.12741
1477979326,"THE DULUTH CLINIC, LTD.",SUPERIOR,WI,54880,46.59058,-92.12741
1063881399,"THE DULUTH CLINIC, LTD.",SUPERIOR,WI,54880,46.59058,-92.12741
1538186689,WAL-MART STORES EAST LP,SUPERIOR,WI,54880,46.59058,-92.12741
1215942362,WALGREEN CO,SUPERIOR,WI,54880,46.59058,-92.12741
1366707390,WISCONSIN CVS PHARMACY LLC,SUPERIOR,WI,54880,46.59058,-92.12741
1568522704,BROWNSTONE RX,WASHBURN,WI,54891,46.70092,-90.96518
1497281612,LANGFORD PHARMACY OF WASHBURN,WASHBURN,WI,54891,46.70092,-90.96518
1982649760,YELLOW RIVER PHARMACY INC,WEBSTER,WI,54893,45.87112,-92.30633
1629907332,"ASCENSION WISCONSIN PHARMACY, INC.",OSHKOSH,WI,54904,44.02148,-88.62508
1144159864,"ASCENSION WISCONSIN PHARMACY, INC.",OSHKOSH,WI,54902,43.9493,-88.53969
1093749210,AURORA PHARMACY INC,OSHKOSH,WI,54901,44.06283,-88.53313
1346274560,AURORA PHARMACY INC,OSHKOSH,WI,54902,43.9493,-88.53969
1407880628,AURORA PHARMACY INC,OSHKOSH,WI,54904,44.02148,-88.62508
1700874591,MIRAVIDA LIVING INC,OSHKOSH,WI,54902,43.9493,-88.53969
1104916220,MORTON DRUG CO INC,OSHKOSH,WI,54902,43.9493,-88.53969
1801985585,MORTON DRUG CO INC,OSHKOSH,WI,54901,44.06283,-88.53313
1992894679,MORTON DRUG CO INC,OSHKOSH,WI,54902,43.9493,-88.53969
1710076492,MORTON DRUG CO INC,OSHKOSH,WI,54904,44.02148,-88.62508
1942542535,MURDOCK HOMETOWN PHARMACY LLC,OSHKOSH,WI,54901,44.06283,-88.53313
1942537014,ROUNDYS SUPERMARKETS INC,OSHKOSH,WI,54902,43.9493,-88.53969
1558607283,SAWYER STREET HOMETOWN PHARMACY LLC,OSHKOSH,WI,54902,43.9493,-88.53969
1962458315,SHOPKO STORES OPERATING CO LLC,OSHKOSH,WI,54902,43.9493,-88.53969
1104026343,SMARTSCRIPT PHARMACY LLC,OSHKOSH,WI,54904,44.02148,-88.62508
1215810346,THEDACARE REGIONAL MEDICAL CENTER - APPLETON INC.,OSHKOSH,WI,54902,43.9493,-88.53969
1093732141,WAL-MART STORES EAST LP,OSHKOSH,WI,54904,44.02148,-88.62508
1902811060,WALGREEN CO,OSHKOSH,WI,54901,44.06283,-88.53313
1710992870,WALGREEN CO,OSHKOSH,WI,54902,43.9493,-88.53969
1336154418,WALGREEN CO,OSHKOSH,WI,54904,44.02148,-88.62508
1508299926,WISCONSIN CVS PHARMACY LLC,OSHKOSH,WI,54902,43.9493,-88.53969
1013939610,WISCONSIN CVS PHARMACY LLC,OSHKOSH,WI,54902,43.9493,-88.53969
1255895470,"ASCENSION WISCONSIN PHARMACY, INC.",APPLETON,WI,54915,44.24247,-88.35644
1851325070,AURORA PHARMACY INC,APPLETON,WI,54915,44.24247,-88.35644
1679507891,AURORA PHARMACY INC,APPLETON,WI,54914,44.26384,-88.47529
1902280092,COSTCO WHOLESALE CORPORATION,GRAND CHUTE,WI,54913,44.34148,-88.39996
1003352733,FOX VALLEY HEMATOLOGY & ONCOLOGY S C,APPLETON,WI,54913,44.34148,-88.39996
1306995519,FOX VALLEY PRESCRIPTION CENTERS LTD,APPLETON,WI,54914,44.26384,-88.47529
1972137842,GENOA HEALTHCARE LLC,APPLETON,WI,54914,44.26384,-88.47529
1134520596,"HEALTHDIRECT INSTITUTIONAL PHARMACY SERVICES, INC.",APPLETON,WI,54913,44.34148,-88.39996
1295291045,KIMBERLY HOMETOWN PHARMACY LLC,APPLETON,WI,54915,44.24247,-88.35644
1659872240,MEIJER STORES LIMITED PARTNERSHIP,GRAND CHUTE,WI,54913,44.34148,-88.39996
1215969217,MORTON DRUG CO INC,APPLETON,WI,54915,44.24247,-88.35644
1053645986,MORTON DRUG CO INC,APPLETON,WI,54911,44.2817,-88.38164
1013007137,MORTON DRUG COMPANY INC,APPLETON,WI,54911,44.2817,-88.38164
1427514504,NORTHLAND HOMETOWN PHARMACY LLC,APPLETON,WI,54911,44.2817,-88.38164
1568574481,PAPER VALLEY PHARMACIES,APPLETON,WI,54911,44.2817,-88.38164
1033120688,PAPER VALLEY PHARMACY INC,APPLETON,WI,54915,44.24247,-88.35644
1487895108,ROUNDYS SUPERMARKETS INC,APPLETON,WI,54911,44.2817,-88.38164
1982931986,ROUNDYS SUPERMARKETS INC,GRAND CHUTE,WI,54914,44.26384,-88.47529
1528395522,ROUNDYS SUPERMARKETS INC,APPLETON,WI,54915,44.24247,-88.35644
1982621058,SAMS EAST INC,APPLETON,WI,54914,44.26384,-88.47529
1588846976,SHOPKO STORES OPERATING CO LLC,APPLETON,WI,54913,44.34148,-88.39996
1760665160,SHOPKO STORES OPERATING CO LLC,APPLETON,WI,54915,44.24247,-88.35644
1811943269,SHOPKO STORES OPERATING CO LLC,APPLETON,WI,54914,44.26384,-88.47529
1417627704,THEDACARE REGIONAL MEDICAL CENTER - APPLETON INC.,APPLETON,WI,54911,44.2817,-88.38164
1457023772,"THEDACARE REGIONAL MEDICAL CENTER - APPLETON, INC.",APPLETON,WI,54911,44.2817,-88.38164
1417719667,"THEDACARE REGIONAL MEDICAL CENTER-NEENAH, INC",APPLETON,WI,54915,44.24247,-88.35644
1619524766,UNIVERSITY RX LLC,APPLETON,WI,54911,44.2817,-88.38164
1700803871,WAL-MART STORES EAST LP,APPLETON,WI,54915,44.24247,-88.35644
1629095781,WAL-MART STORES EAST LP,APPLETON,WI,54913,44.34148,-88.39996
1043225196,WALGREEN CO,APPLETON,WI,54914,44.26384,-88.47529
1043225121,WALGREEN CO,GRAND CHUTE,WI,54913,44.34148,-88.39996
1487661302,WALGREEN CO,APPLETON,WI,54915,44.24247,-88.35644
1851529101,WALGREEN CO,APPLETON,WI,54911,44.2817,-88.38164
1346255411,WALGREEN CO,APPLETON,WI,54915,44.24247,-88.35644
1710992888,WALGREEN CO,APPLETON,WI,54914,44.26384,-88.47529
1972769453,WISCONSIN CVS PHARMACY LLC,APPLETON,WI,54915,44.24247,-88.35644
1376899120,WISCONSIN CVS PHARMACY LLC,APPLETON,WI,54913,44.34148,-88.39996
1376565077,WISCONSIN CVS PHARMACY LLC,APPLETON,WI,54915,44.24247,-88.35644
1619918588,WISCONSIN CVS PHARMACY LLC,APPLETON,WI,54914,44.26384,-88.47529
1013092303,FIELD PHARMACY LLC,BERLIN,WI,54923,43.9978,-88.96727
1821042003,SHOPKO STORES OPERATING CO LLC,CLINTONVILLE,WI,54929,44.63661,-88.74009
1174815237,SHREE LAXMI LLC,CLINTONVILLE,WI,54929,44.63661,-88.74009
1043072291,"THEDACARE MEDICAL CENTER - BERLIN, INC.",BERLIN,WI,54923,43.9978,-88.96727
1447277595,WAL-MART STORES EAST LP,BERLIN,WI,54923,43.9978,-88.96727
1891083069,WALGREEN CO,CLINTONVILLE,WI,54929,44.63661,-88.74009
1326013962,AGNESIAN HEALTHCARE INC,FOND DU LAC,WI,54935,43.77424,-88.43516
1104891746,AGNESIAN HEALTHCARE INC,FOND DU LAC,WI,54935,43.77424,-88.43516
1962477588,AGNESIAN HEALTHCARE INC,FOND DU LAC,WI,54935,43.77424,-88.43516
1831123058,AURORA PHARMACY INC,NORTH FOND DU LAC,WI,54937,43.76132,-88.43035
1518991736,AURORA PHARMACY INC,FOND DU LAC,WI,54937,43.76132,-88.43035
1972796340,ROUNDYS SUPERMARKETS INC,FOND DU LAC,WI,54935,43.77424,-88.43516
1801944160,ROUNDYS SUPERMARKETS INC,FOND DU LAC,WI,54935,43.77424,-88.43516
1871549220,SHOPKO STORES OPERATING CO LLC,FOND DU LAC,WI,54935,43.77424,-88.43516
1710904867,WAL-MART STORES EAST LP,FOND DU LAC,WI,54937,43.76132,-88.43035
1649285537,WALGREEN CO,FOND DU LAC,WI,54935,43.77424,-88.43516
1649461252,WALGREEN CO,FOND DU LAC,WI,54935,43.77424,-88.43516
1518377720,WALGREEN CO,FOND DU LAC,WI,54935,43.77424,-88.43516
1003838608,WISCONSIN CVS PHARMACY LLC,FOND DU LAC,WI,54937,43.76132,-88.43035
1578634408,MORTON DRUG CO INC,GREENVILLE,WI,54942,44.29119,-88.54784
1912931130,AURORA PHARMACY INC,MENASHA,WI,54952,44.20034,-88.32884
1649204868,AURORA PHARMACY INC,NEENAH,WI,54956,44.1825,-88.52769
1811086598,MORTON DRUG CO INC,WINNECONNE,WI,54986,44.12078,-88.7475
1184713869,MORTON DRUG CO INC,NEENAH,WI,54956,44.1825,-88.52769
1740221530,MORTON DRUG CO INC,CHILTON,WI,53014,44.02436,-88.175
1275622953,MORTON DRUG CO INC,MENASHA,WI,54952,44.20034,-88.32884
1407108426,NEENAH HOMETOWN PHARMACY LLC,NEENAH,WI,54956,44.1825,-88.52769
1629227020,ROUNDYS SUPERMARKETS INC,NEENAH,WI,54956,44.1825,-88.52769
1508812959,SHOPKO STORES OPERATING CO LLC,MENASHA,WI,54952,44.20034,-88.32884
1386690733,SHOPKO STORES OPERATING CO LLC,NEENAH,WI,54956,44.1825,-88.52769
1336853175,"THEDACARE REGIONAL MEDICAL CENTER-NEENAH, INC.",NEENAH,WI,54956,44.1825,-88.52769
1336166404,WAL-MART STORES EAST LP,NEENAH,WI,54956,44.1825,-88.52769
1134134216,WALGREEN CO,NEENAH,WI,54956,44.1825,-88.52769
1841205994,WALGREEN CO,MENASHA,WI,54952,44.20034,-88.32884
1609883586,WALGREEN CO,NEENAH,WI,54956,44.1825,-88.52769
1639464886,WISCONSIN CVS PHARMACY LLC,NEENAH,WI,54956,44.1825,-88.52769
1275521528,DENNIS L. HUNT PHARMACY INC,OMRO,WI,54963,44.04307,-88.77445
1972648905,PICHELMEYERS INC,NEW LONDON,WI,54961,44.40924,-88.76117
1467526996,"RIVER RUN PHARMACIES, INC",PRINCETON,WI,54968,43.84918,-89.13053
1326917097,SHREE LAXMI VINAYAK LLC,NEW LONDON,WI,54961,44.40924,-88.76117
1295847119,THE PHARMACY OF NEW LONDON INC.,NEW LONDON,WI,54961,44.40924,-88.76117
1942703335,THOMPSONS RX WISCONSIN LLC,NEW LONDON,WI,54961,44.40924,-88.76117
1720005879,WAL-MART STORES EAST LP,NEW LONDON,WI,54961,44.40924,-88.76117
1871787598,WALGREEN CO,NEW LONDON,WI,54961,44.40924,-88.76117
1194804872,RIPON DRUG MANAGEMENT ENTERPRISES INC,RIPON,WI,54971,43.85612,-88.8298
1649285545,WALGREEN CO,RIPON,WI,54971,43.85612,-88.8298
1003840224,AURORA PHARMACY INC,WAUTOMA,WI,54982,44.07214,-89.29132
1376817163,SHOPKO STORES OPERATING CO LLC,WINNECONNE,WI,54986,44.12078,-88.7475
1811941586,SHOPKO STORES OPERATING CO LLC,WAUTOMA,WI,54982,44.07214,-89.29132
1265780464,SHOPKO STORES OPERATING CO LLC,WAUPACA,WI,54981,44.32667,-89.12443
1558618595,SHOPKO STORES OPERATING CO LLC,WAUPACA,WI,54981,44.32667,-89.12443
1255864963,"SHOPKO STORES OPERATING CO., LLC",WAUTOMA,WI,54982,44.07214,-89.29132
1083625586,STRATTON DRUG INC,WAUPACA,WI,54981,44.32667,-89.12443
1558031856,"THEDACARE MEDICAL CENTER - WAUPACA, INC.",WAUPACA,WI,54981,44.32667,-89.12443
1184784159,THEDACARE MEDICAL CENTER-BERLIN INC,WAUTOMA,WI,54982,44.07214,-89.29132
1144235292,WALGREEN CO,WAUPACA,WI,54981,44.32667,-89.12443
1396087243,WAUPACA HOMETOWN PHARMACY LLC,WAUPACA,WI,54981,44.32667,-89.12443
1043269020,"WAUPACA WOODS PHARMACY, INC.",WAUPACA,WI,54981,44.32667,-89.12443
1174187827,WAUTOMA HOMETOWN PHARMACY LLC,WAUTOMA,WI,54982,44.07214,-89.29132
1972060853,WINNECONNE HOMETOWN PHARMACY LLC,WINNECONNE,WI,54986,44.12078,-88.7475
1609864818,ADEL HEALTHMART INC,ADEL,IA,50003,41.61058,-94.04272
1831409846,GRX HOLDINGS LLC,ALTOONA,IA,50009,41.64447,-93.45794
1629568795,HERRON PHARMACY LLC,ADEL,IA,50003,41.61058,-94.04272
1558383299,IOWA CVS PHARMACY LLC,ALTOONA,IA,50009,41.64447,-93.45794
1740395771,IOWA FAMILY PHARMACY INC,ALTOONA,IA,50009,41.64447,-93.45794
1407876204,"PHARMACY SERVICES, INC.",ALTOONA,IA,50009,41.64447,-93.45794
1265526677,SUMPTER PHARMACY INC,ADEL,IA,50003,41.61058,-94.04272
1053326371,WALGREEN CO,ALTOONA,IA,50009,41.64447,-93.45794
1821015215,WALMART INC.,ALTOONA,IA,50009,41.64447,-93.45794
1013207661,FOODS INC,AMES,IA,50010,42.0336,-93.58826
1669408175,GRX HOLDINGS LLC,AMES,IA,50010,42.0336,-93.58826
1962343566,GRX HOLDINGS LLC,AMES,IA,50010,42.0336,-93.58826
1043232770,IOWA CVS PHARMACY LLC,AMES,IA,50010,42.0336,-93.58826
1972521862,NUDAK VENTURES LLC,AMES,IA,50010,42.0336,-93.58826
1437164746,WALGREEN CO,AMES,IA,50010,42.0336,-93.58826
1841472578,WALMART INC.,AMES,IA,50010,42.0336,-93.58826
1023035409,WALMART INC.,AMES,IA,50010,42.0336,-93.58826
1447284666,"ANKENY APOTHECARY, INC.",ANKENY,IA,50021,41.72119,-93.56816
1023755097,CASS COUNTY MEMORIAL HOSPITAL,ATLANTIC,IA,50022,41.41596,-95.0018
1538163399,CATHOLIC HEALTH INITIATIVES-IOWA CORP,ANKENY,IA,50021,41.72119,-93.56816
1457803876,CENTRAL IOWA HOSPITAL CORPORATION,ANKENY,IA,50023,41.73146,-93.63099
1164169090,COSTCO WHOLESALE CORPORATION,ANKENY,IA,50021,41.72119,-93.56816
1316978406,"FOODS, INC",ANKENY,IA,50023,41.73146,-93.63099
1134647100,"GRX HOLDINGS, LLC",ANKENY,IA,50021,41.72119,-93.56816
1598182206,"GRX HOLDINGS, LLC",AUDUBON,IA,50025,41.75791,-94.92352
1013429455,"GUARDIAN PHARMACY OF IOWA, LLC",ANKENY,IA,50023,41.73146,-93.63099
1043556988,IOWA CVS PHARMACY LLC,ANKENY,IA,50021,41.72119,-93.56816
1871515510,IOWA CVS PHARMACY LLC,ANKENY,IA,50021,41.72119,-93.56816
1245281450,"KIMWOOD, INC.",AUDUBON,IA,50025,41.75791,-94.92352
1689006496,MR PHARMACY LLC,ANKENY,IA,50023,41.73146,-93.63099
1518052612,REX PHARMACY INC.,MANNING,IA,51455,41.91142,-95.05564
1245623016,SAMS WEST INC,ANKENY,IA,50021,41.72119,-93.56816
1689626970,SHOPKO STORES OPERATING CO LLC,AUDUBON,IA,50025,41.75791,-94.92352
1598408874,WALGREEN CO,ANKENY,IA,50023,41.73146,-93.63099
1679652655,WALGREEN CO,ANKENY,IA,50021,41.72119,-93.56816
1700891017,WALGREEN CO,ANKENY,IA,50023,41.73146,-93.63099
1750308136,WALMART INC.,ANKENY,IA,50021,41.72119,-93.56816
1902823396,WALMART INC.,ATLANTIC,IA,50022,41.41596,-95.0018
1407962400,HERRALD DRUG INC,BOONE,IA,50036,42.08722,-93.8566
1396782991,KINNE FAMILY PHARMACY INC,BOONE,IA,50036,42.08722,-93.8566
1194816546,KINNE FAMILY PHARMACY INC,BOONE,IA,50036,42.08722,-93.8566
1427241579,WALGREEN CO,BOONE,IA,50036,42.08722,-93.8566
1659398030,WALMART INC.,BOONE,IA,50036,42.08722,-93.8566
1912956020,GRX HOLDINGS LLC,CARLISLE,IA,50047,41.46829,-93.47383
1588616965,SHOPKO STORES OPERATING CO LLC,CHARITON,IA,50049,41.03564,-93.30104
1336105634,RURAL RX LLC,COON RAPIDS,IA,50058,41.85605,-94.6903
1225785066,"SPRING CITY PHARMACY, LLC",COLFAX,IA,50054,41.68833,-93.23502
1336132588,CORYDON PHARMACY INC,CORYDON,IA,50060,40.75342,-93.31808
1972679744,HEG-JORG INC,DALLAS CENTER,IA,50063,41.69932,-93.93612
1457902314,WAYNE COUNTY HOSPITAL,CORYDON,IA,50060,40.75342,-93.31808
1609803964,GRX HOLDINGS LLC,GRIMES,IA,50111,41.69178,-93.80431
1639124845,KJAA INC,GRINNELL,IA,50112,41.7313,-92.71481
1275844854,WALMART INC.,GRIMES,IA,50111,41.69178,-93.80431
1831116326,WALMART INC.,GRINNELL,IA,50112,41.7313,-92.71481
1093764086,GRX HOLDINGS LLC,INDIANOLA,IA,50125,41.33363,-93.57962
1730245093,PHARMGIRLS PC,IOWA FALLS,IA,50126,42.50703,-93.24705
1639173685,RURAL RX LLC,JEFFERSON,IA,50129,42.01447,-94.3768
1972518298,WALGREEN CO,INDIANOLA,IA,50125,41.33363,-93.57962
1649297029,WALMART INC.,IOWA FALLS,IA,50126,42.50703,-93.24705
1194742577,WALMART INC.,INDIANOLA,IA,50125,41.33363,-93.57962
1083708499,WHAS RX LLC,IOWA FALLS,IA,50126,42.50703,-93.24705
1306915400,FREDERICK C & ANN M MARCALUS,JEWELL,IA,50130,42.30249,-93.6722
1629993969,GENOA HEALTHCARE LLC,JOHNSTON,IA,50131,41.69337,-93.71697
1255399663,GRX HOLDINGS LLC,KNOXVILLE,IA,50138,41.30073,-93.10425
1801005368,SUN DRUG VILLAGE SQUARE LTD,JOHNSTON,IA,50131,41.69337,-93.71697
1376619106,SUN DRUG VILLAGE SQUARE LTD,JOHNSTON,IA,50131,41.69337,-93.71697
1326053646,WALGREEN CO,JOHNSTON,IA,50131,41.69337,-93.71697
1649297037,WALMART INC.,KNOXVILLE,IA,50138,41.30073,-93.10425
1952487191,LAMONI VARSITY DRUG,LAMONI,IA,50140,40.64211,-93.98213
1477667442,THOMPSON & THOMPSON LONG TERM CARE INC,LEON,IA,50144,40.73871,-93.74101
1912902024,CC ANDERSON PC,MADRID,IA,50156,41.90298,-93.79847
1457093437,GENOA HEALTHCARE LLC,MARSHALLTOWN,IA,50158,42.05031,-92.90058
1740121334,GRX HOLDINGS LLC,MARSHALLTOWN,IA,50158,42.05031,-92.90058
1851712376,MONTE PHARMACIES LLC,MONTEZUMA,IA,50171,41.58604,-92.52499
1508545344,"NIEDERMANN PHARMACY, INC.",MARSHALLTOWN,IA,50158,42.05031,-92.90058
1356616403,NUDAK VENTURES LLC,MARSHALLTOWN,IA,50158,42.05031,-92.90058
1235456682,"TAZ PHARMACIES CR, LLC",CEDAR RAPIDS,IA,52404,41.9238,-91.69422
1336297332,TAZ PHARMACIES LLP,MARSHALLTOWN,IA,50158,42.05031,-92.90058
1710992029,WALGREEN CO,MARSHALLTOWN,IA,50158,42.05031,-92.90058
1740207133,WALMART INC.,MARSHALLTOWN,IA,50158,42.05031,-92.90058
1922113950,ALEXANDER DRUG CO INC,MONTEZUMA,IA,50171,41.58604,-92.52499
1851232458,GRX HOLDINGS LLC,MONTEZUMA,IA,50171,41.58604,-92.52499
1770044315,"NIEDERMANN PHARMACY, INC.",MONROE,IA,50170,41.52589,-93.12124
1447778253,NUDAK VENTURES LLC,MONTEZUMA,IA,50171,41.58604,-92.52499
1871759662,REMEDY DRUG INC,MONTEZUMA,IA,50171,41.58604,-92.52499
1912068644,FAR BIL INC,NEVADA,IA,50201,42.03506,-93.44454
1326989914,GRX HOLDINGS LLC,NEVADA,IA,50201,42.03506,-93.44454
1154848273,"GRX HOLDINGS, LLC",NEWTON,IA,50208,41.71025,-93.0383
1023054020,HY-VEE INC,NEWTON,IA,50208,41.71025,-93.0383
1316019102,MCCAREY MEDICAL INC,NEWTON,IA,50208,41.71025,-93.0383
1104837616,NUDAK VENTURES LLC,NEVADA,IA,50201,42.03506,-93.44454
1881609105,WALGREEN CO,NEWTON,IA,50208,41.71025,-93.0383
1730106105,WALMART INC.,NEWTON,IA,50208,41.71025,-93.0383
1336213859,DUTCHMEN INCORPORATED,OSCEOLA,IA,50213,41.03205,-93.76611
1124086533,GRX HOLDINGS LLC,NORWALK,IA,50211,41.45582,-93.69179
1578014213,"GRX HOLDINGS, LLC",OGDEN,IA,50212,42.0366,-94.06756
1730500794,"GRX HOLDINGS, LLC",PANORA,IA,50216,41.69629,-94.3484
1194818674,K D ENTERPRISES CO INC,PELLA,IA,50219,41.42365,-92.89833
1821033663,PAMIDA STORES OPERATING CO LLC,OSCEOLA,IA,50213,41.03205,-93.76611
1710071121,PANORA PHARMACY INC,PANORA,IA,50216,41.69629,-94.3484
1932619475,PELLA REGIONAL HEALTH CENTER,PELLA,IA,50219,41.42365,-92.89833
1932599404,PELLA REGIONAL HEALTH CENTER,PELLA,IA,50219,41.42365,-92.89833
1730058751,WALGREEN CO.,PELLA,IA,50219,41.42365,-92.89833
1720264179,WALMART INC.,OSCEOLA,IA,50213,41.03205,-93.76611
1912924382,WALMART INC.,PELLA,IA,50219,41.42365,-92.89833
1669471504,D & N ENTERPRISES LTD,PERRY,IA,50220,41.83609,-94.12296
1881949782,MCROCK INC,POLK CITY,IA,50226,41.79269,-93.70235
1790812337,NORGAARD AND WILLIAMS GENERAL PARTERNERSHIP,POLK CITY,IA,50226,41.79269,-93.70235
1033787445,PELLA REGIONAL HEALTH CENTER,PRAIRIE CITY,IA,50228,41.57869,-93.24221
1902859317,SHOPKO STORES OPERATING CO LLC,PERRY,IA,50220,41.83609,-94.12296
1699864751,FREDERICK C AND ANN M MARCALUS,STRATFORD,IA,50249,42.27289,-93.90139
1205777893,GRX HOLDINGS LLC,STORY CITY,IA,50248,42.19268,-93.61095
1740370667,MONTROSS PHARMACY INC,SAINT CHARLES,IA,50240,41.29506,-93.79469
1124039763,"NUDAK VENTURES, LLC",STORY CITY,IA,50248,42.19268,-93.61095
1982958997,"GRX HOLDINGS, LLC",STUART,IA,50250,41.48281,-94.33906
1407966021,COSTCO WHOLESALE CORPORATION,WEST DES MOINES,IA,50266,41.56942,-93.79934
1497835300,FOODS INC,WEST DES MOINES,IA,50265,41.55553,-93.73736
1801937917,"FOODS, INC",WEST DES MOINES,IA,50265,41.55553,-93.73736
1023044179,GRX HOLDINGS LLC,WAUKEE,IA,50263,41.59562,-93.87241
1285129932,HY-VEE INC,WEST DES MOINES,IA,50266,41.56942,-93.79934
1568404069,HY-VEE INC,MUSCATINE,IA,52761,41.43871,-91.05848
1659555225,HY-VEE INC,STORM LAKE,IA,50588,42.65776,-95.16434
1417121112,HY-VEE INC,WEST DES MOINES,IA,50266,41.56942,-93.79934
1811924962,HY-VEE INC,LEMARS,IA,51031,42.80163,-96.17911
1861221244,IOWA CVS PHARMACY LLC,WAUKEE,IA,50263,41.59562,-93.87241
1649292384,IOWA CVS PHARMACY LLC,WEST DES MOINES,IA,50266,41.56942,-93.79934
1245253566,IOWA CVS PHARMACY LLC,WEST DES MOINES,IA,50266,41.56942,-93.79934
1790229029,NEW LEAF SPECIALTY PHARMACY,WEST DES MOINES,IA,50266,41.56942,-93.79934
1013942788,UNITYPOINT AT HOME,URBANDALE,IA,50322,41.63362,-93.73618
1235144551,WALGREEN CO,WEST DES MOINES,IA,50266,41.56942,-93.79934
1295741882,WALGREEN CO,WEST DES MOINES,IA,50265,41.55553,-93.73736
1528073830,WALGREEN CO,WEST DES MOINES,IA,50265,41.55553,-93.73736
1639196025,WALMART INC.,WEST DES MOINES,IA,50266,41.56942,-93.79934
1821047945,GRX HOLDINGS LLC,WINTERSET,IA,50273,41.32937,-94.05413
1952490500,MONTROSS PHARMACY INC,WINTERSET,IA,50273,41.32937,-94.05413
1477893196,NUDAK VENTURES LLC,ZEARING,IA,50278,42.15018,-93.29745
1578516274,SHOPKO STORES OPERATING CO LLC,WINTERSET,IA,50273,41.32937,-94.05413
1003352949,CENTRAL IOWA HOSPITAL CORPORATION,DES MOINES,IA,50309,41.58487,-93.62063
1104789619,CENTRAL IOWA HOSPITAL CORPORATION,DES MOINES,IA,50309,41.58487,-93.62063
1679340814,DORSEY & WHITNEY LLP,DES MOINES,IA,50309,41.58487,-93.62063
1295833135,DUNN PHARMACY INC,DES MOINES,IA,50309,41.58487,-93.62063
1073583027,HAMMER PHARMACY COMPANY,DES MOINES,IA,50309,41.58487,-93.62063
1720886344,STATE UNIVERSITY OF IOWA,DES MOINES,IA,50309,41.58487,-93.62063
1457366767,WALGREEN CO,DES MOINES,IA,50309,41.58487,-93.62063
1801339635,WALGREEN CO,DES MOINES,IA,50309,41.58487,-93.62063
1124102801,"B&R STORES, INC",DES MOINES,IA,50316,41.60865,-93.59763
1316081938,BAUDER PHARMACY INC,DES MOINES,IA,50312,41.58092,-93.67593
1265573992,CASSADY INC,DES MOINES,IA,50314,41.60535,-93.63122
1003957960,CASSADY INC,DES MOINES,IA,50315,41.54562,-93.62102
1740220490,CATHOLIC HEALTH INITIATIVES-IOWA CORP,DES MOINES,IA,50314,41.60535,-93.63122
1427947845,CENTRAL IOWA HOSPITAL CORPORATION,DES MOINES,IA,50316,41.60865,-93.59763
1669553475,DGS-ACQUISITIONS LLC,DES MOINES,IA,50310,41.62783,-93.67321
1265463400,DGS-ACQUISITIONS LLC,DES MOINES,IA,50310,41.62783,-93.67321
1487671046,DGS-ACQUISITIONS LLC,DES MOINES,IA,50312,41.58092,-93.67593
1699785048,FOODS INC,DES MOINES,IA,50317,41.6163,-93.54711
1902013923,"FOODS, INC",DES MOINES,IA,50310,41.62783,-93.67321
1528017647,GRX HOLDINGS LLC,DES MOINES,IA,50316,41.60865,-93.59763
1679764294,GRX HOLDINGS LLC,DES MOINES,IA,50317,41.6163,-93.54711
1942452230,"GRX HOLDINGS, LLC",DES MOINES,IA,50310,41.62783,-93.67321
1760418941,HY-VEE INC,DES MOINES,IA,50310,41.62783,-93.67321
1962828897,IOWA CVS PHARMACY LLC,DES MOINES,IA,50310,41.62783,-93.67321
1972644847,"PRIMARY HEALTH CARE, INC.",DES MOINES,IA,50314,41.60535,-93.63122
1457405805,STELINHOS BEAVERDALE LLC,DES MOINES,IA,50310,41.62783,-93.67321
1316372253,THOMPSON & THOMPSON LONG TERM CARE INC,DES MOINES,IA,50312,41.58092,-93.67593
1144392937,THRIFT PRESCRIPTIONS INC,DES MOINES,IA,50315,41.54562,-93.62102
1891700100,WALGREEN CO,DES MOINES,IA,50312,41.58092,-93.67593
1043226632,WALGREEN CO,DES MOINES,IA,50317,41.6163,-93.54711
1619982923,WALGREEN CO,DES MOINES,IA,50310,41.62783,-93.67321
1639184948,WALGREEN CO,DES MOINES,IA,50317,41.6163,-93.54711
1245245562,WALGREEN CO,DES MOINES,IA,50316,41.60865,-93.59763
1699780916,WALGREEN CO,DES MOINES,IA,50311,41.60102,-93.67284
1982619292,WALGREEN CO,DES MOINES,IA,50313,41.65465,-93.62155
1164455218,B & R STORES INC,DES MOINES,IA,50321,41.53945,-93.67288
1912055948,"CAREMARK CARECENTER PHARMACY, L.L.C.",URBANDALE,IA,50322,41.63362,-93.73618
1619952926,CATHOLIC HEALTH INITIATIVES-IOWA CORP,CLIVE,IA,50325,41.61465,-93.79823
1013916477,"CRITICAL CARE SYSTEMS, LLC",URBANDALE,IA,50322,41.63362,-93.73618
1356374623,"FOODS, INC",CLIVE,IA,50325,41.61465,-93.79823
1316002744,FORBES PHARMACY CORP,URBANDALE,IA,50322,41.63362,-93.73618
1558202143,GRX HOLDINGS LLC,PLEASANT HILL,IA,50327,41.58155,-93.48471
1598134686,IOWA CVS PHARMACY LLC,URBANDALE,IA,50323,41.63469,-93.81379
1154344471,IOWA CVS PHARMACY LLC,DES MOINES,IA,50322,41.63362,-93.73618
1194747832,IOWA CVS PHARMACY LLC,URBANDALE,IA,50322,41.63362,-93.73618
1023462355,KMART PHARMACY # 4156,URBANDALE,IA,50322,41.63362,-93.73618
1013022045,LVH INC,DES MOINES,IA,50322,41.63362,-93.73618
1366508376,NUDAK VENTURES LLC,PLEASANT HILL,IA,50327,41.58155,-93.48471
1124039631,NUDAK VENTURES LLC,PLEASANT HILL,IA,50327,41.58155,-93.48471
1467479857,SAMS WEST INC,DES MOINES,IA,50324,41.6044,-93.7128
1386535771,STATE UNIVERSITY OF IOWA,URBANDALE,IA,50322,41.63362,-93.73618
1629083936,WALGREEN CO,DES MOINES,IA,50320,41.52873,-93.57062
1548275852,WALGREEN CO,URBANDALE,IA,50322,41.63362,-93.73618
1689680068,WALGREEN CO,URBANDALE,IA,50322,41.63362,-93.73618
1427063742,WALGREEN CO,CLIVE,IA,50325,41.61465,-93.79823
1922014513,WALGREEN CO,DES MOINES,IA,50320,41.52873,-93.57062
1265447577,WALGREEN CO,DES MOINES,IA,50321,41.53945,-93.67288
1831105428,WALGREEN CO,CLIVE,IA,50325,41.61465,-93.79823
1639196017,WALMART INC.,WINDSOR HEIGHTS,IA,50324,41.6044,-93.7128
1720005101,WALMART INC.,DES MOINES,IA,50320,41.52873,-93.57062
1235696634,GENOA HEALTHCARE LLC,MASON CITY,IA,50401,43.15371,-93.20016
1225050958,IOWA CVS PHARMACY LLC,MASON CITY,IA,50401,43.15371,-93.20016
1639625155,MERCY HEALTH SERVICES-IOWA CORP,CLEAR LAKE,IA,50428,43.13775,-93.38988
1659453116,MERCY HEALTH SERVICES-IOWA CORP,SHEFFIELD,IA,50475,42.87944,-93.21844
1003221979,MERCY HEALTH SERVICES-IOWA CORP,GREENE,IA,50636,42.89517,-92.80925
1316909484,MERCY HEALTH SERVICES-IOWA CORP,NORTHWOOD,IA,50459,43.4454,-93.25412
1134204738,MERCY HEALTH SERVICES-IOWA CORP.,MASON CITY,IA,50401,43.15371,-93.20016
1962591370,MERCY HEALTH SERVICES-IOWA CORP.,MASON CITY,IA,50401,43.15371,-93.20016
1639253990,MERCY HEALTH SERVICES-IOWA CORP.,MASON CITY,IA,50401,43.15371,-93.20016
1821285842,"NUCARA LONG TERM CARE PHARMACY, LLC",MASON CITY,IA,50401,43.15371,-93.20016
1619928330,SHOPKO STORES OPERATING CO LLC,MASON CITY,IA,50401,43.15371,-93.20016
1063427383,WALGREEN CO,MASON CITY,IA,50401,43.15371,-93.20016
1114944592,WALMART INC.,MASON CITY,IA,50401,43.15371,-93.20016
1346376530,BLOEMKE PHARMACY,BELMOND,IA,50421,42.84308,-93.62007
1972948727,ELIZABETH-S PHARMACY ON MAIN INC,BRITT,IA,50423,43.10928,-93.81267
1811986565,"FEDDERS ENTERPRISES OF BRITT, LTD",BRITT,IA,50423,43.10928,-93.81267
1609114958,HASCO INC.,CLEAR LAKE,IA,50428,43.13775,-93.38988
1134431984,MR PHARMACY LLC,CLEAR LAKE,IA,50428,43.13775,-93.38988
1215045539,J&J PHARMACY INC,FOREST CITY,IA,50436,43.26285,-93.6634
1851344352,SHOPKO STORES OPERATING CO LLC,FOREST CITY,IA,50436,43.26285,-93.6634
1184786113,"KOERNER-WHIPPLE PHARMACIES, INC.",HAMPTON,IA,50441,42.74141,-93.2211
1164589123,MEDICAL CENTER PHARMACY,HAMPTON,IA,50441,42.74141,-93.2211
1023173259,"R AND D APOTHECARY, INC",HAMPTON,IA,50441,42.74141,-93.2211
1013943224,LAKE MILLS PHARMACY INC,LAKE MILLS,IA,50450,43.42171,-93.52389
1720231954,"REDINGER PHARMACY, LLC",LAKE MILLS,IA,50450,43.42171,-93.52389
1629161062,JMNLD INC,OSAGE,IA,50461,43.2994,-92.81903
1962240481,MITCHELL COUNTY PHARMACIES LLC,RICEVILLE,IA,50466,43.38531,-92.54188
1841072311,MITCHELL COUNTY PHARMACIES LLC,SAINT ANSGAR,IA,50472,43.42206,-92.94688
1043256050,DANIEL PHARMACY INC,FORT DODGE,IA,50501,42.49286,-94.19259
1700809407,"FRIENDSHIP HAVEN, INC",FORT DODGE,IA,50501,42.49286,-94.19259
1053863514,GENOA HEALTHCARE LLC,FORT DODGE,IA,50501,42.49286,-94.19259
1457392359,IOWA CVS PHARMACY LLC,FORT DODGE,IA,50501,42.49286,-94.19259
1205261575,IOWA CVS PHARMACY LLC,FORT DODGE,IA,50501,42.49286,-94.19259
1578089991,TRINITY REGIONAL MEDICAL CENTER,FORT DODGE,IA,50501,42.49286,-94.19259
1366457673,WALGREEN CO,FORT DODGE,IA,50501,42.49286,-94.19259
1841217221,WALMART INC.,FORT DODGE,IA,50501,42.49286,-94.19259
1952312464,BANCROFT PHCY AND HM HEALTH CARE,BANCROFT,IA,50517,43.30284,-94.22974
1619990694,KASSON DRUG INC,ARMSTRONG,IA,50514,43.41603,-94.47186
1295898500,KOSSUTH REGIONAL HEALTH CENTER,ALGONA,IA,50511,43.07388,-94.22014
1386719748,IOWA SPECIALTY HOSPITAL - CLARION,CLARION,IA,50525,42.73648,-93.74724
1518012814,MR PHARMACY LLC,CLARION,IA,50525,42.73648,-93.74724
1316968373,EAGLE GROVE PHARMACY INC,EAGLE GROVE,IA,50533,42.65194,-93.91181
1083798433,FREDERICK C AND ANN MARCALUS,DAYTON,IA,50530,42.26796,-94.04239
1942379367,HUGHES PHARMACY SERVICES INC.,EMMETSBURG,IA,50536,43.1174,-94.70157
1184073520,SHOPKO STORES OPERATING CO LLC,EMMETSBURG,IA,50536,43.1174,-94.70157
1760432637,HUMBOLDT COUNTY HOSPITAL,HUMBOLDT,IA,50548,42.71503,-94.22545
1700808789,LARCAM PHARMACY LTD.,HUMBOLDT,IA,50548,42.71503,-94.22545
1780143016,PHARMA340 LLC,GOWRIE,IA,50543,42.27473,-94.30461
1942337399,LENZ-REICKS PHARMACY INC,MANSON,IA,50563,42.52767,-94.52741
1316406648,PHARMA340 LLC,ROCKWELL CITY,IA,50579,42.39404,-94.63855
1003926809,BEDEL'S INC,STORM LAKE,IA,50588,42.65776,-95.16434
1821154220,BUENA VISTA REGIONAL MEDICAL CENTER,STORM LAKE,IA,50588,42.65776,-95.16434
1629162037,DP & B INC,STORM LAKE,IA,50588,42.65776,-95.16434
1891975033,HY-VEE INC,STORM LAKE,IA,50588,42.65776,-95.16434
1396286753,ONE 2 ONE SAC CITY LLC,SAC CITY,IA,50583,42.43266,-94.98656
1871142422,PHARMA340 LLC,SAC CITY,IA,50583,42.43266,-94.98656
1699956672,WALGREEN CO,STORM LAKE,IA,50588,42.65776,-95.16434
1477570851,WALMART INC.,STORM LAKE,IA,50588,42.65776,-95.16434
1790790301,"WILLIAMS DRUGS, INC",WEBSTER CITY,IA,50595,42.46184,-93.82268
1902956667,ALLISON PHARMACY,ALLISON,IA,50602,42.74109,-92.80312
1033120548,NUDAK VENTURES LLC,ACKLEY,IA,50601,42.56684,-93.05642
1598215659,ALLEN MEMORIAL HOSPITAL CORPORATION,CEDAR FALLS,IA,50613,42.53309,-92.48895
1194887919,ALLIMONT PHARMACIES INC,CLARKSVILLE,IA,50619,42.80178,-92.65563
1013933621,HARMS PHARMACY INC,CHARLES CITY,IA,50616,43.0812,-92.66096
1578798690,IOWA CVS PHARMACY LLC,CEDAR FALLS,IA,50613,42.53309,-92.48895
1568406932,IOWA CVS PHARMACY LLC,CEDAR FALLS,IA,50613,42.53309,-92.48895
1750384624,L&B PHARMACY INC.,CEDAR FALLS,IA,50613,42.53309,-92.48895
1770504722,UNIVERSITY HEALTH SERVICES PHARMACY,CEDAR FALLS,IA,50614,,
1326190927,WALGREEN CO,CEDAR FALLS,IA,50613,42.53309,-92.48895
1932471109,WALGREENS,WATERLOO,IA,50701,42.41584,-92.34144
1386661775,WALMART INC.,CEDAR FALLS,IA,50613,42.53309,-92.48895
1386861482,AHOY CORP,ELDORA,IA,50627,42.35055,-93.09573
1720543812,GREENFIELD PHARMACY LLC,GREENFIELD,IA,50849,41.30326,-94.39942
1174617583,GRX HOLDINGS LLC,ELDORA,IA,50627,42.35055,-93.09573
1033120670,NUDAK VENTURES LLC,WATERLOO,IA,50702,42.45745,-92.31237
1942211586,NUDAK VENTURES LLC,CORALVILLE,IA,52241,41.69869,-91.59474
1497766901,NUDAK VENTURES LLC,TRAER,IA,50675,42.20102,-92.4917
1861403370,NUDAK VENTURES LLC,CONRAD,IA,50621,42.2511,-92.92101
1174682561,NUDAK VENTURES LLC,WEST UNION,IA,52175,42.99396,-91.82561
1437162112,NUDAK VENTURES LLC,CORALVILLE,IA,52241,41.69869,-91.59474
1700987435,NUDAK VENTURES LLC,WATERLOO,IA,50702,42.45745,-92.31237
1164516027,"NUDAK VENTURES, LLC",GRUNDY CENTER,IA,50638,42.35673,-92.79394
1255364469,"NUDAK VENTURES, LLC",LENOX,IA,50851,40.90322,-94.53761
1124192539,RJGRX INC,DENVER,IA,50622,42.67305,-92.3352
1386758357,ALLIMONT PHARMACIES INC,GREENE,IA,50636,42.89517,-92.80925
1396897641,CALTON V AND S PHARMACY,GRUNDY CENTER,IA,50638,42.35673,-92.79394
1396686994,GRX HOLDINGS LLC,GRUNDY CENTER,IA,50638,42.35673,-92.79394
1144701582,MADSEN INC,GLADBROOK,IA,50635,42.20208,-92.69932
1922045632,COVENANT MEDICAL CENTER INC,JESUP,IA,50648,42.45225,-92.09253
1699872267,HARTIG DRUG CO CORP,INDEPENDENCE,IA,50644,42.47638,-91.89355
1609811892,RYAN PHARMACY INC,INDEPENDENCE,IA,50644,42.47638,-91.89355
1003833476,WALMART INC.,INDEPENDENCE,IA,50644,42.47638,-91.89355
1275504979,ALLIMONT PHARMACIES,NASHUA,IA,50658,42.95699,-92.53563
1750423810,BENNETT PHARMACY INC,NEW HAMPTON,IA,50659,43.08814,-92.32253
1497796783,COVENANT MEDICAL CENTER INC,LA PORTE CITY,IA,50651,42.31721,-92.19695
1245325901,GARDNER DRUG INC,NEW HAMPTON,IA,50659,43.08814,-92.32253
1265485858,SHOPKO STORES OPERATING CO LLC,NEW HAMPTON,IA,50659,43.08814,-92.32253
1932257599,BOVY RX,PARKERSBURG,IA,50665,42.58037,-92.77191
1598837387,KRASKO ENTERPRISES INC,OELWEIN,IA,50662,42.6904,-91.93483
1588274302,PEOPLE'S MEMORIAL HOSPITAL,OELWEIN,IA,50662,42.6904,-91.93483
1427302660,REINBECK PHARMACY INC,REINBECK,IA,50669,42.33212,-92.6077
1417031089,"SCHUCHMANNS' PHARMACY, INC.",OELWEIN,IA,50662,42.6904,-91.93483
1699089995,"SHOPKO STORES OPERATING CO., LLC",OELWEIN,IA,50662,42.6904,-91.93483
1184995029,CLAYTON PHARMACY SERVICES,SUMNER,IA,50674,42.84098,-92.11881
1063687580,MCLD CORPORATION,SUMNER,IA,50674,42.84098,-92.11881
1194876581,RYKA INCORPORATED,WAVERLY,IA,50677,42.76264,-92.43273
1215164157,WALGREEN CO,WAVERLY,IA,50677,42.76264,-92.43273
1487671863,WALMART INC.,WAVERLY,IA,50677,42.76264,-92.43273
1134127442,ALLEN MEMORIAL HOSPITAL,WATERLOO,IA,50701,42.41584,-92.34144
1134284565,AMICARE PHARMACY INC,WATERLOO,IA,50701,42.41584,-92.34144
1023505542,BLACKHAWK PHARMACY,EVANSDALE,IA,50707,42.47933,-92.27892
1497796494,COVENANT MEDICAL CENTER INC,WATERLOO,IA,50702,42.45745,-92.31237
1619012382,"EVANSDALE PHARMACY, INC.",EVANSDALE,IA,50707,42.47933,-92.27892
1265529408,"GIRSCH PHARMACIES, INC.",WATERLOO,IA,50701,42.41584,-92.34144
1811084056,GREENWOOD DRUG INC,WATERLOO,IA,50702,42.45745,-92.31237
1871542977,"GREENWOOD DRUG, INC.",WATERLOO,IA,50702,42.45745,-92.31237
1164363743,GRX HOLDINGS LLC,WATERLOO,IA,50702,42.45745,-92.31237
1063353654,GRX HOLDINGS LLC,WATERLOO,IA,50702,42.45745,-92.31237
1831133206,IOWA CVS PHARMACY LLC,WATERLOO,IA,50702,42.45745,-92.31237
1003838749,IOWA CVS PHARMACY LLC,WATERLOO,IA,50702,42.45745,-92.31237
1013923606,WALGREEN CO,WATERLOO,IA,50701,42.41584,-92.34144
1699934562,WALGREEN CO,WATERLOO,IA,50703,42.54851,-92.28049
1790790004,WALGREEN CO,WATERLOO,IA,50701,42.41584,-92.34144
1003833484,WALMART INC.,WATERLOO,IA,50702,42.45745,-92.31237
1447344858,JEFF LONGSTAFF CORPORATION,CRESTON,IA,50801,41.07972,-94.39127
1831116219,WALMART INC.,CRESTON,IA,50801,41.07972,-94.39127
1366457996,BEDFORD DRUG CO INC,BEDFORD,IA,50833,40.6704,-94.70071
1992877518,BAX INC,FONTANELLE,IA,50846,41.30961,-94.56974
1912848516,GRX HOLDINGS LLC,GREENFIELD,IA,50849,41.30326,-94.39942
1275548810,MCMAHON DRUG STORE,CORNING,IA,50841,41.00973,-94.76344
1720112816,SHOPKO STORES OPERATING CO LLC,GREENFIELD,IA,50849,41.30326,-94.39942
1235070830,GRX HOLDINGS LLC,LENOX,IA,50851,40.90322,-94.53761
1477505519,SHOPKO STORES OPERATING CO LLC,MOUNT AYR,IA,50854,40.69107,-94.21526
1013083773,HONEYMAN DRUG STONER DRUG CO INC,VILLISCA,IA,50864,40.97373,-94.98216
1689685190,MILLS PHARMACY PC,ANTHON,IA,51004,42.3761,-95.9147
1770434193,STATELINE APOTHECARY INC,AKRON,IA,51001,42.83311,-96.52235
1174743397,THORSON DRUG INC,AKRON,IA,51001,42.83311,-96.52235
1124268396,CMSRX INC,CHEROKEE,IA,51012,42.74445,-95.56191
1538647797,CMSRX INC,HOLSTEIN,IA,51025,42.49745,-95.55756
1316356827,HY-VEE INC,SIOUX CITY,IA,51105,42.50866,-96.36643
1558785352,HY-VEE INC,IOWA CITY,IA,52240,41.63545,-91.50162
1871538298,VALLEY PHARMACY CORP,CHEROKEE,IA,51012,42.74445,-95.56191
1952343485,BOOTH PHARMACY INC,HAWARDEN,IA,51023,43.01335,-96.45389
1821679044,KINGSLEY DRUG INC,KINGSLEY,IA,51028,42.60001,-95.98665
1467509307,"KINGSLEY PHARMACY, INC",KINGSLEY,IA,51028,42.60001,-95.98665
1093036063,FAMILY FHARMACY INC.,LE MARS,IA,51031,42.80163,-96.17911
1710765433,FLOYD VALLEY HEALTHCARE,LE MARS,IA,51031,42.80163,-96.17911
1861555468,MAIER FAMILY PHARMACY PC,MAPLETON,IA,51034,42.15945,-95.78911
1730288622,MAIER FAMILY PHARMACY PC,MAPLETON,IA,51034,42.15945,-95.78911
1114963592,MOVILLE PHARMACY INC,MOVILLE,IA,51039,42.45685,-96.05389
1285651661,WALMART INC.,LE MARS,IA,51031,42.80163,-96.17911
1972531721,DUTCH MILL CORPORATION,ORANGE CITY,IA,51041,43.02612,-96.07792
1568498947,DUTCH MILL CORPORATION,ORANGE CITY,IA,51041,43.02612,-96.07792
1932657459,DUTCH MILL CORPORATION,ORANGE CITY,IA,51041,43.02612,-96.07792
1356455414,HOMETOWN BUSINESSES INC.,ORANGE CITY,IA,51041,43.02612,-96.07792
1245757160,ORANGE CITY MUNICIPAL HOSPITAL,ORANGE CITY,IA,51041,43.02612,-96.07792
1265485031,SHOPKO STORES OPERATING CO LLC,ONAWA,IA,51040,42.0365,-96.08046
1174515001,STANGEL PHARMACY INC,ONAWA,IA,51040,42.0365,-96.08046
1174664809,STANGEL PHARMACY INC,ONAWA,IA,51040,42.0365,-96.08046
1619982204,PLENCORP,REMSEN,IA,51050,42.79362,-95.94595
1275602518,SERGEANT BLUFF PHARMACY INC,SERGEANT BLUFF,IA,51054,42.37974,-96.33027
1699844548,BURGESS HEALTH CENTER,WHITING,IA,51063,42.14724,-96.17462
1336166214,DRILLING MORNINGSIDE PHARMACY INC,SIOUX CITY,IA,51106,42.46615,-96.32082
1689208829,GENOA HEALTHCARE LLC,SIOUX CITY,IA,51101,42.49406,-96.39361
1841908837,GENOA HEALTHCARE LLC,SIOUX CITY,IA,51106,42.46615,-96.32082
1528137015,GREENVILLE PHARMACY INC,SIOUX CITY,IA,51105,42.50866,-96.36643
1730101478,IOWA CVS PHARMACY LLC,SIOUX CITY,IA,51106,42.46615,-96.32082
1407807118,SHOPKO STORES OPERATING CO LLC,SIOUX CITY,IA,51104,42.53542,-96.40413
1073666202,UNCO CORP,SIOUX CITY,IA,51103,42.51807,-96.4428
1235560020,WALGREEN CO,SIOUX CITY,IA,51104,42.53542,-96.40413
1275548588,WALGREEN CO,SIOUX CITY,IA,51101,42.49406,-96.39361
1154336477,WALGREEN CO,SIOUX CITY,IA,51106,42.46615,-96.32082
1376560763,WALMART INC.,SIOUX CITY,IA,51108,42.5669,-96.35227
1922025303,WALMART INC.,SIOUX CITY,IA,51106,42.46615,-96.32082
1194778688,SHOPKO STORES OPERATING CO LLC,SHELDON,IA,51201,43.18336,-95.86572
1285769489,"PARK PHARMACY, INC.",SIBLEY,IA,51249,43.41257,-95.73207
1265447874,PEMBERS DRUG INC,ROCK VALLEY,IA,51247,43.19133,-96.33947
1154366334,ROCK VALLEY PHCY INC,ROCK VALLEY,IA,51247,43.19133,-96.33947
1295752673,WALMART INC.,SIOUX CENTER,IA,51250,43.08428,-96.2124
1952494114,MEDICAP PHARMACY,SPENCER,IA,51301,43.15289,-95.14724
1225149628,MERCY HEALTH SERVICES-IOWA CORP.,SPENCER,IA,51301,43.15289,-95.14724
1528142627,WALGREEN CO,SPENCER,IA,51301,43.15289,-95.14724
1912924309,WALMART INC.,SPENCER,IA,51301,43.15289,-95.14724
1093750416,ESTHERVILLE DRUG COMPANY INC,ESTHERVILLE,IA,51334,43.4036,-94.80508
1063562890,"ESTHERVILLE PHARMACY, L.L.C.",ESTHERVILLE,IA,51334,43.4036,-94.80508
1730517855,HHP LLC,HARTLEY,IA,51346,43.18233,-95.46082
1508972316,P B R INC,HARTLEY,IA,51346,43.18233,-95.46082
1184639726,MILFORD PHARMACY AND GIFTS,MILFORD,IA,51351,43.31658,-95.18692
1891801627,"P.B.R., INC.",SPIRIT LAKE,IA,51360,43.4425,-95.08759
1487671988,WALMART INC.,SPIRIT LAKE,IA,51360,43.4425,-95.08759
1073819389,"LINCOLN HIGHWAY PHARMACY, INC.",CARROLL,IA,51401,42.06615,-94.86957
1073731931,WALGREEN CO,CARROLL,IA,51401,42.06615,-94.86957
1831116227,WALMART INC.,CARROLL,IA,51401,42.06615,-94.86957
1184719767,"HARRIS DRUG, INC.",LAKE CITY,IA,51449,42.26814,-94.7345
1306544150,PHARMA340 LLC,DUNLAP,IA,51529,41.86033,-95.62573
1235698564,PHARMA340 LLC,LAKE VIEW,IA,51450,42.31322,-95.03107
1063971398,PHARMA340 LLC,LAKE CITY,IA,51449,42.26814,-94.7345
1518320241,"SHOPKO STORES OPERATING CO., LLC",IDA GROVE,IA,51445,42.32447,-95.46452
1295161578,VOGT PHARMACIES INC,IDA GROVE,IA,51445,42.32447,-95.46452
1811914294,WALMART INC.,DENISON,IA,51442,42.03038,-95.35836
1619043056,WOODLAWN PHARMACY,LAKE CITY,IA,51449,42.26814,-94.7345
1821161936,ST ANTHONY WALL LAKE PHARMACY,WALL LAKE,IA,51466,42.25635,-95.10379
1619396835,ALEGENT CREIGHTON HEALTH,COUNCIL BLUFFS,IA,51501,41.22798,-95.87858
1295293744,ALEGENT CREIGHTON HEALTH,COUNCIL BLUFFS,IA,51503,41.23203,-95.77811
1124461363,ALL CARE HEALTH CENTER,COUNCIL BLUFFS,IA,51501,41.22798,-95.87858
1376659078,"B & R STORES, INC",COUNCIL BLUFFS,IA,51503,41.23203,-95.77811
1407092844,IOWA CVS PHARMACY LLC,COUNCIL BLUFFS,IA,51501,41.22798,-95.87858
1194020602,"IOWA CVS PHARMACY, LLC",COUNCIL BLUFFS,IA,51503,41.23203,-95.77811
1538252978,PERKWELL INC,COUNCIL BLUFFS,IA,51501,41.22798,-95.87858
1790799054,PHARMACY EXPRESS SERVICES INC,COUNCIL BLUFFS,IA,51501,41.22798,-95.87858
1255345518,PHARMACY EXPRESS SERVICES INC.,COUNCIL BLUFFS,IA,51503,41.23203,-95.77811
1760374508,PILLPACK LLC,COUNCIL BLUFFS,IA,51501,41.22798,-95.87858
1720005119,SAMS WEST INC,COUNCIL BLUFFS,IA,51501,41.22798,-95.87858
1700042884,SHOPKO STORES OPERATING CO LLC,COUNCIL BLUFFS,IA,51501,41.22798,-95.87858
1871509463,WALGREEN CO,COUNCIL BLFS,IA,51503,41.23203,-95.77811
1720093032,WALGREEN CO,COUNCIL BLFS,IA,51501,41.22798,-95.87858
1083629398,WALGREEN CO,COUNCIL BLUFFS,IA,51503,41.23203,-95.77811
1659398048,WALMART INC.,COUNCIL BLUFFS,IA,51501,41.22798,-95.87858
1821404716,WALMART INC.,COUNCIL BLUFFS,IA,51501,41.22798,-95.87858
1225570856,AVOCA FOOD LAND PHARMACY,AVOCA,IA,51521,41.47835,-95.34466
1013450204,"AVOCA FOOD LAND PHARMACY, INC.",AVOCA,IA,51521,41.47835,-95.34466
1881763738,BURGESS HEALTH CENTER,DUNLAP,IA,51529,41.86033,-95.62573
1295829075,CARLEY DRUG CO,AVOCA,IA,51521,41.47835,-95.34466
1700891397,DOTZLER PHARMACIES INC,MINDEN,IA,51553,41.42089,-95.54653
1316407018,"HARLAN PHARMACY, LLC",HARLAN,IA,51537,41.64756,-95.29293
1639372055,MARGRAMON P C,GLENWOOD,IA,51534,41.04291,-95.71685
1326242850,"RUFFNER PHARMACY, LLC",GLENWOOD,IA,51534,41.04291,-95.71685
1982657912,SHOPKO STORES OPERATING CO LLC,GLENWOOD,IA,51534,41.04291,-95.71685
1073565446,SHOPKO STORES OPERATING CO LLC,HARLAN,IA,51537,41.64756,-95.29293
1821189366,"EBY DRUG STORE (LOGAN), INC",LOGAN,IA,51546,41.64245,-95.77515
1811579329,WITT FAMILY PHARMACY INC.,LOGAN,IA,51546,41.64245,-95.77515
1700942802,"BETTER HEALTH, INC.",MISSOURI VALLEY,IA,51555,41.55841,-95.91921
1104989714,COLLINS DRUG,MALVERN,IA,51551,40.99208,-95.58941
1164727707,LEHAN PHARMACY INC.,MINDEN,IA,51553,41.42089,-95.54653
1770535866,SHOPKO STORES OPERATING CO LLC,MISSOURI VALLEY,IA,51555,41.55841,-95.91921
1104602549,MONTGOMERY COUNTY MEMORIAL HOSPITAL,RED OAK,IA,51566,41.0163,-95.2313
1699887547,MONTGOMERY COUNTY MEMORIAL HOSPITAL,RED OAK,IA,51566,41.0163,-95.2313
1437212149,OAKLAND PHARMACY INC,OAKLAND,IA,51560,41.31712,-95.40166
1912098385,FOOD LAND PHARMACY INC,WOODBINE,IA,51579,41.7467,-95.70341
1609936962,NISHNA VALLEY PHARMACY,SHENANDOAH,IA,51601,40.72616,-95.34978
1447937230,SHENANDOAH MEDICAL CENTER,SHENANDOAH,IA,51601,40.72616,-95.34978
1093732471,WALMART INC.,SHENANDOAH,IA,51601,40.72616,-95.34978
1912952961,CLARINDA ADULT PSYCH HOSP,CLARINDA,IA,51632,40.74694,-95.04956
1558258129,CLARINDA REGIONAL HEALTH CENTER,CLARINDA,IA,51632,40.74694,-95.04956
1689631764,"EASTER ENTERPRISES, INC.",CLARINDA,IA,51632,40.74694,-95.04956
1356435762,PHILL MONT COMPANY,CLARINDA,IA,51632,40.74694,-95.04956
1689717647,TAYLOR PHARMACY REVOC TRUST,CLARINDA,IA,51632,40.74694,-95.04956
1104992866,STONER DRUG CO,HAMBURG,IA,51640,40.6229,-95.65642
1972643914,CONSULTANT PHARMACISTS INC,SIDNEY,IA,51652,40.77031,-95.62757
1851263263,STONER DRUG CO,SIDNEY,IA,51652,40.77031,-95.62757
1184790727,STONER DRUG CO.,TABOR,IA,51653,40.88427,-95.67215
