plan,carrier,metal,market,plan_year,hsa_qualified,deductible_single,deductible_family,oop_max_single,drug,drug_kind,dose,formulary_tier,formulary_flags,covered,thirty_day_price_basis_usd,price_basis,phase,member_pays_usd,how_calculated,cap_usd,member_pays_under_hf3652_usd,monthly_saving_usd,cap_note,plan_source,formulary_source,price_source
"HealthPartners Peak $8,400 HSA Bronze",healthpartners,Bronze,Minnesota individual,2026,yes,8400.00,16800.00,8400.00,levetiracetam 500 mg tablet (generic),generic,500 mg twice daily,2,,yes,4.43,NADAC 2026Q3 median per unit x 2 tablets/day x 30 days,"January, deductible not met",4.43,"full allowed amount, deductible not met (NADAC floor)",25.00,4.43,0.00,"the cap does not apply yet: HSA-qualified plan, so the statute defers to the deductible","Summary of Benefits and Coverage, coverage period 01/01/2026-12/31/2026, doc PSBC-IE181-260101, https://www.healthpartners.com/content/dam/plan/sbc/hp/2026/ie181.pdf. Deductible and out-of-pocket limit, both $8,400 individual / $16,800 family in-network medical and pharmacy: p. 1. Drug rows, all tiers 0% coinsurance: p. 3 of 8. Non-formulary drugs without a formulary exception are listed as an excluded service: p. 6.","HealthPartners, 2026 Formulary (List of covered drugs), Minnesota individual and small group, effective September 1, 2026, 195 pp., https://www.healthpartners.com/content/dam/plan/b2c/pharmacy/comm-2026-formulary-mn-sg-hsanonhsadeductiblecopaycopaycoinsurance-ind-offexchange.pdf Tier key: Seven tiers, named on PDF p. 3: 1 Low-Cost Generics, 2 High-Cost Generics, 3 Preferred Brands, 4 Non-Preferred Generics and Brands, 5 Specialty Generics, 6 Specialty Brands, 7 Oral Chemotherapy, NF Non-Formulary. This drug: PDF p. 33.","data/nadac_asm_30day_cost.csv, snapshot 2026-09-16"
"HealthPartners Peak $8,400 HSA Bronze",healthpartners,Bronze,Minnesota individual,2026,yes,8400.00,16800.00,8400.00,levetiracetam 500 mg tablet (generic),generic,500 mg twice daily,2,,yes,4.43,NADAC 2026Q3 median per unit x 2 tablets/day x 30 days,"mid-year, deductible met",0.00,0% coinsurance on the allowed amount (NADAC floor),25.00,0.00,0.00,capped at $25,"Summary of Benefits and Coverage, coverage period 01/01/2026-12/31/2026, doc PSBC-IE181-260101, https://www.healthpartners.com/content/dam/plan/sbc/hp/2026/ie181.pdf. Deductible and out-of-pocket limit, both $8,400 individual / $16,800 family in-network medical and pharmacy: p. 1. Drug rows, all tiers 0% coinsurance: p. 3 of 8. Non-formulary drugs without a formulary exception are listed as an excluded service: p. 6.","HealthPartners, 2026 Formulary (List of covered drugs), Minnesota individual and small group, effective September 1, 2026, 195 pp., https://www.healthpartners.com/content/dam/plan/b2c/pharmacy/comm-2026-formulary-mn-sg-hsanonhsadeductiblecopaycopaycoinsurance-ind-offexchange.pdf Tier key: Seven tiers, named on PDF p. 3: 1 Low-Cost Generics, 2 High-Cost Generics, 3 Preferred Brands, 4 Non-Preferred Generics and Brands, 5 Specialty Generics, 6 Specialty Brands, 7 Oral Chemotherapy, NF Non-Formulary. This drug: PDF p. 33.","data/nadac_asm_30day_cost.csv, snapshot 2026-09-16"
"HealthPartners Peak $8,400 HSA Bronze",healthpartners,Bronze,Minnesota individual,2026,yes,8400.00,16800.00,8400.00,clobazam 10 mg tablet (generic),generic,10 mg twice daily,2,QL (4 per 1 day),yes,14.84,NADAC 2026Q3 median per unit x 2 tablets/day x 30 days,"January, deductible not met",14.84,"full allowed amount, deductible not met (NADAC floor)",25.00,14.84,0.00,"the cap does not apply yet: HSA-qualified plan, so the statute defers to the deductible","Summary of Benefits and Coverage, coverage period 01/01/2026-12/31/2026, doc PSBC-IE181-260101, https://www.healthpartners.com/content/dam/plan/sbc/hp/2026/ie181.pdf. Deductible and out-of-pocket limit, both $8,400 individual / $16,800 family in-network medical and pharmacy: p. 1. Drug rows, all tiers 0% coinsurance: p. 3 of 8. Non-formulary drugs without a formulary exception are listed as an excluded service: p. 6.","HealthPartners, 2026 Formulary (List of covered drugs), Minnesota individual and small group, effective September 1, 2026, 195 pp., https://www.healthpartners.com/content/dam/plan/b2c/pharmacy/comm-2026-formulary-mn-sg-hsanonhsadeductiblecopaycopaycoinsurance-ind-offexchange.pdf Tier key: Seven tiers, named on PDF p. 3: 1 Low-Cost Generics, 2 High-Cost Generics, 3 Preferred Brands, 4 Non-Preferred Generics and Brands, 5 Specialty Generics, 6 Specialty Brands, 7 Oral Chemotherapy, NF Non-Formulary. This drug: PDF p. 29.","data/nadac_asm_30day_cost.csv, snapshot 2026-09-16"
"HealthPartners Peak $8,400 HSA Bronze",healthpartners,Bronze,Minnesota individual,2026,yes,8400.00,16800.00,8400.00,clobazam 10 mg tablet (generic),generic,10 mg twice daily,2,QL (4 per 1 day),yes,14.84,NADAC 2026Q3 median per unit x 2 tablets/day x 30 days,"mid-year, deductible met",0.00,0% coinsurance on the allowed amount (NADAC floor),25.00,0.00,0.00,capped at $25,"Summary of Benefits and Coverage, coverage period 01/01/2026-12/31/2026, doc PSBC-IE181-260101, https://www.healthpartners.com/content/dam/plan/sbc/hp/2026/ie181.pdf. Deductible and out-of-pocket limit, both $8,400 individual / $16,800 family in-network medical and pharmacy: p. 1. Drug rows, all tiers 0% coinsurance: p. 3 of 8. Non-formulary drugs without a formulary exception are listed as an excluded service: p. 6.","HealthPartners, 2026 Formulary (List of covered drugs), Minnesota individual and small group, effective September 1, 2026, 195 pp., https://www.healthpartners.com/content/dam/plan/b2c/pharmacy/comm-2026-formulary-mn-sg-hsanonhsadeductiblecopaycopaycoinsurance-ind-offexchange.pdf Tier key: Seven tiers, named on PDF p. 3: 1 Low-Cost Generics, 2 High-Cost Generics, 3 Preferred Brands, 4 Non-Preferred Generics and Brands, 5 Specialty Generics, 6 Specialty Brands, 7 Oral Chemotherapy, NF Non-Formulary. This drug: PDF p. 29.","data/nadac_asm_30day_cost.csv, snapshot 2026-09-16"
"HealthPartners Peak $8,400 HSA Bronze",healthpartners,Bronze,Minnesota individual,2026,yes,8400.00,16800.00,8400.00,Onfi 10 mg tablet (brand clobazam),"brand, generic available",10 mg twice daily,NF,PA; QL (4 per 1 day),no,1794.87,NADAC 2026Q3 median per unit x 2 tablets/day x 30 days,"January, deductible not met",1794.87,"marked non-formulary, which the SBC lists as an excluded service: the member pays the whole price (NADAC floor)",25.00,1794.87,0.00,the cap does not reach this: a limit on cost sharing does not make an uncovered drug covered,"Summary of Benefits and Coverage, coverage period 01/01/2026-12/31/2026, doc PSBC-IE181-260101, https://www.healthpartners.com/content/dam/plan/sbc/hp/2026/ie181.pdf. Deductible and out-of-pocket limit, both $8,400 individual / $16,800 family in-network medical and pharmacy: p. 1. Drug rows, all tiers 0% coinsurance: p. 3 of 8. Non-formulary drugs without a formulary exception are listed as an excluded service: p. 6.","HealthPartners, 2026 Formulary (List of covered drugs), Minnesota individual and small group, effective September 1, 2026, 195 pp., https://www.healthpartners.com/content/dam/plan/b2c/pharmacy/comm-2026-formulary-mn-sg-hsanonhsadeductiblecopaycopaycoinsurance-ind-offexchange.pdf Tier key: Seven tiers, named on PDF p. 3: 1 Low-Cost Generics, 2 High-Cost Generics, 3 Preferred Brands, 4 Non-Preferred Generics and Brands, 5 Specialty Generics, 6 Specialty Brands, 7 Oral Chemotherapy, NF Non-Formulary. This drug: PDF p. 33.","data/nadac_asm_30day_cost.csv, snapshot 2026-09-16"
"HealthPartners Peak $8,400 HSA Bronze",healthpartners,Bronze,Minnesota individual,2026,yes,8400.00,16800.00,8400.00,Onfi 10 mg tablet (brand clobazam),"brand, generic available",10 mg twice daily,NF,PA; QL (4 per 1 day),no,1794.87,NADAC 2026Q3 median per unit x 2 tablets/day x 30 days,"mid-year, deductible met",1794.87,"marked non-formulary, which the SBC lists as an excluded service: the member pays the whole price (NADAC floor)",25.00,1794.87,0.00,the cap does not reach this: a limit on cost sharing does not make an uncovered drug covered,"Summary of Benefits and Coverage, coverage period 01/01/2026-12/31/2026, doc PSBC-IE181-260101, https://www.healthpartners.com/content/dam/plan/sbc/hp/2026/ie181.pdf. Deductible and out-of-pocket limit, both $8,400 individual / $16,800 family in-network medical and pharmacy: p. 1. Drug rows, all tiers 0% coinsurance: p. 3 of 8. Non-formulary drugs without a formulary exception are listed as an excluded service: p. 6.","HealthPartners, 2026 Formulary (List of covered drugs), Minnesota individual and small group, effective September 1, 2026, 195 pp., https://www.healthpartners.com/content/dam/plan/b2c/pharmacy/comm-2026-formulary-mn-sg-hsanonhsadeductiblecopaycopaycoinsurance-ind-offexchange.pdf Tier key: Seven tiers, named on PDF p. 3: 1 Low-Cost Generics, 2 High-Cost Generics, 3 Preferred Brands, 4 Non-Preferred Generics and Brands, 5 Specialty Generics, 6 Specialty Brands, 7 Oral Chemotherapy, NF Non-Formulary. This drug: PDF p. 33.","data/nadac_asm_30day_cost.csv, snapshot 2026-09-16"
"HealthPartners Peak $8,400 HSA Bronze",healthpartners,Bronze,Minnesota individual,2026,yes,8400.00,16800.00,8400.00,Xcopri 200 mg tablet (cenobamate),"brand, no generic exists",200 mg once daily,NF,PA; QL (2 per 1 day),no,1196.05,NADAC 2026Q3 median per unit x 1 tablet/day x 30 days,"January, deductible not met",1196.05,"marked non-formulary, which the SBC lists as an excluded service: the member pays the whole price (NADAC floor)",25.00,1196.05,0.00,the cap does not reach this: a limit on cost sharing does not make an uncovered drug covered,"Summary of Benefits and Coverage, coverage period 01/01/2026-12/31/2026, doc PSBC-IE181-260101, https://www.healthpartners.com/content/dam/plan/sbc/hp/2026/ie181.pdf. Deductible and out-of-pocket limit, both $8,400 individual / $16,800 family in-network medical and pharmacy: p. 1. Drug rows, all tiers 0% coinsurance: p. 3 of 8. Non-formulary drugs without a formulary exception are listed as an excluded service: p. 6.","HealthPartners, 2026 Formulary (List of covered drugs), Minnesota individual and small group, effective September 1, 2026, 195 pp., https://www.healthpartners.com/content/dam/plan/b2c/pharmacy/comm-2026-formulary-mn-sg-hsanonhsadeductiblecopaycopaycoinsurance-ind-offexchange.pdf Tier key: Seven tiers, named on PDF p. 3: 1 Low-Cost Generics, 2 High-Cost Generics, 3 Preferred Brands, 4 Non-Preferred Generics and Brands, 5 Specialty Generics, 6 Specialty Brands, 7 Oral Chemotherapy, NF Non-Formulary. This drug: PDF p. 36.","data/nadac_asm_30day_cost.csv, snapshot 2026-09-16"
"HealthPartners Peak $8,400 HSA Bronze",healthpartners,Bronze,Minnesota individual,2026,yes,8400.00,16800.00,8400.00,Xcopri 200 mg tablet (cenobamate),"brand, no generic exists",200 mg once daily,NF,PA; QL (2 per 1 day),no,1196.05,NADAC 2026Q3 median per unit x 1 tablet/day x 30 days,"mid-year, deductible met",1196.05,"marked non-formulary, which the SBC lists as an excluded service: the member pays the whole price (NADAC floor)",25.00,1196.05,0.00,the cap does not reach this: a limit on cost sharing does not make an uncovered drug covered,"Summary of Benefits and Coverage, coverage period 01/01/2026-12/31/2026, doc PSBC-IE181-260101, https://www.healthpartners.com/content/dam/plan/sbc/hp/2026/ie181.pdf. Deductible and out-of-pocket limit, both $8,400 individual / $16,800 family in-network medical and pharmacy: p. 1. Drug rows, all tiers 0% coinsurance: p. 3 of 8. Non-formulary drugs without a formulary exception are listed as an excluded service: p. 6.","HealthPartners, 2026 Formulary (List of covered drugs), Minnesota individual and small group, effective September 1, 2026, 195 pp., https://www.healthpartners.com/content/dam/plan/b2c/pharmacy/comm-2026-formulary-mn-sg-hsanonhsadeductiblecopaycopaycoinsurance-ind-offexchange.pdf Tier key: Seven tiers, named on PDF p. 3: 1 Low-Cost Generics, 2 High-Cost Generics, 3 Preferred Brands, 4 Non-Preferred Generics and Brands, 5 Specialty Generics, 6 Specialty Brands, 7 Oral Chemotherapy, NF Non-Formulary. This drug: PDF p. 36.","data/nadac_asm_30day_cost.csv, snapshot 2026-09-16"
"HealthPartners Peak $8,400 HSA Bronze",healthpartners,Bronze,Minnesota individual,2026,yes,8400.00,16800.00,8400.00,Epidiolex oral solution (cannabidiol),"brand, no generic exists","weight-based, one prescription",NF,PA; specialty; QL (20 per 1 day),no,3739.22,"Minnesota Medicaid 2025 reimbursement per prescription, $7,676,621.69 / 2,053 prescriptions. NOT NADAC: Epidiolex is outside the NADAC survey, which covers retail community pharmacies.","January, deductible not met",3739.22,"marked non-formulary, which the SBC lists as an excluded service: the member pays the whole price (NADAC floor)",25.00,3739.22,0.00,the cap does not reach this: a limit on cost sharing does not make an uncovered drug covered,"Summary of Benefits and Coverage, coverage period 01/01/2026-12/31/2026, doc PSBC-IE181-260101, https://www.healthpartners.com/content/dam/plan/sbc/hp/2026/ie181.pdf. Deductible and out-of-pocket limit, both $8,400 individual / $16,800 family in-network medical and pharmacy: p. 1. Drug rows, all tiers 0% coinsurance: p. 3 of 8. Non-formulary drugs without a formulary exception are listed as an excluded service: p. 6.","HealthPartners, 2026 Formulary (List of covered drugs), Minnesota individual and small group, effective September 1, 2026, 195 pp., https://www.healthpartners.com/content/dam/plan/b2c/pharmacy/comm-2026-formulary-mn-sg-hsanonhsadeductiblecopaycopaycoinsurance-ind-offexchange.pdf Tier key: Seven tiers, named on PDF p. 3: 1 Low-Cost Generics, 2 High-Cost Generics, 3 Preferred Brands, 4 Non-Preferred Generics and Brands, 5 Specialty Generics, 6 Specialty Brands, 7 Oral Chemotherapy, NF Non-Formulary. This drug: PDF p. 30.","data/mn_medicaid_asm_by_year.csv, CMS State Drug Utilization Data 2025"
"HealthPartners Peak $8,400 HSA Bronze",healthpartners,Bronze,Minnesota individual,2026,yes,8400.00,16800.00,8400.00,Epidiolex oral solution (cannabidiol),"brand, no generic exists","weight-based, one prescription",NF,PA; specialty; QL (20 per 1 day),no,3739.22,"Minnesota Medicaid 2025 reimbursement per prescription, $7,676,621.69 / 2,053 prescriptions. NOT NADAC: Epidiolex is outside the NADAC survey, which covers retail community pharmacies.","mid-year, deductible met",3739.22,"marked non-formulary, which the SBC lists as an excluded service: the member pays the whole price (NADAC floor)",25.00,3739.22,0.00,the cap does not reach this: a limit on cost sharing does not make an uncovered drug covered,"Summary of Benefits and Coverage, coverage period 01/01/2026-12/31/2026, doc PSBC-IE181-260101, https://www.healthpartners.com/content/dam/plan/sbc/hp/2026/ie181.pdf. Deductible and out-of-pocket limit, both $8,400 individual / $16,800 family in-network medical and pharmacy: p. 1. Drug rows, all tiers 0% coinsurance: p. 3 of 8. Non-formulary drugs without a formulary exception are listed as an excluded service: p. 6.","HealthPartners, 2026 Formulary (List of covered drugs), Minnesota individual and small group, effective September 1, 2026, 195 pp., https://www.healthpartners.com/content/dam/plan/b2c/pharmacy/comm-2026-formulary-mn-sg-hsanonhsadeductiblecopaycopaycoinsurance-ind-offexchange.pdf Tier key: Seven tiers, named on PDF p. 3: 1 Low-Cost Generics, 2 High-Cost Generics, 3 Preferred Brands, 4 Non-Preferred Generics and Brands, 5 Specialty Generics, 6 Specialty Brands, 7 Oral Chemotherapy, NF Non-Formulary. This drug: PDF p. 30.","data/mn_medicaid_asm_by_year.csv, CMS State Drug Utilization Data 2025"
"HealthPartners Peak $3,000 Silver",healthpartners,Silver,Minnesota individual,2026,no,3000.00,6000.00,10000.00,levetiracetam 500 mg tablet (generic),generic,500 mg twice daily,2,,yes,4.43,NADAC 2026Q3 median per unit x 2 tablets/day x 30 days,"January, deductible not met",25.00,copay $25.00,25.00,25.00,0.00,capped at $25,"Summary of Benefits and Coverage, coverage period 01/01/2026-12/31/2026, doc PSBC-IE176-260101, https://www.healthpartners.com/content/dam/plan/sbc/hp/2026/ie176.pdf. Deductible $3,000 individual / $6,000 family; out-of-pocket limit $10,000 / $20,000 in-network medical and pharmacy: p. 1. Drug rows, p. 3 of 9: ""Generic Low Cost: $5 copay/per prescription, Deductible does not apply at retail""; ""Generic High Cost: $25 copay/per prescription, Deductible does not apply at retail""; preferred brand 25% coinsurance; non-preferred brand 35%; specialty generic 40%; specialty brand 50%. Non-formulary drugs without a formulary exception are an excluded service: p. 6.","HealthPartners, 2026 Formulary (List of covered drugs), Minnesota individual and small group, effective September 1, 2026, 195 pp., https://www.healthpartners.com/content/dam/plan/b2c/pharmacy/comm-2026-formulary-mn-sg-hsanonhsadeductiblecopaycopaycoinsurance-ind-offexchange.pdf Tier key: Seven tiers, named on PDF p. 3: 1 Low-Cost Generics, 2 High-Cost Generics, 3 Preferred Brands, 4 Non-Preferred Generics and Brands, 5 Specialty Generics, 6 Specialty Brands, 7 Oral Chemotherapy, NF Non-Formulary. This drug: PDF p. 33.","data/nadac_asm_30day_cost.csv, snapshot 2026-09-16"
"HealthPartners Peak $3,000 Silver",healthpartners,Silver,Minnesota individual,2026,no,3000.00,6000.00,10000.00,levetiracetam 500 mg tablet (generic),generic,500 mg twice daily,2,,yes,4.43,NADAC 2026Q3 median per unit x 2 tablets/day x 30 days,"mid-year, deductible met",25.00,copay $25.00,25.00,25.00,0.00,capped at $25,"Summary of Benefits and Coverage, coverage period 01/01/2026-12/31/2026, doc PSBC-IE176-260101, https://www.healthpartners.com/content/dam/plan/sbc/hp/2026/ie176.pdf. Deductible $3,000 individual / $6,000 family; out-of-pocket limit $10,000 / $20,000 in-network medical and pharmacy: p. 1. Drug rows, p. 3 of 9: ""Generic Low Cost: $5 copay/per prescription, Deductible does not apply at retail""; ""Generic High Cost: $25 copay/per prescription, Deductible does not apply at retail""; preferred brand 25% coinsurance; non-preferred brand 35%; specialty generic 40%; specialty brand 50%. Non-formulary drugs without a formulary exception are an excluded service: p. 6.","HealthPartners, 2026 Formulary (List of covered drugs), Minnesota individual and small group, effective September 1, 2026, 195 pp., https://www.healthpartners.com/content/dam/plan/b2c/pharmacy/comm-2026-formulary-mn-sg-hsanonhsadeductiblecopaycopaycoinsurance-ind-offexchange.pdf Tier key: Seven tiers, named on PDF p. 3: 1 Low-Cost Generics, 2 High-Cost Generics, 3 Preferred Brands, 4 Non-Preferred Generics and Brands, 5 Specialty Generics, 6 Specialty Brands, 7 Oral Chemotherapy, NF Non-Formulary. This drug: PDF p. 33.","data/nadac_asm_30day_cost.csv, snapshot 2026-09-16"
"HealthPartners Peak $3,000 Silver",healthpartners,Silver,Minnesota individual,2026,no,3000.00,6000.00,10000.00,clobazam 10 mg tablet (generic),generic,10 mg twice daily,2,QL (4 per 1 day),yes,14.84,NADAC 2026Q3 median per unit x 2 tablets/day x 30 days,"January, deductible not met",25.00,copay $25.00,25.00,25.00,0.00,capped at $25,"Summary of Benefits and Coverage, coverage period 01/01/2026-12/31/2026, doc PSBC-IE176-260101, https://www.healthpartners.com/content/dam/plan/sbc/hp/2026/ie176.pdf. Deductible $3,000 individual / $6,000 family; out-of-pocket limit $10,000 / $20,000 in-network medical and pharmacy: p. 1. Drug rows, p. 3 of 9: ""Generic Low Cost: $5 copay/per prescription, Deductible does not apply at retail""; ""Generic High Cost: $25 copay/per prescription, Deductible does not apply at retail""; preferred brand 25% coinsurance; non-preferred brand 35%; specialty generic 40%; specialty brand 50%. Non-formulary drugs without a formulary exception are an excluded service: p. 6.","HealthPartners, 2026 Formulary (List of covered drugs), Minnesota individual and small group, effective September 1, 2026, 195 pp., https://www.healthpartners.com/content/dam/plan/b2c/pharmacy/comm-2026-formulary-mn-sg-hsanonhsadeductiblecopaycopaycoinsurance-ind-offexchange.pdf Tier key: Seven tiers, named on PDF p. 3: 1 Low-Cost Generics, 2 High-Cost Generics, 3 Preferred Brands, 4 Non-Preferred Generics and Brands, 5 Specialty Generics, 6 Specialty Brands, 7 Oral Chemotherapy, NF Non-Formulary. This drug: PDF p. 29.","data/nadac_asm_30day_cost.csv, snapshot 2026-09-16"
"HealthPartners Peak $3,000 Silver",healthpartners,Silver,Minnesota individual,2026,no,3000.00,6000.00,10000.00,clobazam 10 mg tablet (generic),generic,10 mg twice daily,2,QL (4 per 1 day),yes,14.84,NADAC 2026Q3 median per unit x 2 tablets/day x 30 days,"mid-year, deductible met",25.00,copay $25.00,25.00,25.00,0.00,capped at $25,"Summary of Benefits and Coverage, coverage period 01/01/2026-12/31/2026, doc PSBC-IE176-260101, https://www.healthpartners.com/content/dam/plan/sbc/hp/2026/ie176.pdf. Deductible $3,000 individual / $6,000 family; out-of-pocket limit $10,000 / $20,000 in-network medical and pharmacy: p. 1. Drug rows, p. 3 of 9: ""Generic Low Cost: $5 copay/per prescription, Deductible does not apply at retail""; ""Generic High Cost: $25 copay/per prescription, Deductible does not apply at retail""; preferred brand 25% coinsurance; non-preferred brand 35%; specialty generic 40%; specialty brand 50%. Non-formulary drugs without a formulary exception are an excluded service: p. 6.","HealthPartners, 2026 Formulary (List of covered drugs), Minnesota individual and small group, effective September 1, 2026, 195 pp., https://www.healthpartners.com/content/dam/plan/b2c/pharmacy/comm-2026-formulary-mn-sg-hsanonhsadeductiblecopaycopaycoinsurance-ind-offexchange.pdf Tier key: Seven tiers, named on PDF p. 3: 1 Low-Cost Generics, 2 High-Cost Generics, 3 Preferred Brands, 4 Non-Preferred Generics and Brands, 5 Specialty Generics, 6 Specialty Brands, 7 Oral Chemotherapy, NF Non-Formulary. This drug: PDF p. 29.","data/nadac_asm_30day_cost.csv, snapshot 2026-09-16"
"HealthPartners Peak $3,000 Silver",healthpartners,Silver,Minnesota individual,2026,no,3000.00,6000.00,10000.00,Onfi 10 mg tablet (brand clobazam),"brand, generic available",10 mg twice daily,NF,PA; QL (4 per 1 day),no,1794.87,NADAC 2026Q3 median per unit x 2 tablets/day x 30 days,"January, deductible not met",1794.87,"marked non-formulary, which the SBC lists as an excluded service: the member pays the whole price (NADAC floor)",25.00,1794.87,0.00,the cap does not reach this: a limit on cost sharing does not make an uncovered drug covered,"Summary of Benefits and Coverage, coverage period 01/01/2026-12/31/2026, doc PSBC-IE176-260101, https://www.healthpartners.com/content/dam/plan/sbc/hp/2026/ie176.pdf. Deductible $3,000 individual / $6,000 family; out-of-pocket limit $10,000 / $20,000 in-network medical and pharmacy: p. 1. Drug rows, p. 3 of 9: ""Generic Low Cost: $5 copay/per prescription, Deductible does not apply at retail""; ""Generic High Cost: $25 copay/per prescription, Deductible does not apply at retail""; preferred brand 25% coinsurance; non-preferred brand 35%; specialty generic 40%; specialty brand 50%. Non-formulary drugs without a formulary exception are an excluded service: p. 6.","HealthPartners, 2026 Formulary (List of covered drugs), Minnesota individual and small group, effective September 1, 2026, 195 pp., https://www.healthpartners.com/content/dam/plan/b2c/pharmacy/comm-2026-formulary-mn-sg-hsanonhsadeductiblecopaycopaycoinsurance-ind-offexchange.pdf Tier key: Seven tiers, named on PDF p. 3: 1 Low-Cost Generics, 2 High-Cost Generics, 3 Preferred Brands, 4 Non-Preferred Generics and Brands, 5 Specialty Generics, 6 Specialty Brands, 7 Oral Chemotherapy, NF Non-Formulary. This drug: PDF p. 33.","data/nadac_asm_30day_cost.csv, snapshot 2026-09-16"
"HealthPartners Peak $3,000 Silver",healthpartners,Silver,Minnesota individual,2026,no,3000.00,6000.00,10000.00,Onfi 10 mg tablet (brand clobazam),"brand, generic available",10 mg twice daily,NF,PA; QL (4 per 1 day),no,1794.87,NADAC 2026Q3 median per unit x 2 tablets/day x 30 days,"mid-year, deductible met",1794.87,"marked non-formulary, which the SBC lists as an excluded service: the member pays the whole price (NADAC floor)",25.00,1794.87,0.00,the cap does not reach this: a limit on cost sharing does not make an uncovered drug covered,"Summary of Benefits and Coverage, coverage period 01/01/2026-12/31/2026, doc PSBC-IE176-260101, https://www.healthpartners.com/content/dam/plan/sbc/hp/2026/ie176.pdf. Deductible $3,000 individual / $6,000 family; out-of-pocket limit $10,000 / $20,000 in-network medical and pharmacy: p. 1. Drug rows, p. 3 of 9: ""Generic Low Cost: $5 copay/per prescription, Deductible does not apply at retail""; ""Generic High Cost: $25 copay/per prescription, Deductible does not apply at retail""; preferred brand 25% coinsurance; non-preferred brand 35%; specialty generic 40%; specialty brand 50%. Non-formulary drugs without a formulary exception are an excluded service: p. 6.","HealthPartners, 2026 Formulary (List of covered drugs), Minnesota individual and small group, effective September 1, 2026, 195 pp., https://www.healthpartners.com/content/dam/plan/b2c/pharmacy/comm-2026-formulary-mn-sg-hsanonhsadeductiblecopaycopaycoinsurance-ind-offexchange.pdf Tier key: Seven tiers, named on PDF p. 3: 1 Low-Cost Generics, 2 High-Cost Generics, 3 Preferred Brands, 4 Non-Preferred Generics and Brands, 5 Specialty Generics, 6 Specialty Brands, 7 Oral Chemotherapy, NF Non-Formulary. This drug: PDF p. 33.","data/nadac_asm_30day_cost.csv, snapshot 2026-09-16"
"HealthPartners Peak $3,000 Silver",healthpartners,Silver,Minnesota individual,2026,no,3000.00,6000.00,10000.00,Xcopri 200 mg tablet (cenobamate),"brand, no generic exists",200 mg once daily,NF,PA; QL (2 per 1 day),no,1196.05,NADAC 2026Q3 median per unit x 1 tablet/day x 30 days,"January, deductible not met",1196.05,"marked non-formulary, which the SBC lists as an excluded service: the member pays the whole price (NADAC floor)",25.00,1196.05,0.00,the cap does not reach this: a limit on cost sharing does not make an uncovered drug covered,"Summary of Benefits and Coverage, coverage period 01/01/2026-12/31/2026, doc PSBC-IE176-260101, https://www.healthpartners.com/content/dam/plan/sbc/hp/2026/ie176.pdf. Deductible $3,000 individual / $6,000 family; out-of-pocket limit $10,000 / $20,000 in-network medical and pharmacy: p. 1. Drug rows, p. 3 of 9: ""Generic Low Cost: $5 copay/per prescription, Deductible does not apply at retail""; ""Generic High Cost: $25 copay/per prescription, Deductible does not apply at retail""; preferred brand 25% coinsurance; non-preferred brand 35%; specialty generic 40%; specialty brand 50%. Non-formulary drugs without a formulary exception are an excluded service: p. 6.","HealthPartners, 2026 Formulary (List of covered drugs), Minnesota individual and small group, effective September 1, 2026, 195 pp., https://www.healthpartners.com/content/dam/plan/b2c/pharmacy/comm-2026-formulary-mn-sg-hsanonhsadeductiblecopaycopaycoinsurance-ind-offexchange.pdf Tier key: Seven tiers, named on PDF p. 3: 1 Low-Cost Generics, 2 High-Cost Generics, 3 Preferred Brands, 4 Non-Preferred Generics and Brands, 5 Specialty Generics, 6 Specialty Brands, 7 Oral Chemotherapy, NF Non-Formulary. This drug: PDF p. 36.","data/nadac_asm_30day_cost.csv, snapshot 2026-09-16"
"HealthPartners Peak $3,000 Silver",healthpartners,Silver,Minnesota individual,2026,no,3000.00,6000.00,10000.00,Xcopri 200 mg tablet (cenobamate),"brand, no generic exists",200 mg once daily,NF,PA; QL (2 per 1 day),no,1196.05,NADAC 2026Q3 median per unit x 1 tablet/day x 30 days,"mid-year, deductible met",1196.05,"marked non-formulary, which the SBC lists as an excluded service: the member pays the whole price (NADAC floor)",25.00,1196.05,0.00,the cap does not reach this: a limit on cost sharing does not make an uncovered drug covered,"Summary of Benefits and Coverage, coverage period 01/01/2026-12/31/2026, doc PSBC-IE176-260101, https://www.healthpartners.com/content/dam/plan/sbc/hp/2026/ie176.pdf. Deductible $3,000 individual / $6,000 family; out-of-pocket limit $10,000 / $20,000 in-network medical and pharmacy: p. 1. Drug rows, p. 3 of 9: ""Generic Low Cost: $5 copay/per prescription, Deductible does not apply at retail""; ""Generic High Cost: $25 copay/per prescription, Deductible does not apply at retail""; preferred brand 25% coinsurance; non-preferred brand 35%; specialty generic 40%; specialty brand 50%. Non-formulary drugs without a formulary exception are an excluded service: p. 6.","HealthPartners, 2026 Formulary (List of covered drugs), Minnesota individual and small group, effective September 1, 2026, 195 pp., https://www.healthpartners.com/content/dam/plan/b2c/pharmacy/comm-2026-formulary-mn-sg-hsanonhsadeductiblecopaycopaycoinsurance-ind-offexchange.pdf Tier key: Seven tiers, named on PDF p. 3: 1 Low-Cost Generics, 2 High-Cost Generics, 3 Preferred Brands, 4 Non-Preferred Generics and Brands, 5 Specialty Generics, 6 Specialty Brands, 7 Oral Chemotherapy, NF Non-Formulary. This drug: PDF p. 36.","data/nadac_asm_30day_cost.csv, snapshot 2026-09-16"
"HealthPartners Peak $3,000 Silver",healthpartners,Silver,Minnesota individual,2026,no,3000.00,6000.00,10000.00,Epidiolex oral solution (cannabidiol),"brand, no generic exists","weight-based, one prescription",NF,PA; specialty; QL (20 per 1 day),no,3739.22,"Minnesota Medicaid 2025 reimbursement per prescription, $7,676,621.69 / 2,053 prescriptions. NOT NADAC: Epidiolex is outside the NADAC survey, which covers retail community pharmacies.","January, deductible not met",3739.22,"marked non-formulary, which the SBC lists as an excluded service: the member pays the whole price (NADAC floor)",25.00,3739.22,0.00,the cap does not reach this: a limit on cost sharing does not make an uncovered drug covered,"Summary of Benefits and Coverage, coverage period 01/01/2026-12/31/2026, doc PSBC-IE176-260101, https://www.healthpartners.com/content/dam/plan/sbc/hp/2026/ie176.pdf. Deductible $3,000 individual / $6,000 family; out-of-pocket limit $10,000 / $20,000 in-network medical and pharmacy: p. 1. Drug rows, p. 3 of 9: ""Generic Low Cost: $5 copay/per prescription, Deductible does not apply at retail""; ""Generic High Cost: $25 copay/per prescription, Deductible does not apply at retail""; preferred brand 25% coinsurance; non-preferred brand 35%; specialty generic 40%; specialty brand 50%. Non-formulary drugs without a formulary exception are an excluded service: p. 6.","HealthPartners, 2026 Formulary (List of covered drugs), Minnesota individual and small group, effective September 1, 2026, 195 pp., https://www.healthpartners.com/content/dam/plan/b2c/pharmacy/comm-2026-formulary-mn-sg-hsanonhsadeductiblecopaycopaycoinsurance-ind-offexchange.pdf Tier key: Seven tiers, named on PDF p. 3: 1 Low-Cost Generics, 2 High-Cost Generics, 3 Preferred Brands, 4 Non-Preferred Generics and Brands, 5 Specialty Generics, 6 Specialty Brands, 7 Oral Chemotherapy, NF Non-Formulary. This drug: PDF p. 30.","data/mn_medicaid_asm_by_year.csv, CMS State Drug Utilization Data 2025"
"HealthPartners Peak $3,000 Silver",healthpartners,Silver,Minnesota individual,2026,no,3000.00,6000.00,10000.00,Epidiolex oral solution (cannabidiol),"brand, no generic exists","weight-based, one prescription",NF,PA; specialty; QL (20 per 1 day),no,3739.22,"Minnesota Medicaid 2025 reimbursement per prescription, $7,676,621.69 / 2,053 prescriptions. NOT NADAC: Epidiolex is outside the NADAC survey, which covers retail community pharmacies.","mid-year, deductible met",3739.22,"marked non-formulary, which the SBC lists as an excluded service: the member pays the whole price (NADAC floor)",25.00,3739.22,0.00,the cap does not reach this: a limit on cost sharing does not make an uncovered drug covered,"Summary of Benefits and Coverage, coverage period 01/01/2026-12/31/2026, doc PSBC-IE176-260101, https://www.healthpartners.com/content/dam/plan/sbc/hp/2026/ie176.pdf. Deductible $3,000 individual / $6,000 family; out-of-pocket limit $10,000 / $20,000 in-network medical and pharmacy: p. 1. Drug rows, p. 3 of 9: ""Generic Low Cost: $5 copay/per prescription, Deductible does not apply at retail""; ""Generic High Cost: $25 copay/per prescription, Deductible does not apply at retail""; preferred brand 25% coinsurance; non-preferred brand 35%; specialty generic 40%; specialty brand 50%. Non-formulary drugs without a formulary exception are an excluded service: p. 6.","HealthPartners, 2026 Formulary (List of covered drugs), Minnesota individual and small group, effective September 1, 2026, 195 pp., https://www.healthpartners.com/content/dam/plan/b2c/pharmacy/comm-2026-formulary-mn-sg-hsanonhsadeductiblecopaycopaycoinsurance-ind-offexchange.pdf Tier key: Seven tiers, named on PDF p. 3: 1 Low-Cost Generics, 2 High-Cost Generics, 3 Preferred Brands, 4 Non-Preferred Generics and Brands, 5 Specialty Generics, 6 Specialty Brands, 7 Oral Chemotherapy, NF Non-Formulary. This drug: PDF p. 30.","data/mn_medicaid_asm_by_year.csv, CMS State Drug Utilization Data 2025"
"HealthPartners Peak $1,300 Gold",healthpartners,Gold,Minnesota individual,2026,no,1300.00,2600.00,8600.00,levetiracetam 500 mg tablet (generic),generic,500 mg twice daily,2,,yes,4.43,NADAC 2026Q3 median per unit x 2 tablets/day x 30 days,"January, deductible not met",25.00,copay $25.00,25.00,25.00,0.00,capped at $25,"Summary of Benefits and Coverage, coverage period 01/01/2026-12/31/2026, doc PSBC-IE173-260101, https://www.healthpartners.com/content/dam/plan/sbc/hp/2026/ie173.pdf. Deductible $1,300 / $2,600; out-of-pocket limit $8,600 / $17,200: p. 1. Drug rows, p. 3 of 9: generic low cost $5 and generic high cost $25, deductible does not apply; preferred brand 20% coinsurance; non-preferred brand 30%; specialty generic 40%; specialty brand 50%.","HealthPartners, 2026 Formulary (List of covered drugs), Minnesota individual and small group, effective September 1, 2026, 195 pp., https://www.healthpartners.com/content/dam/plan/b2c/pharmacy/comm-2026-formulary-mn-sg-hsanonhsadeductiblecopaycopaycoinsurance-ind-offexchange.pdf Tier key: Seven tiers, named on PDF p. 3: 1 Low-Cost Generics, 2 High-Cost Generics, 3 Preferred Brands, 4 Non-Preferred Generics and Brands, 5 Specialty Generics, 6 Specialty Brands, 7 Oral Chemotherapy, NF Non-Formulary. This drug: PDF p. 33.","data/nadac_asm_30day_cost.csv, snapshot 2026-09-16"
"HealthPartners Peak $1,300 Gold",healthpartners,Gold,Minnesota individual,2026,no,1300.00,2600.00,8600.00,levetiracetam 500 mg tablet (generic),generic,500 mg twice daily,2,,yes,4.43,NADAC 2026Q3 median per unit x 2 tablets/day x 30 days,"mid-year, deductible met",25.00,copay $25.00,25.00,25.00,0.00,capped at $25,"Summary of Benefits and Coverage, coverage period 01/01/2026-12/31/2026, doc PSBC-IE173-260101, https://www.healthpartners.com/content/dam/plan/sbc/hp/2026/ie173.pdf. Deductible $1,300 / $2,600; out-of-pocket limit $8,600 / $17,200: p. 1. Drug rows, p. 3 of 9: generic low cost $5 and generic high cost $25, deductible does not apply; preferred brand 20% coinsurance; non-preferred brand 30%; specialty generic 40%; specialty brand 50%.","HealthPartners, 2026 Formulary (List of covered drugs), Minnesota individual and small group, effective September 1, 2026, 195 pp., https://www.healthpartners.com/content/dam/plan/b2c/pharmacy/comm-2026-formulary-mn-sg-hsanonhsadeductiblecopaycopaycoinsurance-ind-offexchange.pdf Tier key: Seven tiers, named on PDF p. 3: 1 Low-Cost Generics, 2 High-Cost Generics, 3 Preferred Brands, 4 Non-Preferred Generics and Brands, 5 Specialty Generics, 6 Specialty Brands, 7 Oral Chemotherapy, NF Non-Formulary. This drug: PDF p. 33.","data/nadac_asm_30day_cost.csv, snapshot 2026-09-16"
"HealthPartners Peak $1,300 Gold",healthpartners,Gold,Minnesota individual,2026,no,1300.00,2600.00,8600.00,clobazam 10 mg tablet (generic),generic,10 mg twice daily,2,QL (4 per 1 day),yes,14.84,NADAC 2026Q3 median per unit x 2 tablets/day x 30 days,"January, deductible not met",25.00,copay $25.00,25.00,25.00,0.00,capped at $25,"Summary of Benefits and Coverage, coverage period 01/01/2026-12/31/2026, doc PSBC-IE173-260101, https://www.healthpartners.com/content/dam/plan/sbc/hp/2026/ie173.pdf. Deductible $1,300 / $2,600; out-of-pocket limit $8,600 / $17,200: p. 1. Drug rows, p. 3 of 9: generic low cost $5 and generic high cost $25, deductible does not apply; preferred brand 20% coinsurance; non-preferred brand 30%; specialty generic 40%; specialty brand 50%.","HealthPartners, 2026 Formulary (List of covered drugs), Minnesota individual and small group, effective September 1, 2026, 195 pp., https://www.healthpartners.com/content/dam/plan/b2c/pharmacy/comm-2026-formulary-mn-sg-hsanonhsadeductiblecopaycopaycoinsurance-ind-offexchange.pdf Tier key: Seven tiers, named on PDF p. 3: 1 Low-Cost Generics, 2 High-Cost Generics, 3 Preferred Brands, 4 Non-Preferred Generics and Brands, 5 Specialty Generics, 6 Specialty Brands, 7 Oral Chemotherapy, NF Non-Formulary. This drug: PDF p. 29.","data/nadac_asm_30day_cost.csv, snapshot 2026-09-16"
"HealthPartners Peak $1,300 Gold",healthpartners,Gold,Minnesota individual,2026,no,1300.00,2600.00,8600.00,clobazam 10 mg tablet (generic),generic,10 mg twice daily,2,QL (4 per 1 day),yes,14.84,NADAC 2026Q3 median per unit x 2 tablets/day x 30 days,"mid-year, deductible met",25.00,copay $25.00,25.00,25.00,0.00,capped at $25,"Summary of Benefits and Coverage, coverage period 01/01/2026-12/31/2026, doc PSBC-IE173-260101, https://www.healthpartners.com/content/dam/plan/sbc/hp/2026/ie173.pdf. Deductible $1,300 / $2,600; out-of-pocket limit $8,600 / $17,200: p. 1. Drug rows, p. 3 of 9: generic low cost $5 and generic high cost $25, deductible does not apply; preferred brand 20% coinsurance; non-preferred brand 30%; specialty generic 40%; specialty brand 50%.","HealthPartners, 2026 Formulary (List of covered drugs), Minnesota individual and small group, effective September 1, 2026, 195 pp., https://www.healthpartners.com/content/dam/plan/b2c/pharmacy/comm-2026-formulary-mn-sg-hsanonhsadeductiblecopaycopaycoinsurance-ind-offexchange.pdf Tier key: Seven tiers, named on PDF p. 3: 1 Low-Cost Generics, 2 High-Cost Generics, 3 Preferred Brands, 4 Non-Preferred Generics and Brands, 5 Specialty Generics, 6 Specialty Brands, 7 Oral Chemotherapy, NF Non-Formulary. This drug: PDF p. 29.","data/nadac_asm_30day_cost.csv, snapshot 2026-09-16"
"HealthPartners Peak $1,300 Gold",healthpartners,Gold,Minnesota individual,2026,no,1300.00,2600.00,8600.00,Onfi 10 mg tablet (brand clobazam),"brand, generic available",10 mg twice daily,NF,PA; QL (4 per 1 day),no,1794.87,NADAC 2026Q3 median per unit x 2 tablets/day x 30 days,"January, deductible not met",1794.87,"marked non-formulary, which the SBC lists as an excluded service: the member pays the whole price (NADAC floor)",25.00,1794.87,0.00,the cap does not reach this: a limit on cost sharing does not make an uncovered drug covered,"Summary of Benefits and Coverage, coverage period 01/01/2026-12/31/2026, doc PSBC-IE173-260101, https://www.healthpartners.com/content/dam/plan/sbc/hp/2026/ie173.pdf. Deductible $1,300 / $2,600; out-of-pocket limit $8,600 / $17,200: p. 1. Drug rows, p. 3 of 9: generic low cost $5 and generic high cost $25, deductible does not apply; preferred brand 20% coinsurance; non-preferred brand 30%; specialty generic 40%; specialty brand 50%.","HealthPartners, 2026 Formulary (List of covered drugs), Minnesota individual and small group, effective September 1, 2026, 195 pp., https://www.healthpartners.com/content/dam/plan/b2c/pharmacy/comm-2026-formulary-mn-sg-hsanonhsadeductiblecopaycopaycoinsurance-ind-offexchange.pdf Tier key: Seven tiers, named on PDF p. 3: 1 Low-Cost Generics, 2 High-Cost Generics, 3 Preferred Brands, 4 Non-Preferred Generics and Brands, 5 Specialty Generics, 6 Specialty Brands, 7 Oral Chemotherapy, NF Non-Formulary. This drug: PDF p. 33.","data/nadac_asm_30day_cost.csv, snapshot 2026-09-16"
"HealthPartners Peak $1,300 Gold",healthpartners,Gold,Minnesota individual,2026,no,1300.00,2600.00,8600.00,Onfi 10 mg tablet (brand clobazam),"brand, generic available",10 mg twice daily,NF,PA; QL (4 per 1 day),no,1794.87,NADAC 2026Q3 median per unit x 2 tablets/day x 30 days,"mid-year, deductible met",1794.87,"marked non-formulary, which the SBC lists as an excluded service: the member pays the whole price (NADAC floor)",25.00,1794.87,0.00,the cap does not reach this: a limit on cost sharing does not make an uncovered drug covered,"Summary of Benefits and Coverage, coverage period 01/01/2026-12/31/2026, doc PSBC-IE173-260101, https://www.healthpartners.com/content/dam/plan/sbc/hp/2026/ie173.pdf. Deductible $1,300 / $2,600; out-of-pocket limit $8,600 / $17,200: p. 1. Drug rows, p. 3 of 9: generic low cost $5 and generic high cost $25, deductible does not apply; preferred brand 20% coinsurance; non-preferred brand 30%; specialty generic 40%; specialty brand 50%.","HealthPartners, 2026 Formulary (List of covered drugs), Minnesota individual and small group, effective September 1, 2026, 195 pp., https://www.healthpartners.com/content/dam/plan/b2c/pharmacy/comm-2026-formulary-mn-sg-hsanonhsadeductiblecopaycopaycoinsurance-ind-offexchange.pdf Tier key: Seven tiers, named on PDF p. 3: 1 Low-Cost Generics, 2 High-Cost Generics, 3 Preferred Brands, 4 Non-Preferred Generics and Brands, 5 Specialty Generics, 6 Specialty Brands, 7 Oral Chemotherapy, NF Non-Formulary. This drug: PDF p. 33.","data/nadac_asm_30day_cost.csv, snapshot 2026-09-16"
"HealthPartners Peak $1,300 Gold",healthpartners,Gold,Minnesota individual,2026,no,1300.00,2600.00,8600.00,Xcopri 200 mg tablet (cenobamate),"brand, no generic exists",200 mg once daily,NF,PA; QL (2 per 1 day),no,1196.05,NADAC 2026Q3 median per unit x 1 tablet/day x 30 days,"January, deductible not met",1196.05,"marked non-formulary, which the SBC lists as an excluded service: the member pays the whole price (NADAC floor)",25.00,1196.05,0.00,the cap does not reach this: a limit on cost sharing does not make an uncovered drug covered,"Summary of Benefits and Coverage, coverage period 01/01/2026-12/31/2026, doc PSBC-IE173-260101, https://www.healthpartners.com/content/dam/plan/sbc/hp/2026/ie173.pdf. Deductible $1,300 / $2,600; out-of-pocket limit $8,600 / $17,200: p. 1. Drug rows, p. 3 of 9: generic low cost $5 and generic high cost $25, deductible does not apply; preferred brand 20% coinsurance; non-preferred brand 30%; specialty generic 40%; specialty brand 50%.","HealthPartners, 2026 Formulary (List of covered drugs), Minnesota individual and small group, effective September 1, 2026, 195 pp., https://www.healthpartners.com/content/dam/plan/b2c/pharmacy/comm-2026-formulary-mn-sg-hsanonhsadeductiblecopaycopaycoinsurance-ind-offexchange.pdf Tier key: Seven tiers, named on PDF p. 3: 1 Low-Cost Generics, 2 High-Cost Generics, 3 Preferred Brands, 4 Non-Preferred Generics and Brands, 5 Specialty Generics, 6 Specialty Brands, 7 Oral Chemotherapy, NF Non-Formulary. This drug: PDF p. 36.","data/nadac_asm_30day_cost.csv, snapshot 2026-09-16"
"HealthPartners Peak $1,300 Gold",healthpartners,Gold,Minnesota individual,2026,no,1300.00,2600.00,8600.00,Xcopri 200 mg tablet (cenobamate),"brand, no generic exists",200 mg once daily,NF,PA; QL (2 per 1 day),no,1196.05,NADAC 2026Q3 median per unit x 1 tablet/day x 30 days,"mid-year, deductible met",1196.05,"marked non-formulary, which the SBC lists as an excluded service: the member pays the whole price (NADAC floor)",25.00,1196.05,0.00,the cap does not reach this: a limit on cost sharing does not make an uncovered drug covered,"Summary of Benefits and Coverage, coverage period 01/01/2026-12/31/2026, doc PSBC-IE173-260101, https://www.healthpartners.com/content/dam/plan/sbc/hp/2026/ie173.pdf. Deductible $1,300 / $2,600; out-of-pocket limit $8,600 / $17,200: p. 1. Drug rows, p. 3 of 9: generic low cost $5 and generic high cost $25, deductible does not apply; preferred brand 20% coinsurance; non-preferred brand 30%; specialty generic 40%; specialty brand 50%.","HealthPartners, 2026 Formulary (List of covered drugs), Minnesota individual and small group, effective September 1, 2026, 195 pp., https://www.healthpartners.com/content/dam/plan/b2c/pharmacy/comm-2026-formulary-mn-sg-hsanonhsadeductiblecopaycopaycoinsurance-ind-offexchange.pdf Tier key: Seven tiers, named on PDF p. 3: 1 Low-Cost Generics, 2 High-Cost Generics, 3 Preferred Brands, 4 Non-Preferred Generics and Brands, 5 Specialty Generics, 6 Specialty Brands, 7 Oral Chemotherapy, NF Non-Formulary. This drug: PDF p. 36.","data/nadac_asm_30day_cost.csv, snapshot 2026-09-16"
"HealthPartners Peak $1,300 Gold",healthpartners,Gold,Minnesota individual,2026,no,1300.00,2600.00,8600.00,Epidiolex oral solution (cannabidiol),"brand, no generic exists","weight-based, one prescription",NF,PA; specialty; QL (20 per 1 day),no,3739.22,"Minnesota Medicaid 2025 reimbursement per prescription, $7,676,621.69 / 2,053 prescriptions. NOT NADAC: Epidiolex is outside the NADAC survey, which covers retail community pharmacies.","January, deductible not met",3739.22,"marked non-formulary, which the SBC lists as an excluded service: the member pays the whole price (NADAC floor)",25.00,3739.22,0.00,the cap does not reach this: a limit on cost sharing does not make an uncovered drug covered,"Summary of Benefits and Coverage, coverage period 01/01/2026-12/31/2026, doc PSBC-IE173-260101, https://www.healthpartners.com/content/dam/plan/sbc/hp/2026/ie173.pdf. Deductible $1,300 / $2,600; out-of-pocket limit $8,600 / $17,200: p. 1. Drug rows, p. 3 of 9: generic low cost $5 and generic high cost $25, deductible does not apply; preferred brand 20% coinsurance; non-preferred brand 30%; specialty generic 40%; specialty brand 50%.","HealthPartners, 2026 Formulary (List of covered drugs), Minnesota individual and small group, effective September 1, 2026, 195 pp., https://www.healthpartners.com/content/dam/plan/b2c/pharmacy/comm-2026-formulary-mn-sg-hsanonhsadeductiblecopaycopaycoinsurance-ind-offexchange.pdf Tier key: Seven tiers, named on PDF p. 3: 1 Low-Cost Generics, 2 High-Cost Generics, 3 Preferred Brands, 4 Non-Preferred Generics and Brands, 5 Specialty Generics, 6 Specialty Brands, 7 Oral Chemotherapy, NF Non-Formulary. This drug: PDF p. 30.","data/mn_medicaid_asm_by_year.csv, CMS State Drug Utilization Data 2025"
"HealthPartners Peak $1,300 Gold",healthpartners,Gold,Minnesota individual,2026,no,1300.00,2600.00,8600.00,Epidiolex oral solution (cannabidiol),"brand, no generic exists","weight-based, one prescription",NF,PA; specialty; QL (20 per 1 day),no,3739.22,"Minnesota Medicaid 2025 reimbursement per prescription, $7,676,621.69 / 2,053 prescriptions. NOT NADAC: Epidiolex is outside the NADAC survey, which covers retail community pharmacies.","mid-year, deductible met",3739.22,"marked non-formulary, which the SBC lists as an excluded service: the member pays the whole price (NADAC floor)",25.00,3739.22,0.00,the cap does not reach this: a limit on cost sharing does not make an uncovered drug covered,"Summary of Benefits and Coverage, coverage period 01/01/2026-12/31/2026, doc PSBC-IE173-260101, https://www.healthpartners.com/content/dam/plan/sbc/hp/2026/ie173.pdf. Deductible $1,300 / $2,600; out-of-pocket limit $8,600 / $17,200: p. 1. Drug rows, p. 3 of 9: generic low cost $5 and generic high cost $25, deductible does not apply; preferred brand 20% coinsurance; non-preferred brand 30%; specialty generic 40%; specialty brand 50%.","HealthPartners, 2026 Formulary (List of covered drugs), Minnesota individual and small group, effective September 1, 2026, 195 pp., https://www.healthpartners.com/content/dam/plan/b2c/pharmacy/comm-2026-formulary-mn-sg-hsanonhsadeductiblecopaycopaycoinsurance-ind-offexchange.pdf Tier key: Seven tiers, named on PDF p. 3: 1 Low-Cost Generics, 2 High-Cost Generics, 3 Preferred Brands, 4 Non-Preferred Generics and Brands, 5 Specialty Generics, 6 Specialty Brands, 7 Oral Chemotherapy, NF Non-Formulary. This drug: PDF p. 30.","data/mn_medicaid_asm_by_year.csv, CMS State Drug Utilization Data 2025"
UCare Individual & Family Bronze,ucare,Bronze,Minnesota individual,2026,no,7500.00,15000.00,10150.00,levetiracetam 500 mg tablet (generic),generic,500 mg twice daily,1,EDS (extended day supply),yes,4.43,NADAC 2026Q3 median per unit x 2 tablets/day x 30 days,"January, deductible not met",20.00,copay $20.00,25.00,20.00,0.00,capped at $25,"Summary of Benefits and Coverage, coverage period 01/01/2026-12/31/2026, doc U5368, HIOS 97624MN0140003-01, https://ucm-p-001.sitecorecontenthub.cloud/api/public/content/U5368_IFP-Bronze_SBC_2026. Deductible $7,500 individual / $15,000 family in-network; out-of-pocket limit $10,150 / $20,300: p. 1. Drug rows, p. 3: Tier 1 $20, Tier 2 $30, Tier 3 $200 per 30-day supply, each ""Deductible does not apply""; Tier 4 and Tier 5 35% coinsurance after deductible.","UCare, 2026 Individual & Family Plans Formulary (List of Covered Drugs), last updated 09/01/2026, 146 pp., https://ucm-p-001.sitecorecontenthub.cloud/api/public/content/U5434_IFP_Formulary_2026 Tier key: Five numbered tiers, matching the Tier 1 to Tier 5 rows of UCare's SBCs. This drug: formulary p. 27.","data/nadac_asm_30day_cost.csv, snapshot 2026-09-16"
UCare Individual & Family Bronze,ucare,Bronze,Minnesota individual,2026,no,7500.00,15000.00,10150.00,levetiracetam 500 mg tablet (generic),generic,500 mg twice daily,1,EDS (extended day supply),yes,4.43,NADAC 2026Q3 median per unit x 2 tablets/day x 30 days,"mid-year, deductible met",20.00,copay $20.00,25.00,20.00,0.00,capped at $25,"Summary of Benefits and Coverage, coverage period 01/01/2026-12/31/2026, doc U5368, HIOS 97624MN0140003-01, https://ucm-p-001.sitecorecontenthub.cloud/api/public/content/U5368_IFP-Bronze_SBC_2026. Deductible $7,500 individual / $15,000 family in-network; out-of-pocket limit $10,150 / $20,300: p. 1. Drug rows, p. 3: Tier 1 $20, Tier 2 $30, Tier 3 $200 per 30-day supply, each ""Deductible does not apply""; Tier 4 and Tier 5 35% coinsurance after deductible.","UCare, 2026 Individual & Family Plans Formulary (List of Covered Drugs), last updated 09/01/2026, 146 pp., https://ucm-p-001.sitecorecontenthub.cloud/api/public/content/U5434_IFP_Formulary_2026 Tier key: Five numbered tiers, matching the Tier 1 to Tier 5 rows of UCare's SBCs. This drug: formulary p. 27.","data/nadac_asm_30day_cost.csv, snapshot 2026-09-16"
UCare Individual & Family Bronze,ucare,Bronze,Minnesota individual,2026,no,7500.00,15000.00,10150.00,clobazam 10 mg tablet (generic),generic,10 mg twice daily,2,EDS,yes,14.84,NADAC 2026Q3 median per unit x 2 tablets/day x 30 days,"January, deductible not met",30.00,copay $30.00,25.00,25.00,5.00,capped at $25,"Summary of Benefits and Coverage, coverage period 01/01/2026-12/31/2026, doc U5368, HIOS 97624MN0140003-01, https://ucm-p-001.sitecorecontenthub.cloud/api/public/content/U5368_IFP-Bronze_SBC_2026. Deductible $7,500 individual / $15,000 family in-network; out-of-pocket limit $10,150 / $20,300: p. 1. Drug rows, p. 3: Tier 1 $20, Tier 2 $30, Tier 3 $200 per 30-day supply, each ""Deductible does not apply""; Tier 4 and Tier 5 35% coinsurance after deductible.","UCare, 2026 Individual & Family Plans Formulary (List of Covered Drugs), last updated 09/01/2026, 146 pp., https://ucm-p-001.sitecorecontenthub.cloud/api/public/content/U5434_IFP_Formulary_2026 Tier key: Five numbered tiers, matching the Tier 1 to Tier 5 rows of UCare's SBCs. This drug: formulary p. 26.","data/nadac_asm_30day_cost.csv, snapshot 2026-09-16"
UCare Individual & Family Bronze,ucare,Bronze,Minnesota individual,2026,no,7500.00,15000.00,10150.00,clobazam 10 mg tablet (generic),generic,10 mg twice daily,2,EDS,yes,14.84,NADAC 2026Q3 median per unit x 2 tablets/day x 30 days,"mid-year, deductible met",30.00,copay $30.00,25.00,25.00,5.00,capped at $25,"Summary of Benefits and Coverage, coverage period 01/01/2026-12/31/2026, doc U5368, HIOS 97624MN0140003-01, https://ucm-p-001.sitecorecontenthub.cloud/api/public/content/U5368_IFP-Bronze_SBC_2026. Deductible $7,500 individual / $15,000 family in-network; out-of-pocket limit $10,150 / $20,300: p. 1. Drug rows, p. 3: Tier 1 $20, Tier 2 $30, Tier 3 $200 per 30-day supply, each ""Deductible does not apply""; Tier 4 and Tier 5 35% coinsurance after deductible.","UCare, 2026 Individual & Family Plans Formulary (List of Covered Drugs), last updated 09/01/2026, 146 pp., https://ucm-p-001.sitecorecontenthub.cloud/api/public/content/U5434_IFP_Formulary_2026 Tier key: Five numbered tiers, matching the Tier 1 to Tier 5 rows of UCare's SBCs. This drug: formulary p. 26.","data/nadac_asm_30day_cost.csv, snapshot 2026-09-16"
UCare Individual & Family Bronze,ucare,Bronze,Minnesota individual,2026,no,7500.00,15000.00,10150.00,Onfi 10 mg tablet (brand clobazam),"brand, generic available",10 mg twice daily,absent,the string ONFI does not occur in the document,no,1794.87,NADAC 2026Q3 median per unit x 2 tablets/day x 30 days,"January, deductible not met",1794.87,"not named anywhere in the carrier's drug list; the list says it is not all-inclusive, so this is the price with no coverage, which is the outcome if a formulary exception is refused (NADAC floor)",25.00,1794.87,0.00,the cap does not reach this: a limit on cost sharing does not make an uncovered drug covered. Weaker call than the non-formulary cases: the drug is simply not named in a list the carrier says is not all-inclusive,"Summary of Benefits and Coverage, coverage period 01/01/2026-12/31/2026, doc U5368, HIOS 97624MN0140003-01, https://ucm-p-001.sitecorecontenthub.cloud/api/public/content/U5368_IFP-Bronze_SBC_2026. Deductible $7,500 individual / $15,000 family in-network; out-of-pocket limit $10,150 / $20,300: p. 1. Drug rows, p. 3: Tier 1 $20, Tier 2 $30, Tier 3 $200 per 30-day supply, each ""Deductible does not apply""; Tier 4 and Tier 5 35% coinsurance after deductible.","UCare, 2026 Individual & Family Plans Formulary (List of Covered Drugs), last updated 09/01/2026, 146 pp., https://ucm-p-001.sitecorecontenthub.cloud/api/public/content/U5434_IFP_Formulary_2026 Tier key: Five numbered tiers, matching the Tier 1 to Tier 5 rows of UCare's SBCs. This drug: n/a.","data/nadac_asm_30day_cost.csv, snapshot 2026-09-16"
UCare Individual & Family Bronze,ucare,Bronze,Minnesota individual,2026,no,7500.00,15000.00,10150.00,Onfi 10 mg tablet (brand clobazam),"brand, generic available",10 mg twice daily,absent,the string ONFI does not occur in the document,no,1794.87,NADAC 2026Q3 median per unit x 2 tablets/day x 30 days,"mid-year, deductible met",1794.87,"not named anywhere in the carrier's drug list; the list says it is not all-inclusive, so this is the price with no coverage, which is the outcome if a formulary exception is refused (NADAC floor)",25.00,1794.87,0.00,the cap does not reach this: a limit on cost sharing does not make an uncovered drug covered. Weaker call than the non-formulary cases: the drug is simply not named in a list the carrier says is not all-inclusive,"Summary of Benefits and Coverage, coverage period 01/01/2026-12/31/2026, doc U5368, HIOS 97624MN0140003-01, https://ucm-p-001.sitecorecontenthub.cloud/api/public/content/U5368_IFP-Bronze_SBC_2026. Deductible $7,500 individual / $15,000 family in-network; out-of-pocket limit $10,150 / $20,300: p. 1. Drug rows, p. 3: Tier 1 $20, Tier 2 $30, Tier 3 $200 per 30-day supply, each ""Deductible does not apply""; Tier 4 and Tier 5 35% coinsurance after deductible.","UCare, 2026 Individual & Family Plans Formulary (List of Covered Drugs), last updated 09/01/2026, 146 pp., https://ucm-p-001.sitecorecontenthub.cloud/api/public/content/U5434_IFP_Formulary_2026 Tier key: Five numbered tiers, matching the Tier 1 to Tier 5 rows of UCare's SBCs. This drug: n/a.","data/nadac_asm_30day_cost.csv, snapshot 2026-09-16"
UCare Individual & Family Bronze,ucare,Bronze,Minnesota individual,2026,no,7500.00,15000.00,10150.00,Xcopri 200 mg tablet (cenobamate),"brand, no generic exists",200 mg once daily,5,QL (2 each per day),yes,1196.05,NADAC 2026Q3 median per unit x 1 tablet/day x 30 days,"January, deductible not met",1196.05,"full allowed amount, deductible not met (NADAC floor)",25.00,25.00,1171.05,capped at $25,"Summary of Benefits and Coverage, coverage period 01/01/2026-12/31/2026, doc U5368, HIOS 97624MN0140003-01, https://ucm-p-001.sitecorecontenthub.cloud/api/public/content/U5368_IFP-Bronze_SBC_2026. Deductible $7,500 individual / $15,000 family in-network; out-of-pocket limit $10,150 / $20,300: p. 1. Drug rows, p. 3: Tier 1 $20, Tier 2 $30, Tier 3 $200 per 30-day supply, each ""Deductible does not apply""; Tier 4 and Tier 5 35% coinsurance after deductible.","UCare, 2026 Individual & Family Plans Formulary (List of Covered Drugs), last updated 09/01/2026, 146 pp., https://ucm-p-001.sitecorecontenthub.cloud/api/public/content/U5434_IFP_Formulary_2026 Tier key: Five numbered tiers, matching the Tier 1 to Tier 5 rows of UCare's SBCs. This drug: formulary p. 28.","data/nadac_asm_30day_cost.csv, snapshot 2026-09-16"
UCare Individual & Family Bronze,ucare,Bronze,Minnesota individual,2026,no,7500.00,15000.00,10150.00,Xcopri 200 mg tablet (cenobamate),"brand, no generic exists",200 mg once daily,5,QL (2 each per day),yes,1196.05,NADAC 2026Q3 median per unit x 1 tablet/day x 30 days,"mid-year, deductible met",418.62,35% coinsurance on the allowed amount (NADAC floor),25.00,25.00,393.62,capped at $25,"Summary of Benefits and Coverage, coverage period 01/01/2026-12/31/2026, doc U5368, HIOS 97624MN0140003-01, https://ucm-p-001.sitecorecontenthub.cloud/api/public/content/U5368_IFP-Bronze_SBC_2026. Deductible $7,500 individual / $15,000 family in-network; out-of-pocket limit $10,150 / $20,300: p. 1. Drug rows, p. 3: Tier 1 $20, Tier 2 $30, Tier 3 $200 per 30-day supply, each ""Deductible does not apply""; Tier 4 and Tier 5 35% coinsurance after deductible.","UCare, 2026 Individual & Family Plans Formulary (List of Covered Drugs), last updated 09/01/2026, 146 pp., https://ucm-p-001.sitecorecontenthub.cloud/api/public/content/U5434_IFP_Formulary_2026 Tier key: Five numbered tiers, matching the Tier 1 to Tier 5 rows of UCare's SBCs. This drug: formulary p. 28.","data/nadac_asm_30day_cost.csv, snapshot 2026-09-16"
UCare Individual & Family Bronze,ucare,Bronze,Minnesota individual,2026,no,7500.00,15000.00,10150.00,Epidiolex oral solution (cannabidiol),"brand, no generic exists","weight-based, one prescription",5,PA; SP (Fairview Specialty Pharmacy),yes,3739.22,"Minnesota Medicaid 2025 reimbursement per prescription, $7,676,621.69 / 2,053 prescriptions. NOT NADAC: Epidiolex is outside the NADAC survey, which covers retail community pharmacies.","January, deductible not met",3739.22,"full allowed amount, deductible not met (NADAC floor)",25.00,25.00,3714.22,capped at $25,"Summary of Benefits and Coverage, coverage period 01/01/2026-12/31/2026, doc U5368, HIOS 97624MN0140003-01, https://ucm-p-001.sitecorecontenthub.cloud/api/public/content/U5368_IFP-Bronze_SBC_2026. Deductible $7,500 individual / $15,000 family in-network; out-of-pocket limit $10,150 / $20,300: p. 1. Drug rows, p. 3: Tier 1 $20, Tier 2 $30, Tier 3 $200 per 30-day supply, each ""Deductible does not apply""; Tier 4 and Tier 5 35% coinsurance after deductible.","UCare, 2026 Individual & Family Plans Formulary (List of Covered Drugs), last updated 09/01/2026, 146 pp., https://ucm-p-001.sitecorecontenthub.cloud/api/public/content/U5434_IFP_Formulary_2026 Tier key: Five numbered tiers, matching the Tier 1 to Tier 5 rows of UCare's SBCs. This drug: formulary p. 26.","data/mn_medicaid_asm_by_year.csv, CMS State Drug Utilization Data 2025"
UCare Individual & Family Bronze,ucare,Bronze,Minnesota individual,2026,no,7500.00,15000.00,10150.00,Epidiolex oral solution (cannabidiol),"brand, no generic exists","weight-based, one prescription",5,PA; SP (Fairview Specialty Pharmacy),yes,3739.22,"Minnesota Medicaid 2025 reimbursement per prescription, $7,676,621.69 / 2,053 prescriptions. NOT NADAC: Epidiolex is outside the NADAC survey, which covers retail community pharmacies.","mid-year, deductible met",1308.73,35% coinsurance on the allowed amount (NADAC floor),25.00,25.00,1283.73,capped at $25,"Summary of Benefits and Coverage, coverage period 01/01/2026-12/31/2026, doc U5368, HIOS 97624MN0140003-01, https://ucm-p-001.sitecorecontenthub.cloud/api/public/content/U5368_IFP-Bronze_SBC_2026. Deductible $7,500 individual / $15,000 family in-network; out-of-pocket limit $10,150 / $20,300: p. 1. Drug rows, p. 3: Tier 1 $20, Tier 2 $30, Tier 3 $200 per 30-day supply, each ""Deductible does not apply""; Tier 4 and Tier 5 35% coinsurance after deductible.","UCare, 2026 Individual & Family Plans Formulary (List of Covered Drugs), last updated 09/01/2026, 146 pp., https://ucm-p-001.sitecorecontenthub.cloud/api/public/content/U5434_IFP_Formulary_2026 Tier key: Five numbered tiers, matching the Tier 1 to Tier 5 rows of UCare's SBCs. This drug: formulary p. 26.","data/mn_medicaid_asm_by_year.csv, CMS State Drug Utilization Data 2025"
UCare Individual & Family Silver,ucare,Silver,Minnesota individual,2026,no,4250.00,8500.00,9600.00,levetiracetam 500 mg tablet (generic),generic,500 mg twice daily,1,EDS (extended day supply),yes,4.43,NADAC 2026Q3 median per unit x 2 tablets/day x 30 days,"January, deductible not met",15.00,copay $15.00,25.00,15.00,0.00,capped at $25,"Summary of Benefits and Coverage, coverage period 01/01/2026-12/31/2026, doc U5371, https://ucm-p-001.sitecorecontenthub.cloud/api/public/content/U5371_IFP-Silver_SBC_2026. Deductible $4,250 / $8,500; out-of-pocket limit $9,600 / $19,200: p. 1. Drug rows, p. 3: Tier 1 $15, Tier 2 $25, Tier 3 $175, deductible does not apply; Tier 4 and Tier 5 30% coinsurance after deductible.","UCare, 2026 Individual & Family Plans Formulary (List of Covered Drugs), last updated 09/01/2026, 146 pp., https://ucm-p-001.sitecorecontenthub.cloud/api/public/content/U5434_IFP_Formulary_2026 Tier key: Five numbered tiers, matching the Tier 1 to Tier 5 rows of UCare's SBCs. This drug: formulary p. 27.","data/nadac_asm_30day_cost.csv, snapshot 2026-09-16"
UCare Individual & Family Silver,ucare,Silver,Minnesota individual,2026,no,4250.00,8500.00,9600.00,levetiracetam 500 mg tablet (generic),generic,500 mg twice daily,1,EDS (extended day supply),yes,4.43,NADAC 2026Q3 median per unit x 2 tablets/day x 30 days,"mid-year, deductible met",15.00,copay $15.00,25.00,15.00,0.00,capped at $25,"Summary of Benefits and Coverage, coverage period 01/01/2026-12/31/2026, doc U5371, https://ucm-p-001.sitecorecontenthub.cloud/api/public/content/U5371_IFP-Silver_SBC_2026. Deductible $4,250 / $8,500; out-of-pocket limit $9,600 / $19,200: p. 1. Drug rows, p. 3: Tier 1 $15, Tier 2 $25, Tier 3 $175, deductible does not apply; Tier 4 and Tier 5 30% coinsurance after deductible.","UCare, 2026 Individual & Family Plans Formulary (List of Covered Drugs), last updated 09/01/2026, 146 pp., https://ucm-p-001.sitecorecontenthub.cloud/api/public/content/U5434_IFP_Formulary_2026 Tier key: Five numbered tiers, matching the Tier 1 to Tier 5 rows of UCare's SBCs. This drug: formulary p. 27.","data/nadac_asm_30day_cost.csv, snapshot 2026-09-16"
UCare Individual & Family Silver,ucare,Silver,Minnesota individual,2026,no,4250.00,8500.00,9600.00,clobazam 10 mg tablet (generic),generic,10 mg twice daily,2,EDS,yes,14.84,NADAC 2026Q3 median per unit x 2 tablets/day x 30 days,"January, deductible not met",25.00,copay $25.00,25.00,25.00,0.00,capped at $25,"Summary of Benefits and Coverage, coverage period 01/01/2026-12/31/2026, doc U5371, https://ucm-p-001.sitecorecontenthub.cloud/api/public/content/U5371_IFP-Silver_SBC_2026. Deductible $4,250 / $8,500; out-of-pocket limit $9,600 / $19,200: p. 1. Drug rows, p. 3: Tier 1 $15, Tier 2 $25, Tier 3 $175, deductible does not apply; Tier 4 and Tier 5 30% coinsurance after deductible.","UCare, 2026 Individual & Family Plans Formulary (List of Covered Drugs), last updated 09/01/2026, 146 pp., https://ucm-p-001.sitecorecontenthub.cloud/api/public/content/U5434_IFP_Formulary_2026 Tier key: Five numbered tiers, matching the Tier 1 to Tier 5 rows of UCare's SBCs. This drug: formulary p. 26.","data/nadac_asm_30day_cost.csv, snapshot 2026-09-16"
UCare Individual & Family Silver,ucare,Silver,Minnesota individual,2026,no,4250.00,8500.00,9600.00,clobazam 10 mg tablet (generic),generic,10 mg twice daily,2,EDS,yes,14.84,NADAC 2026Q3 median per unit x 2 tablets/day x 30 days,"mid-year, deductible met",25.00,copay $25.00,25.00,25.00,0.00,capped at $25,"Summary of Benefits and Coverage, coverage period 01/01/2026-12/31/2026, doc U5371, https://ucm-p-001.sitecorecontenthub.cloud/api/public/content/U5371_IFP-Silver_SBC_2026. Deductible $4,250 / $8,500; out-of-pocket limit $9,600 / $19,200: p. 1. Drug rows, p. 3: Tier 1 $15, Tier 2 $25, Tier 3 $175, deductible does not apply; Tier 4 and Tier 5 30% coinsurance after deductible.","UCare, 2026 Individual & Family Plans Formulary (List of Covered Drugs), last updated 09/01/2026, 146 pp., https://ucm-p-001.sitecorecontenthub.cloud/api/public/content/U5434_IFP_Formulary_2026 Tier key: Five numbered tiers, matching the Tier 1 to Tier 5 rows of UCare's SBCs. This drug: formulary p. 26.","data/nadac_asm_30day_cost.csv, snapshot 2026-09-16"
UCare Individual & Family Silver,ucare,Silver,Minnesota individual,2026,no,4250.00,8500.00,9600.00,Onfi 10 mg tablet (brand clobazam),"brand, generic available",10 mg twice daily,absent,the string ONFI does not occur in the document,no,1794.87,NADAC 2026Q3 median per unit x 2 tablets/day x 30 days,"January, deductible not met",1794.87,"not named anywhere in the carrier's drug list; the list says it is not all-inclusive, so this is the price with no coverage, which is the outcome if a formulary exception is refused (NADAC floor)",25.00,1794.87,0.00,the cap does not reach this: a limit on cost sharing does not make an uncovered drug covered. Weaker call than the non-formulary cases: the drug is simply not named in a list the carrier says is not all-inclusive,"Summary of Benefits and Coverage, coverage period 01/01/2026-12/31/2026, doc U5371, https://ucm-p-001.sitecorecontenthub.cloud/api/public/content/U5371_IFP-Silver_SBC_2026. Deductible $4,250 / $8,500; out-of-pocket limit $9,600 / $19,200: p. 1. Drug rows, p. 3: Tier 1 $15, Tier 2 $25, Tier 3 $175, deductible does not apply; Tier 4 and Tier 5 30% coinsurance after deductible.","UCare, 2026 Individual & Family Plans Formulary (List of Covered Drugs), last updated 09/01/2026, 146 pp., https://ucm-p-001.sitecorecontenthub.cloud/api/public/content/U5434_IFP_Formulary_2026 Tier key: Five numbered tiers, matching the Tier 1 to Tier 5 rows of UCare's SBCs. This drug: n/a.","data/nadac_asm_30day_cost.csv, snapshot 2026-09-16"
UCare Individual & Family Silver,ucare,Silver,Minnesota individual,2026,no,4250.00,8500.00,9600.00,Onfi 10 mg tablet (brand clobazam),"brand, generic available",10 mg twice daily,absent,the string ONFI does not occur in the document,no,1794.87,NADAC 2026Q3 median per unit x 2 tablets/day x 30 days,"mid-year, deductible met",1794.87,"not named anywhere in the carrier's drug list; the list says it is not all-inclusive, so this is the price with no coverage, which is the outcome if a formulary exception is refused (NADAC floor)",25.00,1794.87,0.00,the cap does not reach this: a limit on cost sharing does not make an uncovered drug covered. Weaker call than the non-formulary cases: the drug is simply not named in a list the carrier says is not all-inclusive,"Summary of Benefits and Coverage, coverage period 01/01/2026-12/31/2026, doc U5371, https://ucm-p-001.sitecorecontenthub.cloud/api/public/content/U5371_IFP-Silver_SBC_2026. Deductible $4,250 / $8,500; out-of-pocket limit $9,600 / $19,200: p. 1. Drug rows, p. 3: Tier 1 $15, Tier 2 $25, Tier 3 $175, deductible does not apply; Tier 4 and Tier 5 30% coinsurance after deductible.","UCare, 2026 Individual & Family Plans Formulary (List of Covered Drugs), last updated 09/01/2026, 146 pp., https://ucm-p-001.sitecorecontenthub.cloud/api/public/content/U5434_IFP_Formulary_2026 Tier key: Five numbered tiers, matching the Tier 1 to Tier 5 rows of UCare's SBCs. This drug: n/a.","data/nadac_asm_30day_cost.csv, snapshot 2026-09-16"
UCare Individual & Family Silver,ucare,Silver,Minnesota individual,2026,no,4250.00,8500.00,9600.00,Xcopri 200 mg tablet (cenobamate),"brand, no generic exists",200 mg once daily,5,QL (2 each per day),yes,1196.05,NADAC 2026Q3 median per unit x 1 tablet/day x 30 days,"January, deductible not met",1196.05,"full allowed amount, deductible not met (NADAC floor)",25.00,25.00,1171.05,capped at $25,"Summary of Benefits and Coverage, coverage period 01/01/2026-12/31/2026, doc U5371, https://ucm-p-001.sitecorecontenthub.cloud/api/public/content/U5371_IFP-Silver_SBC_2026. Deductible $4,250 / $8,500; out-of-pocket limit $9,600 / $19,200: p. 1. Drug rows, p. 3: Tier 1 $15, Tier 2 $25, Tier 3 $175, deductible does not apply; Tier 4 and Tier 5 30% coinsurance after deductible.","UCare, 2026 Individual & Family Plans Formulary (List of Covered Drugs), last updated 09/01/2026, 146 pp., https://ucm-p-001.sitecorecontenthub.cloud/api/public/content/U5434_IFP_Formulary_2026 Tier key: Five numbered tiers, matching the Tier 1 to Tier 5 rows of UCare's SBCs. This drug: formulary p. 28.","data/nadac_asm_30day_cost.csv, snapshot 2026-09-16"
UCare Individual & Family Silver,ucare,Silver,Minnesota individual,2026,no,4250.00,8500.00,9600.00,Xcopri 200 mg tablet (cenobamate),"brand, no generic exists",200 mg once daily,5,QL (2 each per day),yes,1196.05,NADAC 2026Q3 median per unit x 1 tablet/day x 30 days,"mid-year, deductible met",358.81,30% coinsurance on the allowed amount (NADAC floor),25.00,25.00,333.81,capped at $25,"Summary of Benefits and Coverage, coverage period 01/01/2026-12/31/2026, doc U5371, https://ucm-p-001.sitecorecontenthub.cloud/api/public/content/U5371_IFP-Silver_SBC_2026. Deductible $4,250 / $8,500; out-of-pocket limit $9,600 / $19,200: p. 1. Drug rows, p. 3: Tier 1 $15, Tier 2 $25, Tier 3 $175, deductible does not apply; Tier 4 and Tier 5 30% coinsurance after deductible.","UCare, 2026 Individual & Family Plans Formulary (List of Covered Drugs), last updated 09/01/2026, 146 pp., https://ucm-p-001.sitecorecontenthub.cloud/api/public/content/U5434_IFP_Formulary_2026 Tier key: Five numbered tiers, matching the Tier 1 to Tier 5 rows of UCare's SBCs. This drug: formulary p. 28.","data/nadac_asm_30day_cost.csv, snapshot 2026-09-16"
UCare Individual & Family Silver,ucare,Silver,Minnesota individual,2026,no,4250.00,8500.00,9600.00,Epidiolex oral solution (cannabidiol),"brand, no generic exists","weight-based, one prescription",5,PA; SP (Fairview Specialty Pharmacy),yes,3739.22,"Minnesota Medicaid 2025 reimbursement per prescription, $7,676,621.69 / 2,053 prescriptions. NOT NADAC: Epidiolex is outside the NADAC survey, which covers retail community pharmacies.","January, deductible not met",3739.22,"full allowed amount, deductible not met (NADAC floor)",25.00,25.00,3714.22,capped at $25,"Summary of Benefits and Coverage, coverage period 01/01/2026-12/31/2026, doc U5371, https://ucm-p-001.sitecorecontenthub.cloud/api/public/content/U5371_IFP-Silver_SBC_2026. Deductible $4,250 / $8,500; out-of-pocket limit $9,600 / $19,200: p. 1. Drug rows, p. 3: Tier 1 $15, Tier 2 $25, Tier 3 $175, deductible does not apply; Tier 4 and Tier 5 30% coinsurance after deductible.","UCare, 2026 Individual & Family Plans Formulary (List of Covered Drugs), last updated 09/01/2026, 146 pp., https://ucm-p-001.sitecorecontenthub.cloud/api/public/content/U5434_IFP_Formulary_2026 Tier key: Five numbered tiers, matching the Tier 1 to Tier 5 rows of UCare's SBCs. This drug: formulary p. 26.","data/mn_medicaid_asm_by_year.csv, CMS State Drug Utilization Data 2025"
UCare Individual & Family Silver,ucare,Silver,Minnesota individual,2026,no,4250.00,8500.00,9600.00,Epidiolex oral solution (cannabidiol),"brand, no generic exists","weight-based, one prescription",5,PA; SP (Fairview Specialty Pharmacy),yes,3739.22,"Minnesota Medicaid 2025 reimbursement per prescription, $7,676,621.69 / 2,053 prescriptions. NOT NADAC: Epidiolex is outside the NADAC survey, which covers retail community pharmacies.","mid-year, deductible met",1121.77,30% coinsurance on the allowed amount (NADAC floor),25.00,25.00,1096.77,capped at $25,"Summary of Benefits and Coverage, coverage period 01/01/2026-12/31/2026, doc U5371, https://ucm-p-001.sitecorecontenthub.cloud/api/public/content/U5371_IFP-Silver_SBC_2026. Deductible $4,250 / $8,500; out-of-pocket limit $9,600 / $19,200: p. 1. Drug rows, p. 3: Tier 1 $15, Tier 2 $25, Tier 3 $175, deductible does not apply; Tier 4 and Tier 5 30% coinsurance after deductible.","UCare, 2026 Individual & Family Plans Formulary (List of Covered Drugs), last updated 09/01/2026, 146 pp., https://ucm-p-001.sitecorecontenthub.cloud/api/public/content/U5434_IFP_Formulary_2026 Tier key: Five numbered tiers, matching the Tier 1 to Tier 5 rows of UCare's SBCs. This drug: formulary p. 26.","data/mn_medicaid_asm_by_year.csv, CMS State Drug Utilization Data 2025"
UCare Individual & Family Gold,ucare,Gold,Minnesota individual,2026,no,1500.00,3000.00,8500.00,levetiracetam 500 mg tablet (generic),generic,500 mg twice daily,1,EDS (extended day supply),yes,4.43,NADAC 2026Q3 median per unit x 2 tablets/day x 30 days,"January, deductible not met",10.00,copay $10.00,25.00,10.00,0.00,capped at $25,"Summary of Benefits and Coverage, coverage period 01/01/2026-12/31/2026, doc U5377, https://ucm-p-001.sitecorecontenthub.cloud/api/public/content/U5377_IFP-Gold_SBC_2026. Deductible $1,500 / $3,000; out-of-pocket limit $8,500 / $17,000: p. 1. Drug rows, p. 3: Tier 1 $10, Tier 2 $20, Tier 3 $125, deductible does not apply; Tier 4 and Tier 5 20% coinsurance after deductible.","UCare, 2026 Individual & Family Plans Formulary (List of Covered Drugs), last updated 09/01/2026, 146 pp., https://ucm-p-001.sitecorecontenthub.cloud/api/public/content/U5434_IFP_Formulary_2026 Tier key: Five numbered tiers, matching the Tier 1 to Tier 5 rows of UCare's SBCs. This drug: formulary p. 27.","data/nadac_asm_30day_cost.csv, snapshot 2026-09-16"
UCare Individual & Family Gold,ucare,Gold,Minnesota individual,2026,no,1500.00,3000.00,8500.00,levetiracetam 500 mg tablet (generic),generic,500 mg twice daily,1,EDS (extended day supply),yes,4.43,NADAC 2026Q3 median per unit x 2 tablets/day x 30 days,"mid-year, deductible met",10.00,copay $10.00,25.00,10.00,0.00,capped at $25,"Summary of Benefits and Coverage, coverage period 01/01/2026-12/31/2026, doc U5377, https://ucm-p-001.sitecorecontenthub.cloud/api/public/content/U5377_IFP-Gold_SBC_2026. Deductible $1,500 / $3,000; out-of-pocket limit $8,500 / $17,000: p. 1. Drug rows, p. 3: Tier 1 $10, Tier 2 $20, Tier 3 $125, deductible does not apply; Tier 4 and Tier 5 20% coinsurance after deductible.","UCare, 2026 Individual & Family Plans Formulary (List of Covered Drugs), last updated 09/01/2026, 146 pp., https://ucm-p-001.sitecorecontenthub.cloud/api/public/content/U5434_IFP_Formulary_2026 Tier key: Five numbered tiers, matching the Tier 1 to Tier 5 rows of UCare's SBCs. This drug: formulary p. 27.","data/nadac_asm_30day_cost.csv, snapshot 2026-09-16"
UCare Individual & Family Gold,ucare,Gold,Minnesota individual,2026,no,1500.00,3000.00,8500.00,clobazam 10 mg tablet (generic),generic,10 mg twice daily,2,EDS,yes,14.84,NADAC 2026Q3 median per unit x 2 tablets/day x 30 days,"January, deductible not met",20.00,copay $20.00,25.00,20.00,0.00,capped at $25,"Summary of Benefits and Coverage, coverage period 01/01/2026-12/31/2026, doc U5377, https://ucm-p-001.sitecorecontenthub.cloud/api/public/content/U5377_IFP-Gold_SBC_2026. Deductible $1,500 / $3,000; out-of-pocket limit $8,500 / $17,000: p. 1. Drug rows, p. 3: Tier 1 $10, Tier 2 $20, Tier 3 $125, deductible does not apply; Tier 4 and Tier 5 20% coinsurance after deductible.","UCare, 2026 Individual & Family Plans Formulary (List of Covered Drugs), last updated 09/01/2026, 146 pp., https://ucm-p-001.sitecorecontenthub.cloud/api/public/content/U5434_IFP_Formulary_2026 Tier key: Five numbered tiers, matching the Tier 1 to Tier 5 rows of UCare's SBCs. This drug: formulary p. 26.","data/nadac_asm_30day_cost.csv, snapshot 2026-09-16"
UCare Individual & Family Gold,ucare,Gold,Minnesota individual,2026,no,1500.00,3000.00,8500.00,clobazam 10 mg tablet (generic),generic,10 mg twice daily,2,EDS,yes,14.84,NADAC 2026Q3 median per unit x 2 tablets/day x 30 days,"mid-year, deductible met",20.00,copay $20.00,25.00,20.00,0.00,capped at $25,"Summary of Benefits and Coverage, coverage period 01/01/2026-12/31/2026, doc U5377, https://ucm-p-001.sitecorecontenthub.cloud/api/public/content/U5377_IFP-Gold_SBC_2026. Deductible $1,500 / $3,000; out-of-pocket limit $8,500 / $17,000: p. 1. Drug rows, p. 3: Tier 1 $10, Tier 2 $20, Tier 3 $125, deductible does not apply; Tier 4 and Tier 5 20% coinsurance after deductible.","UCare, 2026 Individual & Family Plans Formulary (List of Covered Drugs), last updated 09/01/2026, 146 pp., https://ucm-p-001.sitecorecontenthub.cloud/api/public/content/U5434_IFP_Formulary_2026 Tier key: Five numbered tiers, matching the Tier 1 to Tier 5 rows of UCare's SBCs. This drug: formulary p. 26.","data/nadac_asm_30day_cost.csv, snapshot 2026-09-16"
UCare Individual & Family Gold,ucare,Gold,Minnesota individual,2026,no,1500.00,3000.00,8500.00,Onfi 10 mg tablet (brand clobazam),"brand, generic available",10 mg twice daily,absent,the string ONFI does not occur in the document,no,1794.87,NADAC 2026Q3 median per unit x 2 tablets/day x 30 days,"January, deductible not met",1794.87,"not named anywhere in the carrier's drug list; the list says it is not all-inclusive, so this is the price with no coverage, which is the outcome if a formulary exception is refused (NADAC floor)",25.00,1794.87,0.00,the cap does not reach this: a limit on cost sharing does not make an uncovered drug covered. Weaker call than the non-formulary cases: the drug is simply not named in a list the carrier says is not all-inclusive,"Summary of Benefits and Coverage, coverage period 01/01/2026-12/31/2026, doc U5377, https://ucm-p-001.sitecorecontenthub.cloud/api/public/content/U5377_IFP-Gold_SBC_2026. Deductible $1,500 / $3,000; out-of-pocket limit $8,500 / $17,000: p. 1. Drug rows, p. 3: Tier 1 $10, Tier 2 $20, Tier 3 $125, deductible does not apply; Tier 4 and Tier 5 20% coinsurance after deductible.","UCare, 2026 Individual & Family Plans Formulary (List of Covered Drugs), last updated 09/01/2026, 146 pp., https://ucm-p-001.sitecorecontenthub.cloud/api/public/content/U5434_IFP_Formulary_2026 Tier key: Five numbered tiers, matching the Tier 1 to Tier 5 rows of UCare's SBCs. This drug: n/a.","data/nadac_asm_30day_cost.csv, snapshot 2026-09-16"
UCare Individual & Family Gold,ucare,Gold,Minnesota individual,2026,no,1500.00,3000.00,8500.00,Onfi 10 mg tablet (brand clobazam),"brand, generic available",10 mg twice daily,absent,the string ONFI does not occur in the document,no,1794.87,NADAC 2026Q3 median per unit x 2 tablets/day x 30 days,"mid-year, deductible met",1794.87,"not named anywhere in the carrier's drug list; the list says it is not all-inclusive, so this is the price with no coverage, which is the outcome if a formulary exception is refused (NADAC floor)",25.00,1794.87,0.00,the cap does not reach this: a limit on cost sharing does not make an uncovered drug covered. Weaker call than the non-formulary cases: the drug is simply not named in a list the carrier says is not all-inclusive,"Summary of Benefits and Coverage, coverage period 01/01/2026-12/31/2026, doc U5377, https://ucm-p-001.sitecorecontenthub.cloud/api/public/content/U5377_IFP-Gold_SBC_2026. Deductible $1,500 / $3,000; out-of-pocket limit $8,500 / $17,000: p. 1. Drug rows, p. 3: Tier 1 $10, Tier 2 $20, Tier 3 $125, deductible does not apply; Tier 4 and Tier 5 20% coinsurance after deductible.","UCare, 2026 Individual & Family Plans Formulary (List of Covered Drugs), last updated 09/01/2026, 146 pp., https://ucm-p-001.sitecorecontenthub.cloud/api/public/content/U5434_IFP_Formulary_2026 Tier key: Five numbered tiers, matching the Tier 1 to Tier 5 rows of UCare's SBCs. This drug: n/a.","data/nadac_asm_30day_cost.csv, snapshot 2026-09-16"
UCare Individual & Family Gold,ucare,Gold,Minnesota individual,2026,no,1500.00,3000.00,8500.00,Xcopri 200 mg tablet (cenobamate),"brand, no generic exists",200 mg once daily,5,QL (2 each per day),yes,1196.05,NADAC 2026Q3 median per unit x 1 tablet/day x 30 days,"January, deductible not met",1196.05,"full allowed amount, deductible not met (NADAC floor)",25.00,25.00,1171.05,capped at $25,"Summary of Benefits and Coverage, coverage period 01/01/2026-12/31/2026, doc U5377, https://ucm-p-001.sitecorecontenthub.cloud/api/public/content/U5377_IFP-Gold_SBC_2026. Deductible $1,500 / $3,000; out-of-pocket limit $8,500 / $17,000: p. 1. Drug rows, p. 3: Tier 1 $10, Tier 2 $20, Tier 3 $125, deductible does not apply; Tier 4 and Tier 5 20% coinsurance after deductible.","UCare, 2026 Individual & Family Plans Formulary (List of Covered Drugs), last updated 09/01/2026, 146 pp., https://ucm-p-001.sitecorecontenthub.cloud/api/public/content/U5434_IFP_Formulary_2026 Tier key: Five numbered tiers, matching the Tier 1 to Tier 5 rows of UCare's SBCs. This drug: formulary p. 28.","data/nadac_asm_30day_cost.csv, snapshot 2026-09-16"
UCare Individual & Family Gold,ucare,Gold,Minnesota individual,2026,no,1500.00,3000.00,8500.00,Xcopri 200 mg tablet (cenobamate),"brand, no generic exists",200 mg once daily,5,QL (2 each per day),yes,1196.05,NADAC 2026Q3 median per unit x 1 tablet/day x 30 days,"mid-year, deductible met",239.21,20% coinsurance on the allowed amount (NADAC floor),25.00,25.00,214.21,capped at $25,"Summary of Benefits and Coverage, coverage period 01/01/2026-12/31/2026, doc U5377, https://ucm-p-001.sitecorecontenthub.cloud/api/public/content/U5377_IFP-Gold_SBC_2026. Deductible $1,500 / $3,000; out-of-pocket limit $8,500 / $17,000: p. 1. Drug rows, p. 3: Tier 1 $10, Tier 2 $20, Tier 3 $125, deductible does not apply; Tier 4 and Tier 5 20% coinsurance after deductible.","UCare, 2026 Individual & Family Plans Formulary (List of Covered Drugs), last updated 09/01/2026, 146 pp., https://ucm-p-001.sitecorecontenthub.cloud/api/public/content/U5434_IFP_Formulary_2026 Tier key: Five numbered tiers, matching the Tier 1 to Tier 5 rows of UCare's SBCs. This drug: formulary p. 28.","data/nadac_asm_30day_cost.csv, snapshot 2026-09-16"
UCare Individual & Family Gold,ucare,Gold,Minnesota individual,2026,no,1500.00,3000.00,8500.00,Epidiolex oral solution (cannabidiol),"brand, no generic exists","weight-based, one prescription",5,PA; SP (Fairview Specialty Pharmacy),yes,3739.22,"Minnesota Medicaid 2025 reimbursement per prescription, $7,676,621.69 / 2,053 prescriptions. NOT NADAC: Epidiolex is outside the NADAC survey, which covers retail community pharmacies.","January, deductible not met",3739.22,"full allowed amount, deductible not met (NADAC floor)",25.00,25.00,3714.22,capped at $25,"Summary of Benefits and Coverage, coverage period 01/01/2026-12/31/2026, doc U5377, https://ucm-p-001.sitecorecontenthub.cloud/api/public/content/U5377_IFP-Gold_SBC_2026. Deductible $1,500 / $3,000; out-of-pocket limit $8,500 / $17,000: p. 1. Drug rows, p. 3: Tier 1 $10, Tier 2 $20, Tier 3 $125, deductible does not apply; Tier 4 and Tier 5 20% coinsurance after deductible.","UCare, 2026 Individual & Family Plans Formulary (List of Covered Drugs), last updated 09/01/2026, 146 pp., https://ucm-p-001.sitecorecontenthub.cloud/api/public/content/U5434_IFP_Formulary_2026 Tier key: Five numbered tiers, matching the Tier 1 to Tier 5 rows of UCare's SBCs. This drug: formulary p. 26.","data/mn_medicaid_asm_by_year.csv, CMS State Drug Utilization Data 2025"
UCare Individual & Family Gold,ucare,Gold,Minnesota individual,2026,no,1500.00,3000.00,8500.00,Epidiolex oral solution (cannabidiol),"brand, no generic exists","weight-based, one prescription",5,PA; SP (Fairview Specialty Pharmacy),yes,3739.22,"Minnesota Medicaid 2025 reimbursement per prescription, $7,676,621.69 / 2,053 prescriptions. NOT NADAC: Epidiolex is outside the NADAC survey, which covers retail community pharmacies.","mid-year, deductible met",747.84,20% coinsurance on the allowed amount (NADAC floor),25.00,25.00,722.84,capped at $25,"Summary of Benefits and Coverage, coverage period 01/01/2026-12/31/2026, doc U5377, https://ucm-p-001.sitecorecontenthub.cloud/api/public/content/U5377_IFP-Gold_SBC_2026. Deductible $1,500 / $3,000; out-of-pocket limit $8,500 / $17,000: p. 1. Drug rows, p. 3: Tier 1 $10, Tier 2 $20, Tier 3 $125, deductible does not apply; Tier 4 and Tier 5 20% coinsurance after deductible.","UCare, 2026 Individual & Family Plans Formulary (List of Covered Drugs), last updated 09/01/2026, 146 pp., https://ucm-p-001.sitecorecontenthub.cloud/api/public/content/U5434_IFP_Formulary_2026 Tier key: Five numbered tiers, matching the Tier 1 to Tier 5 rows of UCare's SBCs. This drug: formulary p. 26.","data/mn_medicaid_asm_by_year.csv, CMS State Drug Utilization Data 2025"
Medica Applause Bronze Share Plus Metro,medica,Bronze,Minnesota individual,2026,no,5000.00,10000.00,10600.00,levetiracetam 500 mg tablet (generic),generic,500 mg twice daily,2,,yes,4.43,NADAC 2026Q3 median per unit x 2 tablets/day x 30 days,"January, deductible not met",30.00,copay $30.00,25.00,25.00,5.00,capped at $25,"Summary of Benefits and Coverage, coverage period 01/01/2026-12/31/2026, https://www.bolgerapps.com/medica_sb7/usum/output_cache/1111-238813-2025120409125326645-final.pdf. Deductible $5,000 individual / $10,000 family for network services; out-of-pocket maximum $10,600 / $21,200: p. 1. Drug rows, p. 3: preferred generic $30 copay, deductible does not apply; preferred brand and non-preferred generic $200 copay, deductible does not apply; non-preferred brand 50% coinsurance; specialty 60% coinsurance. Non-network: not covered.","Medica, 2026 Medica Individual & Families Drug List, Minnesota, table footers dated September 2026, 124 pp., https://www.medica.com/-/media/Documents/Pharmacy/Individual/2026/2026-IFB-Formulary-MN.pdf Tier key: Five tiers, named on PDF p. 6: 1 ACA Preventive Drugs, 2 Preferred Generics, 3 Preferred Brands and Non-Preferred Generics, 4 Non-Preferred Brands and Non-Preferred Generics, 5 Specialty. These names are the same as the row labels in Medica's SBCs, so the mapping from tier to dollar figure is exact. This drug: formulary p. 27.","data/nadac_asm_30day_cost.csv, snapshot 2026-09-16"
Medica Applause Bronze Share Plus Metro,medica,Bronze,Minnesota individual,2026,no,5000.00,10000.00,10600.00,levetiracetam 500 mg tablet (generic),generic,500 mg twice daily,2,,yes,4.43,NADAC 2026Q3 median per unit x 2 tablets/day x 30 days,"mid-year, deductible met",30.00,copay $30.00,25.00,25.00,5.00,capped at $25,"Summary of Benefits and Coverage, coverage period 01/01/2026-12/31/2026, https://www.bolgerapps.com/medica_sb7/usum/output_cache/1111-238813-2025120409125326645-final.pdf. Deductible $5,000 individual / $10,000 family for network services; out-of-pocket maximum $10,600 / $21,200: p. 1. Drug rows, p. 3: preferred generic $30 copay, deductible does not apply; preferred brand and non-preferred generic $200 copay, deductible does not apply; non-preferred brand 50% coinsurance; specialty 60% coinsurance. Non-network: not covered.","Medica, 2026 Medica Individual & Families Drug List, Minnesota, table footers dated September 2026, 124 pp., https://www.medica.com/-/media/Documents/Pharmacy/Individual/2026/2026-IFB-Formulary-MN.pdf Tier key: Five tiers, named on PDF p. 6: 1 ACA Preventive Drugs, 2 Preferred Generics, 3 Preferred Brands and Non-Preferred Generics, 4 Non-Preferred Brands and Non-Preferred Generics, 5 Specialty. These names are the same as the row labels in Medica's SBCs, so the mapping from tier to dollar figure is exact. This drug: formulary p. 27.","data/nadac_asm_30day_cost.csv, snapshot 2026-09-16"
Medica Applause Bronze Share Plus Metro,medica,Bronze,Minnesota individual,2026,no,5000.00,10000.00,10600.00,clobazam 10 mg tablet (generic),generic,10 mg twice daily,2,PA,yes,14.84,NADAC 2026Q3 median per unit x 2 tablets/day x 30 days,"January, deductible not met",30.00,copay $30.00,25.00,25.00,5.00,capped at $25,"Summary of Benefits and Coverage, coverage period 01/01/2026-12/31/2026, https://www.bolgerapps.com/medica_sb7/usum/output_cache/1111-238813-2025120409125326645-final.pdf. Deductible $5,000 individual / $10,000 family for network services; out-of-pocket maximum $10,600 / $21,200: p. 1. Drug rows, p. 3: preferred generic $30 copay, deductible does not apply; preferred brand and non-preferred generic $200 copay, deductible does not apply; non-preferred brand 50% coinsurance; specialty 60% coinsurance. Non-network: not covered.","Medica, 2026 Medica Individual & Families Drug List, Minnesota, table footers dated September 2026, 124 pp., https://www.medica.com/-/media/Documents/Pharmacy/Individual/2026/2026-IFB-Formulary-MN.pdf Tier key: Five tiers, named on PDF p. 6: 1 ACA Preventive Drugs, 2 Preferred Generics, 3 Preferred Brands and Non-Preferred Generics, 4 Non-Preferred Brands and Non-Preferred Generics, 5 Specialty. These names are the same as the row labels in Medica's SBCs, so the mapping from tier to dollar figure is exact. This drug: formulary p. 26.","data/nadac_asm_30day_cost.csv, snapshot 2026-09-16"
Medica Applause Bronze Share Plus Metro,medica,Bronze,Minnesota individual,2026,no,5000.00,10000.00,10600.00,clobazam 10 mg tablet (generic),generic,10 mg twice daily,2,PA,yes,14.84,NADAC 2026Q3 median per unit x 2 tablets/day x 30 days,"mid-year, deductible met",30.00,copay $30.00,25.00,25.00,5.00,capped at $25,"Summary of Benefits and Coverage, coverage period 01/01/2026-12/31/2026, https://www.bolgerapps.com/medica_sb7/usum/output_cache/1111-238813-2025120409125326645-final.pdf. Deductible $5,000 individual / $10,000 family for network services; out-of-pocket maximum $10,600 / $21,200: p. 1. Drug rows, p. 3: preferred generic $30 copay, deductible does not apply; preferred brand and non-preferred generic $200 copay, deductible does not apply; non-preferred brand 50% coinsurance; specialty 60% coinsurance. Non-network: not covered.","Medica, 2026 Medica Individual & Families Drug List, Minnesota, table footers dated September 2026, 124 pp., https://www.medica.com/-/media/Documents/Pharmacy/Individual/2026/2026-IFB-Formulary-MN.pdf Tier key: Five tiers, named on PDF p. 6: 1 ACA Preventive Drugs, 2 Preferred Generics, 3 Preferred Brands and Non-Preferred Generics, 4 Non-Preferred Brands and Non-Preferred Generics, 5 Specialty. These names are the same as the row labels in Medica's SBCs, so the mapping from tier to dollar figure is exact. This drug: formulary p. 26.","data/nadac_asm_30day_cost.csv, snapshot 2026-09-16"
Medica Applause Bronze Share Plus Metro,medica,Bronze,Minnesota individual,2026,no,5000.00,10000.00,10600.00,Onfi 10 mg tablet (brand clobazam),"brand, generic available",10 mg twice daily,absent,the string ONFI does not occur in the document,no,1794.87,NADAC 2026Q3 median per unit x 2 tablets/day x 30 days,"January, deductible not met",1794.87,"not named anywhere in the carrier's drug list; the list says it is not all-inclusive, so this is the price with no coverage, which is the outcome if a formulary exception is refused (NADAC floor)",25.00,1794.87,0.00,the cap does not reach this: a limit on cost sharing does not make an uncovered drug covered. Weaker call than the non-formulary cases: the drug is simply not named in a list the carrier says is not all-inclusive,"Summary of Benefits and Coverage, coverage period 01/01/2026-12/31/2026, https://www.bolgerapps.com/medica_sb7/usum/output_cache/1111-238813-2025120409125326645-final.pdf. Deductible $5,000 individual / $10,000 family for network services; out-of-pocket maximum $10,600 / $21,200: p. 1. Drug rows, p. 3: preferred generic $30 copay, deductible does not apply; preferred brand and non-preferred generic $200 copay, deductible does not apply; non-preferred brand 50% coinsurance; specialty 60% coinsurance. Non-network: not covered.","Medica, 2026 Medica Individual & Families Drug List, Minnesota, table footers dated September 2026, 124 pp., https://www.medica.com/-/media/Documents/Pharmacy/Individual/2026/2026-IFB-Formulary-MN.pdf Tier key: Five tiers, named on PDF p. 6: 1 ACA Preventive Drugs, 2 Preferred Generics, 3 Preferred Brands and Non-Preferred Generics, 4 Non-Preferred Brands and Non-Preferred Generics, 5 Specialty. These names are the same as the row labels in Medica's SBCs, so the mapping from tier to dollar figure is exact. This drug: n/a.","data/nadac_asm_30day_cost.csv, snapshot 2026-09-16"
Medica Applause Bronze Share Plus Metro,medica,Bronze,Minnesota individual,2026,no,5000.00,10000.00,10600.00,Onfi 10 mg tablet (brand clobazam),"brand, generic available",10 mg twice daily,absent,the string ONFI does not occur in the document,no,1794.87,NADAC 2026Q3 median per unit x 2 tablets/day x 30 days,"mid-year, deductible met",1794.87,"not named anywhere in the carrier's drug list; the list says it is not all-inclusive, so this is the price with no coverage, which is the outcome if a formulary exception is refused (NADAC floor)",25.00,1794.87,0.00,the cap does not reach this: a limit on cost sharing does not make an uncovered drug covered. Weaker call than the non-formulary cases: the drug is simply not named in a list the carrier says is not all-inclusive,"Summary of Benefits and Coverage, coverage period 01/01/2026-12/31/2026, https://www.bolgerapps.com/medica_sb7/usum/output_cache/1111-238813-2025120409125326645-final.pdf. Deductible $5,000 individual / $10,000 family for network services; out-of-pocket maximum $10,600 / $21,200: p. 1. Drug rows, p. 3: preferred generic $30 copay, deductible does not apply; preferred brand and non-preferred generic $200 copay, deductible does not apply; non-preferred brand 50% coinsurance; specialty 60% coinsurance. Non-network: not covered.","Medica, 2026 Medica Individual & Families Drug List, Minnesota, table footers dated September 2026, 124 pp., https://www.medica.com/-/media/Documents/Pharmacy/Individual/2026/2026-IFB-Formulary-MN.pdf Tier key: Five tiers, named on PDF p. 6: 1 ACA Preventive Drugs, 2 Preferred Generics, 3 Preferred Brands and Non-Preferred Generics, 4 Non-Preferred Brands and Non-Preferred Generics, 5 Specialty. These names are the same as the row labels in Medica's SBCs, so the mapping from tier to dollar figure is exact. This drug: n/a.","data/nadac_asm_30day_cost.csv, snapshot 2026-09-16"
Medica Applause Bronze Share Plus Metro,medica,Bronze,Minnesota individual,2026,no,5000.00,10000.00,10600.00,Xcopri 200 mg tablet (cenobamate),"brand, no generic exists",200 mg once daily,4,QL (34 per 34 days),yes,1196.05,NADAC 2026Q3 median per unit x 1 tablet/day x 30 days,"January, deductible not met",1196.05,"full allowed amount, deductible not met (NADAC floor)",25.00,25.00,1171.05,capped at $25,"Summary of Benefits and Coverage, coverage period 01/01/2026-12/31/2026, https://www.bolgerapps.com/medica_sb7/usum/output_cache/1111-238813-2025120409125326645-final.pdf. Deductible $5,000 individual / $10,000 family for network services; out-of-pocket maximum $10,600 / $21,200: p. 1. Drug rows, p. 3: preferred generic $30 copay, deductible does not apply; preferred brand and non-preferred generic $200 copay, deductible does not apply; non-preferred brand 50% coinsurance; specialty 60% coinsurance. Non-network: not covered.","Medica, 2026 Medica Individual & Families Drug List, Minnesota, table footers dated September 2026, 124 pp., https://www.medica.com/-/media/Documents/Pharmacy/Individual/2026/2026-IFB-Formulary-MN.pdf Tier key: Five tiers, named on PDF p. 6: 1 ACA Preventive Drugs, 2 Preferred Generics, 3 Preferred Brands and Non-Preferred Generics, 4 Non-Preferred Brands and Non-Preferred Generics, 5 Specialty. These names are the same as the row labels in Medica's SBCs, so the mapping from tier to dollar figure is exact. This drug: formulary p. 28.","data/nadac_asm_30day_cost.csv, snapshot 2026-09-16"
Medica Applause Bronze Share Plus Metro,medica,Bronze,Minnesota individual,2026,no,5000.00,10000.00,10600.00,Xcopri 200 mg tablet (cenobamate),"brand, no generic exists",200 mg once daily,4,QL (34 per 34 days),yes,1196.05,NADAC 2026Q3 median per unit x 1 tablet/day x 30 days,"mid-year, deductible met",598.02,50% coinsurance on the allowed amount (NADAC floor),25.00,25.00,573.02,capped at $25,"Summary of Benefits and Coverage, coverage period 01/01/2026-12/31/2026, https://www.bolgerapps.com/medica_sb7/usum/output_cache/1111-238813-2025120409125326645-final.pdf. Deductible $5,000 individual / $10,000 family for network services; out-of-pocket maximum $10,600 / $21,200: p. 1. Drug rows, p. 3: preferred generic $30 copay, deductible does not apply; preferred brand and non-preferred generic $200 copay, deductible does not apply; non-preferred brand 50% coinsurance; specialty 60% coinsurance. Non-network: not covered.","Medica, 2026 Medica Individual & Families Drug List, Minnesota, table footers dated September 2026, 124 pp., https://www.medica.com/-/media/Documents/Pharmacy/Individual/2026/2026-IFB-Formulary-MN.pdf Tier key: Five tiers, named on PDF p. 6: 1 ACA Preventive Drugs, 2 Preferred Generics, 3 Preferred Brands and Non-Preferred Generics, 4 Non-Preferred Brands and Non-Preferred Generics, 5 Specialty. These names are the same as the row labels in Medica's SBCs, so the mapping from tier to dollar figure is exact. This drug: formulary p. 28.","data/nadac_asm_30day_cost.csv, snapshot 2026-09-16"
Medica Applause Bronze Share Plus Metro,medica,Bronze,Minnesota individual,2026,no,5000.00,10000.00,10600.00,Epidiolex oral solution (cannabidiol),"brand, no generic exists","weight-based, one prescription",absent,no occurrence of EPIDIOLEX or cannabidiol,no,3739.22,"Minnesota Medicaid 2025 reimbursement per prescription, $7,676,621.69 / 2,053 prescriptions. NOT NADAC: Epidiolex is outside the NADAC survey, which covers retail community pharmacies.","January, deductible not met",3739.22,"not named anywhere in the carrier's drug list; the list says it is not all-inclusive, so this is the price with no coverage, which is the outcome if a formulary exception is refused (NADAC floor)",25.00,3739.22,0.00,the cap does not reach this: a limit on cost sharing does not make an uncovered drug covered. Weaker call than the non-formulary cases: the drug is simply not named in a list the carrier says is not all-inclusive,"Summary of Benefits and Coverage, coverage period 01/01/2026-12/31/2026, https://www.bolgerapps.com/medica_sb7/usum/output_cache/1111-238813-2025120409125326645-final.pdf. Deductible $5,000 individual / $10,000 family for network services; out-of-pocket maximum $10,600 / $21,200: p. 1. Drug rows, p. 3: preferred generic $30 copay, deductible does not apply; preferred brand and non-preferred generic $200 copay, deductible does not apply; non-preferred brand 50% coinsurance; specialty 60% coinsurance. Non-network: not covered.","Medica, 2026 Medica Individual & Families Drug List, Minnesota, table footers dated September 2026, 124 pp., https://www.medica.com/-/media/Documents/Pharmacy/Individual/2026/2026-IFB-Formulary-MN.pdf Tier key: Five tiers, named on PDF p. 6: 1 ACA Preventive Drugs, 2 Preferred Generics, 3 Preferred Brands and Non-Preferred Generics, 4 Non-Preferred Brands and Non-Preferred Generics, 5 Specialty. These names are the same as the row labels in Medica's SBCs, so the mapping from tier to dollar figure is exact. This drug: n/a.","data/mn_medicaid_asm_by_year.csv, CMS State Drug Utilization Data 2025"
Medica Applause Bronze Share Plus Metro,medica,Bronze,Minnesota individual,2026,no,5000.00,10000.00,10600.00,Epidiolex oral solution (cannabidiol),"brand, no generic exists","weight-based, one prescription",absent,no occurrence of EPIDIOLEX or cannabidiol,no,3739.22,"Minnesota Medicaid 2025 reimbursement per prescription, $7,676,621.69 / 2,053 prescriptions. NOT NADAC: Epidiolex is outside the NADAC survey, which covers retail community pharmacies.","mid-year, deductible met",3739.22,"not named anywhere in the carrier's drug list; the list says it is not all-inclusive, so this is the price with no coverage, which is the outcome if a formulary exception is refused (NADAC floor)",25.00,3739.22,0.00,the cap does not reach this: a limit on cost sharing does not make an uncovered drug covered. Weaker call than the non-formulary cases: the drug is simply not named in a list the carrier says is not all-inclusive,"Summary of Benefits and Coverage, coverage period 01/01/2026-12/31/2026, https://www.bolgerapps.com/medica_sb7/usum/output_cache/1111-238813-2025120409125326645-final.pdf. Deductible $5,000 individual / $10,000 family for network services; out-of-pocket maximum $10,600 / $21,200: p. 1. Drug rows, p. 3: preferred generic $30 copay, deductible does not apply; preferred brand and non-preferred generic $200 copay, deductible does not apply; non-preferred brand 50% coinsurance; specialty 60% coinsurance. Non-network: not covered.","Medica, 2026 Medica Individual & Families Drug List, Minnesota, table footers dated September 2026, 124 pp., https://www.medica.com/-/media/Documents/Pharmacy/Individual/2026/2026-IFB-Formulary-MN.pdf Tier key: Five tiers, named on PDF p. 6: 1 ACA Preventive Drugs, 2 Preferred Generics, 3 Preferred Brands and Non-Preferred Generics, 4 Non-Preferred Brands and Non-Preferred Generics, 5 Specialty. These names are the same as the row labels in Medica's SBCs, so the mapping from tier to dollar figure is exact. This drug: n/a.","data/mn_medicaid_asm_by_year.csv, CMS State Drug Utilization Data 2025"
Medica Applause Silver $0 Copay PCP Visits,medica,Silver,Minnesota individual,2026,no,3500.00,7000.00,10450.00,levetiracetam 500 mg tablet (generic),generic,500 mg twice daily,2,,yes,4.43,NADAC 2026Q3 median per unit x 2 tablets/day x 30 days,"January, deductible not met",25.00,copay $25.00,25.00,25.00,0.00,capped at $25,"Summary of Benefits and Coverage, coverage period 01/01/2026-12/31/2026, https://www.bolgerapps.com/medica_sb7/usum/output_cache/1111-238567-2025111210480924500-final.pdf. Deductible $3,500 / $7,000 for network services; out-of-pocket maximum $10,450 / $20,900: p. 1. Drug rows, p. 3: preferred generic $25 copay, deductible does not apply; preferred brand and non-preferred generic $125 copay, deductible does not apply; non-preferred brand 50% coinsurance; specialty 60% coinsurance.","Medica, 2026 Medica Individual & Families Drug List, Minnesota, table footers dated September 2026, 124 pp., https://www.medica.com/-/media/Documents/Pharmacy/Individual/2026/2026-IFB-Formulary-MN.pdf Tier key: Five tiers, named on PDF p. 6: 1 ACA Preventive Drugs, 2 Preferred Generics, 3 Preferred Brands and Non-Preferred Generics, 4 Non-Preferred Brands and Non-Preferred Generics, 5 Specialty. These names are the same as the row labels in Medica's SBCs, so the mapping from tier to dollar figure is exact. This drug: formulary p. 27.","data/nadac_asm_30day_cost.csv, snapshot 2026-09-16"
Medica Applause Silver $0 Copay PCP Visits,medica,Silver,Minnesota individual,2026,no,3500.00,7000.00,10450.00,levetiracetam 500 mg tablet (generic),generic,500 mg twice daily,2,,yes,4.43,NADAC 2026Q3 median per unit x 2 tablets/day x 30 days,"mid-year, deductible met",25.00,copay $25.00,25.00,25.00,0.00,capped at $25,"Summary of Benefits and Coverage, coverage period 01/01/2026-12/31/2026, https://www.bolgerapps.com/medica_sb7/usum/output_cache/1111-238567-2025111210480924500-final.pdf. Deductible $3,500 / $7,000 for network services; out-of-pocket maximum $10,450 / $20,900: p. 1. Drug rows, p. 3: preferred generic $25 copay, deductible does not apply; preferred brand and non-preferred generic $125 copay, deductible does not apply; non-preferred brand 50% coinsurance; specialty 60% coinsurance.","Medica, 2026 Medica Individual & Families Drug List, Minnesota, table footers dated September 2026, 124 pp., https://www.medica.com/-/media/Documents/Pharmacy/Individual/2026/2026-IFB-Formulary-MN.pdf Tier key: Five tiers, named on PDF p. 6: 1 ACA Preventive Drugs, 2 Preferred Generics, 3 Preferred Brands and Non-Preferred Generics, 4 Non-Preferred Brands and Non-Preferred Generics, 5 Specialty. These names are the same as the row labels in Medica's SBCs, so the mapping from tier to dollar figure is exact. This drug: formulary p. 27.","data/nadac_asm_30day_cost.csv, snapshot 2026-09-16"
Medica Applause Silver $0 Copay PCP Visits,medica,Silver,Minnesota individual,2026,no,3500.00,7000.00,10450.00,clobazam 10 mg tablet (generic),generic,10 mg twice daily,2,PA,yes,14.84,NADAC 2026Q3 median per unit x 2 tablets/day x 30 days,"January, deductible not met",25.00,copay $25.00,25.00,25.00,0.00,capped at $25,"Summary of Benefits and Coverage, coverage period 01/01/2026-12/31/2026, https://www.bolgerapps.com/medica_sb7/usum/output_cache/1111-238567-2025111210480924500-final.pdf. Deductible $3,500 / $7,000 for network services; out-of-pocket maximum $10,450 / $20,900: p. 1. Drug rows, p. 3: preferred generic $25 copay, deductible does not apply; preferred brand and non-preferred generic $125 copay, deductible does not apply; non-preferred brand 50% coinsurance; specialty 60% coinsurance.","Medica, 2026 Medica Individual & Families Drug List, Minnesota, table footers dated September 2026, 124 pp., https://www.medica.com/-/media/Documents/Pharmacy/Individual/2026/2026-IFB-Formulary-MN.pdf Tier key: Five tiers, named on PDF p. 6: 1 ACA Preventive Drugs, 2 Preferred Generics, 3 Preferred Brands and Non-Preferred Generics, 4 Non-Preferred Brands and Non-Preferred Generics, 5 Specialty. These names are the same as the row labels in Medica's SBCs, so the mapping from tier to dollar figure is exact. This drug: formulary p. 26.","data/nadac_asm_30day_cost.csv, snapshot 2026-09-16"
Medica Applause Silver $0 Copay PCP Visits,medica,Silver,Minnesota individual,2026,no,3500.00,7000.00,10450.00,clobazam 10 mg tablet (generic),generic,10 mg twice daily,2,PA,yes,14.84,NADAC 2026Q3 median per unit x 2 tablets/day x 30 days,"mid-year, deductible met",25.00,copay $25.00,25.00,25.00,0.00,capped at $25,"Summary of Benefits and Coverage, coverage period 01/01/2026-12/31/2026, https://www.bolgerapps.com/medica_sb7/usum/output_cache/1111-238567-2025111210480924500-final.pdf. Deductible $3,500 / $7,000 for network services; out-of-pocket maximum $10,450 / $20,900: p. 1. Drug rows, p. 3: preferred generic $25 copay, deductible does not apply; preferred brand and non-preferred generic $125 copay, deductible does not apply; non-preferred brand 50% coinsurance; specialty 60% coinsurance.","Medica, 2026 Medica Individual & Families Drug List, Minnesota, table footers dated September 2026, 124 pp., https://www.medica.com/-/media/Documents/Pharmacy/Individual/2026/2026-IFB-Formulary-MN.pdf Tier key: Five tiers, named on PDF p. 6: 1 ACA Preventive Drugs, 2 Preferred Generics, 3 Preferred Brands and Non-Preferred Generics, 4 Non-Preferred Brands and Non-Preferred Generics, 5 Specialty. These names are the same as the row labels in Medica's SBCs, so the mapping from tier to dollar figure is exact. This drug: formulary p. 26.","data/nadac_asm_30day_cost.csv, snapshot 2026-09-16"
Medica Applause Silver $0 Copay PCP Visits,medica,Silver,Minnesota individual,2026,no,3500.00,7000.00,10450.00,Onfi 10 mg tablet (brand clobazam),"brand, generic available",10 mg twice daily,absent,the string ONFI does not occur in the document,no,1794.87,NADAC 2026Q3 median per unit x 2 tablets/day x 30 days,"January, deductible not met",1794.87,"not named anywhere in the carrier's drug list; the list says it is not all-inclusive, so this is the price with no coverage, which is the outcome if a formulary exception is refused (NADAC floor)",25.00,1794.87,0.00,the cap does not reach this: a limit on cost sharing does not make an uncovered drug covered. Weaker call than the non-formulary cases: the drug is simply not named in a list the carrier says is not all-inclusive,"Summary of Benefits and Coverage, coverage period 01/01/2026-12/31/2026, https://www.bolgerapps.com/medica_sb7/usum/output_cache/1111-238567-2025111210480924500-final.pdf. Deductible $3,500 / $7,000 for network services; out-of-pocket maximum $10,450 / $20,900: p. 1. Drug rows, p. 3: preferred generic $25 copay, deductible does not apply; preferred brand and non-preferred generic $125 copay, deductible does not apply; non-preferred brand 50% coinsurance; specialty 60% coinsurance.","Medica, 2026 Medica Individual & Families Drug List, Minnesota, table footers dated September 2026, 124 pp., https://www.medica.com/-/media/Documents/Pharmacy/Individual/2026/2026-IFB-Formulary-MN.pdf Tier key: Five tiers, named on PDF p. 6: 1 ACA Preventive Drugs, 2 Preferred Generics, 3 Preferred Brands and Non-Preferred Generics, 4 Non-Preferred Brands and Non-Preferred Generics, 5 Specialty. These names are the same as the row labels in Medica's SBCs, so the mapping from tier to dollar figure is exact. This drug: n/a.","data/nadac_asm_30day_cost.csv, snapshot 2026-09-16"
Medica Applause Silver $0 Copay PCP Visits,medica,Silver,Minnesota individual,2026,no,3500.00,7000.00,10450.00,Onfi 10 mg tablet (brand clobazam),"brand, generic available",10 mg twice daily,absent,the string ONFI does not occur in the document,no,1794.87,NADAC 2026Q3 median per unit x 2 tablets/day x 30 days,"mid-year, deductible met",1794.87,"not named anywhere in the carrier's drug list; the list says it is not all-inclusive, so this is the price with no coverage, which is the outcome if a formulary exception is refused (NADAC floor)",25.00,1794.87,0.00,the cap does not reach this: a limit on cost sharing does not make an uncovered drug covered. Weaker call than the non-formulary cases: the drug is simply not named in a list the carrier says is not all-inclusive,"Summary of Benefits and Coverage, coverage period 01/01/2026-12/31/2026, https://www.bolgerapps.com/medica_sb7/usum/output_cache/1111-238567-2025111210480924500-final.pdf. Deductible $3,500 / $7,000 for network services; out-of-pocket maximum $10,450 / $20,900: p. 1. Drug rows, p. 3: preferred generic $25 copay, deductible does not apply; preferred brand and non-preferred generic $125 copay, deductible does not apply; non-preferred brand 50% coinsurance; specialty 60% coinsurance.","Medica, 2026 Medica Individual & Families Drug List, Minnesota, table footers dated September 2026, 124 pp., https://www.medica.com/-/media/Documents/Pharmacy/Individual/2026/2026-IFB-Formulary-MN.pdf Tier key: Five tiers, named on PDF p. 6: 1 ACA Preventive Drugs, 2 Preferred Generics, 3 Preferred Brands and Non-Preferred Generics, 4 Non-Preferred Brands and Non-Preferred Generics, 5 Specialty. These names are the same as the row labels in Medica's SBCs, so the mapping from tier to dollar figure is exact. This drug: n/a.","data/nadac_asm_30day_cost.csv, snapshot 2026-09-16"
Medica Applause Silver $0 Copay PCP Visits,medica,Silver,Minnesota individual,2026,no,3500.00,7000.00,10450.00,Xcopri 200 mg tablet (cenobamate),"brand, no generic exists",200 mg once daily,4,QL (34 per 34 days),yes,1196.05,NADAC 2026Q3 median per unit x 1 tablet/day x 30 days,"January, deductible not met",1196.05,"full allowed amount, deductible not met (NADAC floor)",25.00,25.00,1171.05,capped at $25,"Summary of Benefits and Coverage, coverage period 01/01/2026-12/31/2026, https://www.bolgerapps.com/medica_sb7/usum/output_cache/1111-238567-2025111210480924500-final.pdf. Deductible $3,500 / $7,000 for network services; out-of-pocket maximum $10,450 / $20,900: p. 1. Drug rows, p. 3: preferred generic $25 copay, deductible does not apply; preferred brand and non-preferred generic $125 copay, deductible does not apply; non-preferred brand 50% coinsurance; specialty 60% coinsurance.","Medica, 2026 Medica Individual & Families Drug List, Minnesota, table footers dated September 2026, 124 pp., https://www.medica.com/-/media/Documents/Pharmacy/Individual/2026/2026-IFB-Formulary-MN.pdf Tier key: Five tiers, named on PDF p. 6: 1 ACA Preventive Drugs, 2 Preferred Generics, 3 Preferred Brands and Non-Preferred Generics, 4 Non-Preferred Brands and Non-Preferred Generics, 5 Specialty. These names are the same as the row labels in Medica's SBCs, so the mapping from tier to dollar figure is exact. This drug: formulary p. 28.","data/nadac_asm_30day_cost.csv, snapshot 2026-09-16"
Medica Applause Silver $0 Copay PCP Visits,medica,Silver,Minnesota individual,2026,no,3500.00,7000.00,10450.00,Xcopri 200 mg tablet (cenobamate),"brand, no generic exists",200 mg once daily,4,QL (34 per 34 days),yes,1196.05,NADAC 2026Q3 median per unit x 1 tablet/day x 30 days,"mid-year, deductible met",598.02,50% coinsurance on the allowed amount (NADAC floor),25.00,25.00,573.02,capped at $25,"Summary of Benefits and Coverage, coverage period 01/01/2026-12/31/2026, https://www.bolgerapps.com/medica_sb7/usum/output_cache/1111-238567-2025111210480924500-final.pdf. Deductible $3,500 / $7,000 for network services; out-of-pocket maximum $10,450 / $20,900: p. 1. Drug rows, p. 3: preferred generic $25 copay, deductible does not apply; preferred brand and non-preferred generic $125 copay, deductible does not apply; non-preferred brand 50% coinsurance; specialty 60% coinsurance.","Medica, 2026 Medica Individual & Families Drug List, Minnesota, table footers dated September 2026, 124 pp., https://www.medica.com/-/media/Documents/Pharmacy/Individual/2026/2026-IFB-Formulary-MN.pdf Tier key: Five tiers, named on PDF p. 6: 1 ACA Preventive Drugs, 2 Preferred Generics, 3 Preferred Brands and Non-Preferred Generics, 4 Non-Preferred Brands and Non-Preferred Generics, 5 Specialty. These names are the same as the row labels in Medica's SBCs, so the mapping from tier to dollar figure is exact. This drug: formulary p. 28.","data/nadac_asm_30day_cost.csv, snapshot 2026-09-16"
Medica Applause Silver $0 Copay PCP Visits,medica,Silver,Minnesota individual,2026,no,3500.00,7000.00,10450.00,Epidiolex oral solution (cannabidiol),"brand, no generic exists","weight-based, one prescription",absent,no occurrence of EPIDIOLEX or cannabidiol,no,3739.22,"Minnesota Medicaid 2025 reimbursement per prescription, $7,676,621.69 / 2,053 prescriptions. NOT NADAC: Epidiolex is outside the NADAC survey, which covers retail community pharmacies.","January, deductible not met",3739.22,"not named anywhere in the carrier's drug list; the list says it is not all-inclusive, so this is the price with no coverage, which is the outcome if a formulary exception is refused (NADAC floor)",25.00,3739.22,0.00,the cap does not reach this: a limit on cost sharing does not make an uncovered drug covered. Weaker call than the non-formulary cases: the drug is simply not named in a list the carrier says is not all-inclusive,"Summary of Benefits and Coverage, coverage period 01/01/2026-12/31/2026, https://www.bolgerapps.com/medica_sb7/usum/output_cache/1111-238567-2025111210480924500-final.pdf. Deductible $3,500 / $7,000 for network services; out-of-pocket maximum $10,450 / $20,900: p. 1. Drug rows, p. 3: preferred generic $25 copay, deductible does not apply; preferred brand and non-preferred generic $125 copay, deductible does not apply; non-preferred brand 50% coinsurance; specialty 60% coinsurance.","Medica, 2026 Medica Individual & Families Drug List, Minnesota, table footers dated September 2026, 124 pp., https://www.medica.com/-/media/Documents/Pharmacy/Individual/2026/2026-IFB-Formulary-MN.pdf Tier key: Five tiers, named on PDF p. 6: 1 ACA Preventive Drugs, 2 Preferred Generics, 3 Preferred Brands and Non-Preferred Generics, 4 Non-Preferred Brands and Non-Preferred Generics, 5 Specialty. These names are the same as the row labels in Medica's SBCs, so the mapping from tier to dollar figure is exact. This drug: n/a.","data/mn_medicaid_asm_by_year.csv, CMS State Drug Utilization Data 2025"
Medica Applause Silver $0 Copay PCP Visits,medica,Silver,Minnesota individual,2026,no,3500.00,7000.00,10450.00,Epidiolex oral solution (cannabidiol),"brand, no generic exists","weight-based, one prescription",absent,no occurrence of EPIDIOLEX or cannabidiol,no,3739.22,"Minnesota Medicaid 2025 reimbursement per prescription, $7,676,621.69 / 2,053 prescriptions. NOT NADAC: Epidiolex is outside the NADAC survey, which covers retail community pharmacies.","mid-year, deductible met",3739.22,"not named anywhere in the carrier's drug list; the list says it is not all-inclusive, so this is the price with no coverage, which is the outcome if a formulary exception is refused (NADAC floor)",25.00,3739.22,0.00,the cap does not reach this: a limit on cost sharing does not make an uncovered drug covered. Weaker call than the non-formulary cases: the drug is simply not named in a list the carrier says is not all-inclusive,"Summary of Benefits and Coverage, coverage period 01/01/2026-12/31/2026, https://www.bolgerapps.com/medica_sb7/usum/output_cache/1111-238567-2025111210480924500-final.pdf. Deductible $3,500 / $7,000 for network services; out-of-pocket maximum $10,450 / $20,900: p. 1. Drug rows, p. 3: preferred generic $25 copay, deductible does not apply; preferred brand and non-preferred generic $125 copay, deductible does not apply; non-preferred brand 50% coinsurance; specialty 60% coinsurance.","Medica, 2026 Medica Individual & Families Drug List, Minnesota, table footers dated September 2026, 124 pp., https://www.medica.com/-/media/Documents/Pharmacy/Individual/2026/2026-IFB-Formulary-MN.pdf Tier key: Five tiers, named on PDF p. 6: 1 ACA Preventive Drugs, 2 Preferred Generics, 3 Preferred Brands and Non-Preferred Generics, 4 Non-Preferred Brands and Non-Preferred Generics, 5 Specialty. These names are the same as the row labels in Medica's SBCs, so the mapping from tier to dollar figure is exact. This drug: n/a.","data/mn_medicaid_asm_by_year.csv, CMS State Drug Utilization Data 2025"
"Minnesota Advantage Health Plan (SEGIP), Cost Level 1",segip,n/a,State Employee Group Insurance Program; Commerce lists SEGIP as in scope (evaluation p. 5),2026,no,250.00,500.00,1050.00,levetiracetam 500 mg tablet (generic),generic,500 mg twice daily,1,inferred: listed as a preferred generic,yes,4.43,NADAC 2026Q3 median per unit x 2 tablets/day x 30 days,"January, deductible not met",18.00,copay $18.00,25.00,18.00,0.00,capped at $25,"SEGIP, Summary of Benefits 2026, Minnesota Advantage Health Plan, https://mn.gov/mmb-stat/segip/doc/SoB_current_AHP.pdf. Drug copays $18/$30/$55 per 30-day supply: Schedule of Benefits section M, PDF p. 7, and section IV.S, PDF p. 59. Deductible $250/$500, which drugs are not subject to: section B, PDF p. 7. Prescription drug out-of-pocket maximum $1,050/$2,100: section N, PDF p. 7. Brand/generic price differential, not credited to the out-of-pocket maximum: PDF p. 60.","SEGIP runs pharmacy through CVS Caremark and its own tiered formulary sits behind a member lookup at caremark.com, so it is not publicly downloadable. Tiers here are INFERRED from the CVS Caremark Performance Drug List, Basic Control, January 2026, antiseizure section on PDF p. 4, which names preferred drugs but not tier numbers: https://www.oefi.org/wp-content/uploads/2026/01/CVSCaremark-Jan2026-formulary.pdf Tier key: Three tiers per the SEGIP Summary of Benefits: Tier 1 generic, Tier 2 preferred brand, Tier 3 non-preferred brand. This drug: CVS list PDF p. 4.","data/nadac_asm_30day_cost.csv, snapshot 2026-09-16"
"Minnesota Advantage Health Plan (SEGIP), Cost Level 1",segip,n/a,State Employee Group Insurance Program; Commerce lists SEGIP as in scope (evaluation p. 5),2026,no,250.00,500.00,1050.00,levetiracetam 500 mg tablet (generic),generic,500 mg twice daily,1,inferred: listed as a preferred generic,yes,4.43,NADAC 2026Q3 median per unit x 2 tablets/day x 30 days,"mid-year, deductible met",18.00,copay $18.00,25.00,18.00,0.00,capped at $25,"SEGIP, Summary of Benefits 2026, Minnesota Advantage Health Plan, https://mn.gov/mmb-stat/segip/doc/SoB_current_AHP.pdf. Drug copays $18/$30/$55 per 30-day supply: Schedule of Benefits section M, PDF p. 7, and section IV.S, PDF p. 59. Deductible $250/$500, which drugs are not subject to: section B, PDF p. 7. Prescription drug out-of-pocket maximum $1,050/$2,100: section N, PDF p. 7. Brand/generic price differential, not credited to the out-of-pocket maximum: PDF p. 60.","SEGIP runs pharmacy through CVS Caremark and its own tiered formulary sits behind a member lookup at caremark.com, so it is not publicly downloadable. Tiers here are INFERRED from the CVS Caremark Performance Drug List, Basic Control, January 2026, antiseizure section on PDF p. 4, which names preferred drugs but not tier numbers: https://www.oefi.org/wp-content/uploads/2026/01/CVSCaremark-Jan2026-formulary.pdf Tier key: Three tiers per the SEGIP Summary of Benefits: Tier 1 generic, Tier 2 preferred brand, Tier 3 non-preferred brand. This drug: CVS list PDF p. 4.","data/nadac_asm_30day_cost.csv, snapshot 2026-09-16"
"Minnesota Advantage Health Plan (SEGIP), Cost Level 1",segip,n/a,State Employee Group Insurance Program; Commerce lists SEGIP as in scope (evaluation p. 5),2026,no,250.00,500.00,1050.00,clobazam 10 mg tablet (generic),generic,10 mg twice daily,1,inferred: listed as a preferred generic,yes,14.84,NADAC 2026Q3 median per unit x 2 tablets/day x 30 days,"January, deductible not met",18.00,copay $18.00,25.00,18.00,0.00,capped at $25,"SEGIP, Summary of Benefits 2026, Minnesota Advantage Health Plan, https://mn.gov/mmb-stat/segip/doc/SoB_current_AHP.pdf. Drug copays $18/$30/$55 per 30-day supply: Schedule of Benefits section M, PDF p. 7, and section IV.S, PDF p. 59. Deductible $250/$500, which drugs are not subject to: section B, PDF p. 7. Prescription drug out-of-pocket maximum $1,050/$2,100: section N, PDF p. 7. Brand/generic price differential, not credited to the out-of-pocket maximum: PDF p. 60.","SEGIP runs pharmacy through CVS Caremark and its own tiered formulary sits behind a member lookup at caremark.com, so it is not publicly downloadable. Tiers here are INFERRED from the CVS Caremark Performance Drug List, Basic Control, January 2026, antiseizure section on PDF p. 4, which names preferred drugs but not tier numbers: https://www.oefi.org/wp-content/uploads/2026/01/CVSCaremark-Jan2026-formulary.pdf Tier key: Three tiers per the SEGIP Summary of Benefits: Tier 1 generic, Tier 2 preferred brand, Tier 3 non-preferred brand. This drug: CVS list PDF p. 4.","data/nadac_asm_30day_cost.csv, snapshot 2026-09-16"
"Minnesota Advantage Health Plan (SEGIP), Cost Level 1",segip,n/a,State Employee Group Insurance Program; Commerce lists SEGIP as in scope (evaluation p. 5),2026,no,250.00,500.00,1050.00,clobazam 10 mg tablet (generic),generic,10 mg twice daily,1,inferred: listed as a preferred generic,yes,14.84,NADAC 2026Q3 median per unit x 2 tablets/day x 30 days,"mid-year, deductible met",18.00,copay $18.00,25.00,18.00,0.00,capped at $25,"SEGIP, Summary of Benefits 2026, Minnesota Advantage Health Plan, https://mn.gov/mmb-stat/segip/doc/SoB_current_AHP.pdf. Drug copays $18/$30/$55 per 30-day supply: Schedule of Benefits section M, PDF p. 7, and section IV.S, PDF p. 59. Deductible $250/$500, which drugs are not subject to: section B, PDF p. 7. Prescription drug out-of-pocket maximum $1,050/$2,100: section N, PDF p. 7. Brand/generic price differential, not credited to the out-of-pocket maximum: PDF p. 60.","SEGIP runs pharmacy through CVS Caremark and its own tiered formulary sits behind a member lookup at caremark.com, so it is not publicly downloadable. Tiers here are INFERRED from the CVS Caremark Performance Drug List, Basic Control, January 2026, antiseizure section on PDF p. 4, which names preferred drugs but not tier numbers: https://www.oefi.org/wp-content/uploads/2026/01/CVSCaremark-Jan2026-formulary.pdf Tier key: Three tiers per the SEGIP Summary of Benefits: Tier 1 generic, Tier 2 preferred brand, Tier 3 non-preferred brand. This drug: CVS list PDF p. 4.","data/nadac_asm_30day_cost.csv, snapshot 2026-09-16"
"Minnesota Advantage Health Plan (SEGIP), Cost Level 1",segip,n/a,State Employee Group Insurance Program; Commerce lists SEGIP as in scope (evaluation p. 5),2026,no,250.00,500.00,1050.00,Onfi 10 mg tablet (brand clobazam),"brand, generic available",10 mg twice daily,3,"inferred: absent from the preferred list while its generic is on it, which the document's own note makes a non-preferred brand",yes,1794.87,NADAC 2026Q3 median per unit x 2 tablets/day x 30 days,"January, deductible not met",1835.03,copay $55.00 plus the brand/generic allowed-amount difference ($1780.03),25.00,1805.03,30.00,"capped at $25, plus the brand/generic differential, which is neither a co-payment nor coinsurance","SEGIP, Summary of Benefits 2026, Minnesota Advantage Health Plan, https://mn.gov/mmb-stat/segip/doc/SoB_current_AHP.pdf. Drug copays $18/$30/$55 per 30-day supply: Schedule of Benefits section M, PDF p. 7, and section IV.S, PDF p. 59. Deductible $250/$500, which drugs are not subject to: section B, PDF p. 7. Prescription drug out-of-pocket maximum $1,050/$2,100: section N, PDF p. 7. Brand/generic price differential, not credited to the out-of-pocket maximum: PDF p. 60.","SEGIP runs pharmacy through CVS Caremark and its own tiered formulary sits behind a member lookup at caremark.com, so it is not publicly downloadable. Tiers here are INFERRED from the CVS Caremark Performance Drug List, Basic Control, January 2026, antiseizure section on PDF p. 4, which names preferred drugs but not tier numbers: https://www.oefi.org/wp-content/uploads/2026/01/CVSCaremark-Jan2026-formulary.pdf Tier key: Three tiers per the SEGIP Summary of Benefits: Tier 1 generic, Tier 2 preferred brand, Tier 3 non-preferred brand. This drug: CVS list PDF p. 4.","data/nadac_asm_30day_cost.csv, snapshot 2026-09-16"
"Minnesota Advantage Health Plan (SEGIP), Cost Level 1",segip,n/a,State Employee Group Insurance Program; Commerce lists SEGIP as in scope (evaluation p. 5),2026,no,250.00,500.00,1050.00,Onfi 10 mg tablet (brand clobazam),"brand, generic available",10 mg twice daily,3,"inferred: absent from the preferred list while its generic is on it, which the document's own note makes a non-preferred brand",yes,1794.87,NADAC 2026Q3 median per unit x 2 tablets/day x 30 days,"mid-year, deductible met",1835.03,copay $55.00 plus the brand/generic allowed-amount difference ($1780.03),25.00,1805.03,30.00,"capped at $25, plus the brand/generic differential, which is neither a co-payment nor coinsurance","SEGIP, Summary of Benefits 2026, Minnesota Advantage Health Plan, https://mn.gov/mmb-stat/segip/doc/SoB_current_AHP.pdf. Drug copays $18/$30/$55 per 30-day supply: Schedule of Benefits section M, PDF p. 7, and section IV.S, PDF p. 59. Deductible $250/$500, which drugs are not subject to: section B, PDF p. 7. Prescription drug out-of-pocket maximum $1,050/$2,100: section N, PDF p. 7. Brand/generic price differential, not credited to the out-of-pocket maximum: PDF p. 60.","SEGIP runs pharmacy through CVS Caremark and its own tiered formulary sits behind a member lookup at caremark.com, so it is not publicly downloadable. Tiers here are INFERRED from the CVS Caremark Performance Drug List, Basic Control, January 2026, antiseizure section on PDF p. 4, which names preferred drugs but not tier numbers: https://www.oefi.org/wp-content/uploads/2026/01/CVSCaremark-Jan2026-formulary.pdf Tier key: Three tiers per the SEGIP Summary of Benefits: Tier 1 generic, Tier 2 preferred brand, Tier 3 non-preferred brand. This drug: CVS list PDF p. 4.","data/nadac_asm_30day_cost.csv, snapshot 2026-09-16"
"Minnesota Advantage Health Plan (SEGIP), Cost Level 1",segip,n/a,State Employee Group Insurance Program; Commerce lists SEGIP as in scope (evaluation p. 5),2026,no,250.00,500.00,1050.00,Xcopri 200 mg tablet (cenobamate),"brand, no generic exists",200 mg once daily,2,inferred: listed as a preferred brand,yes,1196.05,NADAC 2026Q3 median per unit x 1 tablet/day x 30 days,"January, deductible not met",30.00,copay $30.00,25.00,25.00,5.00,capped at $25,"SEGIP, Summary of Benefits 2026, Minnesota Advantage Health Plan, https://mn.gov/mmb-stat/segip/doc/SoB_current_AHP.pdf. Drug copays $18/$30/$55 per 30-day supply: Schedule of Benefits section M, PDF p. 7, and section IV.S, PDF p. 59. Deductible $250/$500, which drugs are not subject to: section B, PDF p. 7. Prescription drug out-of-pocket maximum $1,050/$2,100: section N, PDF p. 7. Brand/generic price differential, not credited to the out-of-pocket maximum: PDF p. 60.","SEGIP runs pharmacy through CVS Caremark and its own tiered formulary sits behind a member lookup at caremark.com, so it is not publicly downloadable. Tiers here are INFERRED from the CVS Caremark Performance Drug List, Basic Control, January 2026, antiseizure section on PDF p. 4, which names preferred drugs but not tier numbers: https://www.oefi.org/wp-content/uploads/2026/01/CVSCaremark-Jan2026-formulary.pdf Tier key: Three tiers per the SEGIP Summary of Benefits: Tier 1 generic, Tier 2 preferred brand, Tier 3 non-preferred brand. This drug: CVS list PDF p. 4.","data/nadac_asm_30day_cost.csv, snapshot 2026-09-16"
"Minnesota Advantage Health Plan (SEGIP), Cost Level 1",segip,n/a,State Employee Group Insurance Program; Commerce lists SEGIP as in scope (evaluation p. 5),2026,no,250.00,500.00,1050.00,Xcopri 200 mg tablet (cenobamate),"brand, no generic exists",200 mg once daily,2,inferred: listed as a preferred brand,yes,1196.05,NADAC 2026Q3 median per unit x 1 tablet/day x 30 days,"mid-year, deductible met",30.00,copay $30.00,25.00,25.00,5.00,capped at $25,"SEGIP, Summary of Benefits 2026, Minnesota Advantage Health Plan, https://mn.gov/mmb-stat/segip/doc/SoB_current_AHP.pdf. Drug copays $18/$30/$55 per 30-day supply: Schedule of Benefits section M, PDF p. 7, and section IV.S, PDF p. 59. Deductible $250/$500, which drugs are not subject to: section B, PDF p. 7. Prescription drug out-of-pocket maximum $1,050/$2,100: section N, PDF p. 7. Brand/generic price differential, not credited to the out-of-pocket maximum: PDF p. 60.","SEGIP runs pharmacy through CVS Caremark and its own tiered formulary sits behind a member lookup at caremark.com, so it is not publicly downloadable. Tiers here are INFERRED from the CVS Caremark Performance Drug List, Basic Control, January 2026, antiseizure section on PDF p. 4, which names preferred drugs but not tier numbers: https://www.oefi.org/wp-content/uploads/2026/01/CVSCaremark-Jan2026-formulary.pdf Tier key: Three tiers per the SEGIP Summary of Benefits: Tier 1 generic, Tier 2 preferred brand, Tier 3 non-preferred brand. This drug: CVS list PDF p. 4.","data/nadac_asm_30day_cost.csv, snapshot 2026-09-16"
"Minnesota Advantage Health Plan (SEGIP), Cost Level 1",segip,n/a,State Employee Group Insurance Program; Commerce lists SEGIP as in scope (evaluation p. 5),2026,no,250.00,500.00,1050.00,Epidiolex oral solution (cannabidiol),"brand, no generic exists","weight-based, one prescription",3,"assumed, the weakest call here: absent from the list, dispensed through a specialty pharmacy, and SEGIP names no specialty tier",yes,3739.22,"Minnesota Medicaid 2025 reimbursement per prescription, $7,676,621.69 / 2,053 prescriptions. NOT NADAC: Epidiolex is outside the NADAC survey, which covers retail community pharmacies.","January, deductible not met",55.00,copay $55.00,25.00,25.00,30.00,capped at $25,"SEGIP, Summary of Benefits 2026, Minnesota Advantage Health Plan, https://mn.gov/mmb-stat/segip/doc/SoB_current_AHP.pdf. Drug copays $18/$30/$55 per 30-day supply: Schedule of Benefits section M, PDF p. 7, and section IV.S, PDF p. 59. Deductible $250/$500, which drugs are not subject to: section B, PDF p. 7. Prescription drug out-of-pocket maximum $1,050/$2,100: section N, PDF p. 7. Brand/generic price differential, not credited to the out-of-pocket maximum: PDF p. 60.","SEGIP runs pharmacy through CVS Caremark and its own tiered formulary sits behind a member lookup at caremark.com, so it is not publicly downloadable. Tiers here are INFERRED from the CVS Caremark Performance Drug List, Basic Control, January 2026, antiseizure section on PDF p. 4, which names preferred drugs but not tier numbers: https://www.oefi.org/wp-content/uploads/2026/01/CVSCaremark-Jan2026-formulary.pdf Tier key: Three tiers per the SEGIP Summary of Benefits: Tier 1 generic, Tier 2 preferred brand, Tier 3 non-preferred brand. This drug: CVS list PDF p. 4.","data/mn_medicaid_asm_by_year.csv, CMS State Drug Utilization Data 2025"
"Minnesota Advantage Health Plan (SEGIP), Cost Level 1",segip,n/a,State Employee Group Insurance Program; Commerce lists SEGIP as in scope (evaluation p. 5),2026,no,250.00,500.00,1050.00,Epidiolex oral solution (cannabidiol),"brand, no generic exists","weight-based, one prescription",3,"assumed, the weakest call here: absent from the list, dispensed through a specialty pharmacy, and SEGIP names no specialty tier",yes,3739.22,"Minnesota Medicaid 2025 reimbursement per prescription, $7,676,621.69 / 2,053 prescriptions. NOT NADAC: Epidiolex is outside the NADAC survey, which covers retail community pharmacies.","mid-year, deductible met",55.00,copay $55.00,25.00,25.00,30.00,capped at $25,"SEGIP, Summary of Benefits 2026, Minnesota Advantage Health Plan, https://mn.gov/mmb-stat/segip/doc/SoB_current_AHP.pdf. Drug copays $18/$30/$55 per 30-day supply: Schedule of Benefits section M, PDF p. 7, and section IV.S, PDF p. 59. Deductible $250/$500, which drugs are not subject to: section B, PDF p. 7. Prescription drug out-of-pocket maximum $1,050/$2,100: section N, PDF p. 7. Brand/generic price differential, not credited to the out-of-pocket maximum: PDF p. 60.","SEGIP runs pharmacy through CVS Caremark and its own tiered formulary sits behind a member lookup at caremark.com, so it is not publicly downloadable. Tiers here are INFERRED from the CVS Caremark Performance Drug List, Basic Control, January 2026, antiseizure section on PDF p. 4, which names preferred drugs but not tier numbers: https://www.oefi.org/wp-content/uploads/2026/01/CVSCaremark-Jan2026-formulary.pdf Tier key: Three tiers per the SEGIP Summary of Benefits: Tier 1 generic, Tier 2 preferred brand, Tier 3 non-preferred brand. This drug: CVS list PDF p. 4.","data/mn_medicaid_asm_by_year.csv, CMS State Drug Utilization Data 2025"
"Minnesota Advantage High Deductible Health Plan (SEGIP), Cost Level 1",segip,n/a,"State Employee Group Insurance Program, HSA-qualified option",2026,yes,1750.00,4000.00,3250.00,levetiracetam 500 mg tablet (generic),generic,500 mg twice daily,1,inferred: listed as a preferred generic,yes,4.43,NADAC 2026Q3 median per unit x 2 tablets/day x 30 days,"January, deductible not met",4.43,"full allowed amount, deductible not met (NADAC floor)",25.00,4.43,0.00,"the cap does not apply yet: HSA-qualified plan, so the statute defers to the deductible","SEGIP, Summary of Benefits 2026, Minnesota Advantage High Deductible Health Plan, https://mn.gov/mmb-stat/segip/doc/SoB_current_HDHP.pdf. Drug copays $30/$50/$75 per 30-day supply: section M, PDF p. 7, and section IV.S, PDF p. 59. Combined medical/pharmacy deductible $1,750 single, $3,500 per family member, $4,000 per family: section B, PDF p. 7. Out-of-pocket maximum $3,250/$6,500: section N, PDF p. 7. ""All services, except preventative care and including Prescription Drugs, are subject to an Annual Deductible"": PDF p. 32.","SEGIP runs pharmacy through CVS Caremark and its own tiered formulary sits behind a member lookup at caremark.com, so it is not publicly downloadable. Tiers here are INFERRED from the CVS Caremark Performance Drug List, Basic Control, January 2026, antiseizure section on PDF p. 4, which names preferred drugs but not tier numbers: https://www.oefi.org/wp-content/uploads/2026/01/CVSCaremark-Jan2026-formulary.pdf Tier key: Three tiers per the SEGIP Summary of Benefits: Tier 1 generic, Tier 2 preferred brand, Tier 3 non-preferred brand. This drug: CVS list PDF p. 4.","data/nadac_asm_30day_cost.csv, snapshot 2026-09-16"
"Minnesota Advantage High Deductible Health Plan (SEGIP), Cost Level 1",segip,n/a,"State Employee Group Insurance Program, HSA-qualified option",2026,yes,1750.00,4000.00,3250.00,levetiracetam 500 mg tablet (generic),generic,500 mg twice daily,1,inferred: listed as a preferred generic,yes,4.43,NADAC 2026Q3 median per unit x 2 tablets/day x 30 days,"mid-year, deductible met",30.00,copay $30.00,25.00,25.00,5.00,capped at $25,"SEGIP, Summary of Benefits 2026, Minnesota Advantage High Deductible Health Plan, https://mn.gov/mmb-stat/segip/doc/SoB_current_HDHP.pdf. Drug copays $30/$50/$75 per 30-day supply: section M, PDF p. 7, and section IV.S, PDF p. 59. Combined medical/pharmacy deductible $1,750 single, $3,500 per family member, $4,000 per family: section B, PDF p. 7. Out-of-pocket maximum $3,250/$6,500: section N, PDF p. 7. ""All services, except preventative care and including Prescription Drugs, are subject to an Annual Deductible"": PDF p. 32.","SEGIP runs pharmacy through CVS Caremark and its own tiered formulary sits behind a member lookup at caremark.com, so it is not publicly downloadable. Tiers here are INFERRED from the CVS Caremark Performance Drug List, Basic Control, January 2026, antiseizure section on PDF p. 4, which names preferred drugs but not tier numbers: https://www.oefi.org/wp-content/uploads/2026/01/CVSCaremark-Jan2026-formulary.pdf Tier key: Three tiers per the SEGIP Summary of Benefits: Tier 1 generic, Tier 2 preferred brand, Tier 3 non-preferred brand. This drug: CVS list PDF p. 4.","data/nadac_asm_30day_cost.csv, snapshot 2026-09-16"
"Minnesota Advantage High Deductible Health Plan (SEGIP), Cost Level 1",segip,n/a,"State Employee Group Insurance Program, HSA-qualified option",2026,yes,1750.00,4000.00,3250.00,clobazam 10 mg tablet (generic),generic,10 mg twice daily,1,inferred: listed as a preferred generic,yes,14.84,NADAC 2026Q3 median per unit x 2 tablets/day x 30 days,"January, deductible not met",14.84,"full allowed amount, deductible not met (NADAC floor)",25.00,14.84,0.00,"the cap does not apply yet: HSA-qualified plan, so the statute defers to the deductible","SEGIP, Summary of Benefits 2026, Minnesota Advantage High Deductible Health Plan, https://mn.gov/mmb-stat/segip/doc/SoB_current_HDHP.pdf. Drug copays $30/$50/$75 per 30-day supply: section M, PDF p. 7, and section IV.S, PDF p. 59. Combined medical/pharmacy deductible $1,750 single, $3,500 per family member, $4,000 per family: section B, PDF p. 7. Out-of-pocket maximum $3,250/$6,500: section N, PDF p. 7. ""All services, except preventative care and including Prescription Drugs, are subject to an Annual Deductible"": PDF p. 32.","SEGIP runs pharmacy through CVS Caremark and its own tiered formulary sits behind a member lookup at caremark.com, so it is not publicly downloadable. Tiers here are INFERRED from the CVS Caremark Performance Drug List, Basic Control, January 2026, antiseizure section on PDF p. 4, which names preferred drugs but not tier numbers: https://www.oefi.org/wp-content/uploads/2026/01/CVSCaremark-Jan2026-formulary.pdf Tier key: Three tiers per the SEGIP Summary of Benefits: Tier 1 generic, Tier 2 preferred brand, Tier 3 non-preferred brand. This drug: CVS list PDF p. 4.","data/nadac_asm_30day_cost.csv, snapshot 2026-09-16"
"Minnesota Advantage High Deductible Health Plan (SEGIP), Cost Level 1",segip,n/a,"State Employee Group Insurance Program, HSA-qualified option",2026,yes,1750.00,4000.00,3250.00,clobazam 10 mg tablet (generic),generic,10 mg twice daily,1,inferred: listed as a preferred generic,yes,14.84,NADAC 2026Q3 median per unit x 2 tablets/day x 30 days,"mid-year, deductible met",30.00,copay $30.00,25.00,25.00,5.00,capped at $25,"SEGIP, Summary of Benefits 2026, Minnesota Advantage High Deductible Health Plan, https://mn.gov/mmb-stat/segip/doc/SoB_current_HDHP.pdf. Drug copays $30/$50/$75 per 30-day supply: section M, PDF p. 7, and section IV.S, PDF p. 59. Combined medical/pharmacy deductible $1,750 single, $3,500 per family member, $4,000 per family: section B, PDF p. 7. Out-of-pocket maximum $3,250/$6,500: section N, PDF p. 7. ""All services, except preventative care and including Prescription Drugs, are subject to an Annual Deductible"": PDF p. 32.","SEGIP runs pharmacy through CVS Caremark and its own tiered formulary sits behind a member lookup at caremark.com, so it is not publicly downloadable. Tiers here are INFERRED from the CVS Caremark Performance Drug List, Basic Control, January 2026, antiseizure section on PDF p. 4, which names preferred drugs but not tier numbers: https://www.oefi.org/wp-content/uploads/2026/01/CVSCaremark-Jan2026-formulary.pdf Tier key: Three tiers per the SEGIP Summary of Benefits: Tier 1 generic, Tier 2 preferred brand, Tier 3 non-preferred brand. This drug: CVS list PDF p. 4.","data/nadac_asm_30day_cost.csv, snapshot 2026-09-16"
"Minnesota Advantage High Deductible Health Plan (SEGIP), Cost Level 1",segip,n/a,"State Employee Group Insurance Program, HSA-qualified option",2026,yes,1750.00,4000.00,3250.00,Onfi 10 mg tablet (brand clobazam),"brand, generic available",10 mg twice daily,3,"inferred: absent from the preferred list while its generic is on it, which the document's own note makes a non-preferred brand",yes,1794.87,NADAC 2026Q3 median per unit x 2 tablets/day x 30 days,"January, deductible not met",1794.87,"full allowed amount, deductible not met (NADAC floor)",25.00,1794.87,0.00,"the cap does not apply yet: HSA-qualified plan, so the statute defers to the deductible","SEGIP, Summary of Benefits 2026, Minnesota Advantage High Deductible Health Plan, https://mn.gov/mmb-stat/segip/doc/SoB_current_HDHP.pdf. Drug copays $30/$50/$75 per 30-day supply: section M, PDF p. 7, and section IV.S, PDF p. 59. Combined medical/pharmacy deductible $1,750 single, $3,500 per family member, $4,000 per family: section B, PDF p. 7. Out-of-pocket maximum $3,250/$6,500: section N, PDF p. 7. ""All services, except preventative care and including Prescription Drugs, are subject to an Annual Deductible"": PDF p. 32.","SEGIP runs pharmacy through CVS Caremark and its own tiered formulary sits behind a member lookup at caremark.com, so it is not publicly downloadable. Tiers here are INFERRED from the CVS Caremark Performance Drug List, Basic Control, January 2026, antiseizure section on PDF p. 4, which names preferred drugs but not tier numbers: https://www.oefi.org/wp-content/uploads/2026/01/CVSCaremark-Jan2026-formulary.pdf Tier key: Three tiers per the SEGIP Summary of Benefits: Tier 1 generic, Tier 2 preferred brand, Tier 3 non-preferred brand. This drug: CVS list PDF p. 4.","data/nadac_asm_30day_cost.csv, snapshot 2026-09-16"
"Minnesota Advantage High Deductible Health Plan (SEGIP), Cost Level 1",segip,n/a,"State Employee Group Insurance Program, HSA-qualified option",2026,yes,1750.00,4000.00,3250.00,Onfi 10 mg tablet (brand clobazam),"brand, generic available",10 mg twice daily,3,"inferred: absent from the preferred list while its generic is on it, which the document's own note makes a non-preferred brand",yes,1794.87,NADAC 2026Q3 median per unit x 2 tablets/day x 30 days,"mid-year, deductible met",1855.03,copay $75.00 plus the brand/generic allowed-amount difference ($1780.03),25.00,1805.03,50.00,"capped at $25, plus the brand/generic differential, which is neither a co-payment nor coinsurance","SEGIP, Summary of Benefits 2026, Minnesota Advantage High Deductible Health Plan, https://mn.gov/mmb-stat/segip/doc/SoB_current_HDHP.pdf. Drug copays $30/$50/$75 per 30-day supply: section M, PDF p. 7, and section IV.S, PDF p. 59. Combined medical/pharmacy deductible $1,750 single, $3,500 per family member, $4,000 per family: section B, PDF p. 7. Out-of-pocket maximum $3,250/$6,500: section N, PDF p. 7. ""All services, except preventative care and including Prescription Drugs, are subject to an Annual Deductible"": PDF p. 32.","SEGIP runs pharmacy through CVS Caremark and its own tiered formulary sits behind a member lookup at caremark.com, so it is not publicly downloadable. Tiers here are INFERRED from the CVS Caremark Performance Drug List, Basic Control, January 2026, antiseizure section on PDF p. 4, which names preferred drugs but not tier numbers: https://www.oefi.org/wp-content/uploads/2026/01/CVSCaremark-Jan2026-formulary.pdf Tier key: Three tiers per the SEGIP Summary of Benefits: Tier 1 generic, Tier 2 preferred brand, Tier 3 non-preferred brand. This drug: CVS list PDF p. 4.","data/nadac_asm_30day_cost.csv, snapshot 2026-09-16"
"Minnesota Advantage High Deductible Health Plan (SEGIP), Cost Level 1",segip,n/a,"State Employee Group Insurance Program, HSA-qualified option",2026,yes,1750.00,4000.00,3250.00,Xcopri 200 mg tablet (cenobamate),"brand, no generic exists",200 mg once daily,2,inferred: listed as a preferred brand,yes,1196.05,NADAC 2026Q3 median per unit x 1 tablet/day x 30 days,"January, deductible not met",1196.05,"full allowed amount, deductible not met (NADAC floor)",25.00,1196.05,0.00,"the cap does not apply yet: HSA-qualified plan, so the statute defers to the deductible","SEGIP, Summary of Benefits 2026, Minnesota Advantage High Deductible Health Plan, https://mn.gov/mmb-stat/segip/doc/SoB_current_HDHP.pdf. Drug copays $30/$50/$75 per 30-day supply: section M, PDF p. 7, and section IV.S, PDF p. 59. Combined medical/pharmacy deductible $1,750 single, $3,500 per family member, $4,000 per family: section B, PDF p. 7. Out-of-pocket maximum $3,250/$6,500: section N, PDF p. 7. ""All services, except preventative care and including Prescription Drugs, are subject to an Annual Deductible"": PDF p. 32.","SEGIP runs pharmacy through CVS Caremark and its own tiered formulary sits behind a member lookup at caremark.com, so it is not publicly downloadable. Tiers here are INFERRED from the CVS Caremark Performance Drug List, Basic Control, January 2026, antiseizure section on PDF p. 4, which names preferred drugs but not tier numbers: https://www.oefi.org/wp-content/uploads/2026/01/CVSCaremark-Jan2026-formulary.pdf Tier key: Three tiers per the SEGIP Summary of Benefits: Tier 1 generic, Tier 2 preferred brand, Tier 3 non-preferred brand. This drug: CVS list PDF p. 4.","data/nadac_asm_30day_cost.csv, snapshot 2026-09-16"
"Minnesota Advantage High Deductible Health Plan (SEGIP), Cost Level 1",segip,n/a,"State Employee Group Insurance Program, HSA-qualified option",2026,yes,1750.00,4000.00,3250.00,Xcopri 200 mg tablet (cenobamate),"brand, no generic exists",200 mg once daily,2,inferred: listed as a preferred brand,yes,1196.05,NADAC 2026Q3 median per unit x 1 tablet/day x 30 days,"mid-year, deductible met",50.00,copay $50.00,25.00,25.00,25.00,capped at $25,"SEGIP, Summary of Benefits 2026, Minnesota Advantage High Deductible Health Plan, https://mn.gov/mmb-stat/segip/doc/SoB_current_HDHP.pdf. Drug copays $30/$50/$75 per 30-day supply: section M, PDF p. 7, and section IV.S, PDF p. 59. Combined medical/pharmacy deductible $1,750 single, $3,500 per family member, $4,000 per family: section B, PDF p. 7. Out-of-pocket maximum $3,250/$6,500: section N, PDF p. 7. ""All services, except preventative care and including Prescription Drugs, are subject to an Annual Deductible"": PDF p. 32.","SEGIP runs pharmacy through CVS Caremark and its own tiered formulary sits behind a member lookup at caremark.com, so it is not publicly downloadable. Tiers here are INFERRED from the CVS Caremark Performance Drug List, Basic Control, January 2026, antiseizure section on PDF p. 4, which names preferred drugs but not tier numbers: https://www.oefi.org/wp-content/uploads/2026/01/CVSCaremark-Jan2026-formulary.pdf Tier key: Three tiers per the SEGIP Summary of Benefits: Tier 1 generic, Tier 2 preferred brand, Tier 3 non-preferred brand. This drug: CVS list PDF p. 4.","data/nadac_asm_30day_cost.csv, snapshot 2026-09-16"
"Minnesota Advantage High Deductible Health Plan (SEGIP), Cost Level 1",segip,n/a,"State Employee Group Insurance Program, HSA-qualified option",2026,yes,1750.00,4000.00,3250.00,Epidiolex oral solution (cannabidiol),"brand, no generic exists","weight-based, one prescription",3,"assumed, the weakest call here: absent from the list, dispensed through a specialty pharmacy, and SEGIP names no specialty tier",yes,3739.22,"Minnesota Medicaid 2025 reimbursement per prescription, $7,676,621.69 / 2,053 prescriptions. NOT NADAC: Epidiolex is outside the NADAC survey, which covers retail community pharmacies.","January, deductible not met",3739.22,"full allowed amount, deductible not met (NADAC floor)",25.00,3739.22,0.00,"the cap does not apply yet: HSA-qualified plan, so the statute defers to the deductible","SEGIP, Summary of Benefits 2026, Minnesota Advantage High Deductible Health Plan, https://mn.gov/mmb-stat/segip/doc/SoB_current_HDHP.pdf. Drug copays $30/$50/$75 per 30-day supply: section M, PDF p. 7, and section IV.S, PDF p. 59. Combined medical/pharmacy deductible $1,750 single, $3,500 per family member, $4,000 per family: section B, PDF p. 7. Out-of-pocket maximum $3,250/$6,500: section N, PDF p. 7. ""All services, except preventative care and including Prescription Drugs, are subject to an Annual Deductible"": PDF p. 32.","SEGIP runs pharmacy through CVS Caremark and its own tiered formulary sits behind a member lookup at caremark.com, so it is not publicly downloadable. Tiers here are INFERRED from the CVS Caremark Performance Drug List, Basic Control, January 2026, antiseizure section on PDF p. 4, which names preferred drugs but not tier numbers: https://www.oefi.org/wp-content/uploads/2026/01/CVSCaremark-Jan2026-formulary.pdf Tier key: Three tiers per the SEGIP Summary of Benefits: Tier 1 generic, Tier 2 preferred brand, Tier 3 non-preferred brand. This drug: CVS list PDF p. 4.","data/mn_medicaid_asm_by_year.csv, CMS State Drug Utilization Data 2025"
"Minnesota Advantage High Deductible Health Plan (SEGIP), Cost Level 1",segip,n/a,"State Employee Group Insurance Program, HSA-qualified option",2026,yes,1750.00,4000.00,3250.00,Epidiolex oral solution (cannabidiol),"brand, no generic exists","weight-based, one prescription",3,"assumed, the weakest call here: absent from the list, dispensed through a specialty pharmacy, and SEGIP names no specialty tier",yes,3739.22,"Minnesota Medicaid 2025 reimbursement per prescription, $7,676,621.69 / 2,053 prescriptions. NOT NADAC: Epidiolex is outside the NADAC survey, which covers retail community pharmacies.","mid-year, deductible met",75.00,copay $75.00,25.00,25.00,50.00,capped at $25,"SEGIP, Summary of Benefits 2026, Minnesota Advantage High Deductible Health Plan, https://mn.gov/mmb-stat/segip/doc/SoB_current_HDHP.pdf. Drug copays $30/$50/$75 per 30-day supply: section M, PDF p. 7, and section IV.S, PDF p. 59. Combined medical/pharmacy deductible $1,750 single, $3,500 per family member, $4,000 per family: section B, PDF p. 7. Out-of-pocket maximum $3,250/$6,500: section N, PDF p. 7. ""All services, except preventative care and including Prescription Drugs, are subject to an Annual Deductible"": PDF p. 32.","SEGIP runs pharmacy through CVS Caremark and its own tiered formulary sits behind a member lookup at caremark.com, so it is not publicly downloadable. Tiers here are INFERRED from the CVS Caremark Performance Drug List, Basic Control, January 2026, antiseizure section on PDF p. 4, which names preferred drugs but not tier numbers: https://www.oefi.org/wp-content/uploads/2026/01/CVSCaremark-Jan2026-formulary.pdf Tier key: Three tiers per the SEGIP Summary of Benefits: Tier 1 generic, Tier 2 preferred brand, Tier 3 non-preferred brand. This drug: CVS list PDF p. 4.","data/mn_medicaid_asm_by_year.csv, CMS State Drug Utilization Data 2025"
