molecule,brand_generic,pricing_unit,quarter,snapshot_as_of_date,median_nadac_per_unit,min_nadac_per_unit,max_nadac_per_unit,n_ndcs,n_products
brivaracetam,brand,EA,2019Q1,2019-03-27,18.34154,18.26081,18.42228,4,2
brivaracetam,brand,EA,2019Q2,2019-06-26,18.34154,18.26081,18.42228,4,2
brivaracetam,brand,EA,2019Q3,2019-09-25,18.36136,18.32749,18.42228,6,3
brivaracetam,brand,EA,2019Q4,2019-12-25,18.32749,18.28093,18.36136,6,3
brivaracetam,brand,EA,2020Q1,2020-03-25,18.87731,18.82936,18.91221,6,3
brivaracetam,brand,EA,2020Q2,2020-06-24,18.87731,18.77461,18.91221,7,4
brivaracetam,brand,EA,2020Q3,2020-09-30,18.87731,18.77461,18.91221,7,4
brivaracetam,brand,EA,2020Q4,2020-12-30,18.81654,18.7738,18.91221,7,4
brivaracetam,brand,EA,2021Q1,2021-03-31,19.38104,19.33702,19.47957,7,4
brivaracetam,brand,EA,2021Q2,2021-06-30,19.38104,19.33702,19.47957,7,4
brivaracetam,brand,EA,2021Q3,2021-09-29,19.34747,19.33983,19.49921,7,4
brivaracetam,brand,EA,2021Q4,2021-12-29,19.34747,19.33983,19.49921,7,4
brivaracetam,brand,EA,2022Q1,2022-03-30,20.68245,20.67428,20.84466,7,4
brivaracetam,brand,EA,2022Q2,2022-06-29,20.68245,20.67428,20.84466,7,4
brivaracetam,brand,EA,2022Q3,2022-09-28,20.68245,20.67428,20.84466,7,4
brivaracetam,brand,EA,2022Q4,2022-12-28,20.68245,20.67428,20.84466,7,4
brivaracetam,brand,EA,2023Q1,2023-03-29,21.95869,21.90271,22.07449,7,4
brivaracetam,brand,EA,2023Q2,2023-06-28,21.95869,21.90271,22.07449,7,4
brivaracetam,brand,EA,2023Q3,2023-09-27,21.95869,21.90271,22.07449,7,4
brivaracetam,brand,EA,2023Q4,2023-12-27,21.92353,21.80437,22.1695,7,4
brivaracetam,brand,EA,2024Q1,2024-03-27,22.91009,22.78557,23.16713,7,4
brivaracetam,brand,EA,2024Q2,2024-06-26,22.94516,22.92867,23.00286,8,5
brivaracetam,brand,EA,2024Q3,2024-09-25,22.9465,22.92918,23.00286,8,5
brivaracetam,brand,EA,2024Q4,2024-12-25,22.93607,22.91172,22.96183,8,5
brivaracetam,brand,EA,2025Q1,2025-03-26,23.50947,23.48452,23.53587,8,5
brivaracetam,brand,EA,2025Q2,2025-06-25,23.47274,23.40052,23.49189,8,5
brivaracetam,brand,EA,2025Q3,2025-09-24,23.47438,23.37311,23.48308,8,5
brivaracetam,brand,EA,2025Q4,2025-12-31,23.48038,23.37806,23.4897,8,5
brivaracetam,brand,EA,2026Q1,2026-03-25,24.09088,23.98589,24.10043,8,5
brivaracetam,brand,EA,2026Q2,2026-06-24,24.07524,23.952,24.07848,8,5
brivaracetam,brand,EA,2026Q3,2026-09-16,24.07111,23.98643,24.07953,8,5
brivaracetam,brand,ML,2019Q4,2019-12-25,3.63577,3.63577,3.63577,1,1
brivaracetam,brand,ML,2020Q1,2020-03-25,3.74484,3.74484,3.74484,1,1
brivaracetam,brand,ML,2020Q2,2020-06-24,3.74484,3.74484,3.74484,1,1
brivaracetam,brand,ML,2020Q3,2020-09-30,3.74484,3.74484,3.74484,1,1
brivaracetam,brand,ML,2020Q4,2020-12-30,3.75969,3.75969,3.75969,1,1
brivaracetam,brand,ML,2021Q1,2021-03-31,3.87248,3.87248,3.87248,1,1
brivaracetam,brand,ML,2021Q2,2021-06-30,3.87248,3.87248,3.87248,1,1
brivaracetam,brand,ML,2021Q3,2021-09-29,3.87248,3.87248,3.87248,1,1
brivaracetam,brand,ML,2021Q4,2021-12-29,3.90186,3.90186,3.90186,1,1
brivaracetam,brand,ML,2022Q1,2022-03-30,4.17109,4.17109,4.17109,1,1
brivaracetam,brand,ML,2022Q2,2022-06-29,4.13442,4.13442,4.13442,1,1
brivaracetam,brand,ML,2022Q3,2022-09-28,4.14595,4.14595,4.14595,1,1
brivaracetam,brand,ML,2022Q4,2022-12-28,4.14595,4.14595,4.14595,1,1
brivaracetam,brand,ML,2023Q1,2023-03-29,4.39056,4.39056,4.39056,1,1
brivaracetam,brand,ML,2023Q2,2023-06-28,4.39056,4.39056,4.39056,1,1
brivaracetam,brand,ML,2023Q3,2023-09-27,4.39056,4.39056,4.39056,1,1
brivaracetam,brand,ML,2023Q4,2023-12-27,4.37468,4.37468,4.37468,1,1
brivaracetam,brand,ML,2024Q1,2024-03-27,4.57154,4.57154,4.57154,1,1
brivaracetam,brand,ML,2024Q2,2024-06-26,4.58625,4.58625,4.58625,1,1
brivaracetam,brand,ML,2024Q3,2024-09-25,4.59102,4.59102,4.59102,1,1
brivaracetam,brand,ML,2024Q4,2024-12-25,4.5906,4.5906,4.5906,1,1
brivaracetam,brand,ML,2025Q1,2025-03-26,4.70537,4.70537,4.70537,1,1
brivaracetam,brand,ML,2025Q2,2025-06-25,4.69805,4.69805,4.69805,1,1
brivaracetam,brand,ML,2025Q3,2025-09-24,4.69595,4.69595,4.69595,1,1
brivaracetam,brand,ML,2025Q4,2025-12-31,4.69702,4.69702,4.69702,1,1
brivaracetam,brand,ML,2026Q1,2026-03-25,4.81914,4.81914,4.81914,1,1
brivaracetam,brand,ML,2026Q2,2026-06-24,4.80867,4.80867,4.80867,1,1
brivaracetam,brand,ML,2026Q3,2026-09-16,4.80982,4.80982,4.80982,1,1
brivaracetam,generic,EA,2026Q2,2026-06-24,0.24908,0.17119,0.26026,13,3
brivaracetam,generic,EA,2026Q3,2026-09-16,0.22663,0.18721,0.26344,21,4
brivaracetam,generic,ML,2026Q2,2026-06-24,0.27229,0.27229,0.27229,5,1
brivaracetam,generic,ML,2026Q3,2026-09-16,0.26378,0.26378,0.26378,5,1
carbamazepine,brand,EA,2019Q1,2019-03-27,2.0739,1.3002,5.19883,6,6
carbamazepine,brand,EA,2019Q2,2019-06-26,2.0739,1.3002,5.19883,6,6
carbamazepine,brand,EA,2019Q3,2019-09-25,2.06928,1.3002,5.19883,6,6
carbamazepine,brand,EA,2019Q4,2019-12-25,2.06422,1.29623,5.20168,6,6
carbamazepine,brand,EA,2020Q1,2020-03-25,2.06948,1.29623,5.20168,6,6
carbamazepine,brand,EA,2020Q2,2020-06-24,2.062,1.29623,5.20168,6,6
carbamazepine,brand,EA,2020Q3,2020-09-30,2.0656,1.29667,5.19528,6,6
carbamazepine,brand,EA,2020Q4,2020-12-30,2.0656,1.29667,5.19528,6,6
carbamazepine,brand,EA,2021Q1,2021-03-31,2.0656,1.29667,5.19528,6,6
carbamazepine,brand,EA,2021Q2,2021-06-30,2.07088,1.31099,5.19073,6,6
carbamazepine,brand,EA,2021Q3,2021-09-29,2.07088,1.31099,5.19073,6,6
carbamazepine,brand,EA,2021Q4,2021-12-29,2.07088,1.31099,5.19073,6,6
carbamazepine,brand,EA,2022Q1,2022-03-30,2.06541,1.31099,5.19073,6,6
carbamazepine,brand,EA,2022Q2,2022-06-29,2.06523,1.29474,5.19611,6,6
carbamazepine,brand,EA,2022Q3,2022-09-28,2.13008,1.35947,5.45592,6,6
carbamazepine,brand,EA,2022Q4,2022-12-28,2.13008,1.35947,5.45592,6,6
carbamazepine,brand,EA,2023Q1,2023-03-29,2.25666,1.49407,5.996,6,6
carbamazepine,brand,EA,2023Q2,2023-06-28,2.25136,1.49407,5.996,6,6
carbamazepine,brand,EA,2023Q3,2023-09-27,2.25136,1.49407,5.996,6,6
carbamazepine,brand,EA,2023Q4,2023-12-27,2.25496,1.50008,6.0472,6,6
carbamazepine,brand,EA,2024Q1,2024-03-27,2.29721,1.54512,6.22861,6,6
carbamazepine,brand,EA,2024Q2,2024-06-26,1.70913,1.54683,6.1668,7,7
carbamazepine,brand,EA,2024Q3,2024-09-25,1.70298,1.54772,6.16715,7,7
carbamazepine,brand,EA,2024Q4,2024-12-25,1.70364,1.54804,6.17463,7,7
carbamazepine,brand,EA,2025Q1,2025-03-26,1.70188,1.58674,6.32899,7,7
carbamazepine,brand,EA,2025Q2,2025-06-25,1.69844,1.59095,6.30743,7,7
carbamazepine,brand,EA,2025Q3,2025-09-24,1.70031,1.58621,6.32446,7,7
carbamazepine,brand,EA,2025Q4,2025-12-31,1.70378,1.58687,6.32439,7,7
carbamazepine,brand,EA,2026Q1,2026-03-25,1.70053,1.63451,6.51412,7,7
carbamazepine,brand,EA,2026Q2,2026-06-24,1.70216,1.62392,6.49537,7,7
carbamazepine,brand,EA,2026Q3,2026-09-16,1.69958,1.62726,6.48385,7,7
carbamazepine,brand,ML,2019Q1,2019-03-27,0.34702,0.34702,0.34702,1,1
carbamazepine,brand,ML,2019Q2,2019-06-26,0.34702,0.34702,0.34702,1,1
carbamazepine,brand,ML,2019Q3,2019-09-25,0.34702,0.34702,0.34702,1,1
carbamazepine,brand,ML,2019Q4,2019-12-25,0.34591,0.34591,0.34591,1,1
carbamazepine,brand,ML,2020Q1,2020-03-25,0.34591,0.34591,0.34591,1,1
carbamazepine,brand,ML,2020Q2,2020-06-24,0.34591,0.34591,0.34591,1,1
carbamazepine,brand,ML,2020Q3,2020-09-30,0.34591,0.34591,0.34591,1,1
carbamazepine,brand,ML,2020Q4,2020-12-30,0.3464,0.3464,0.3464,1,1
carbamazepine,brand,ML,2021Q1,2021-03-31,0.3464,0.3464,0.3464,1,1
carbamazepine,brand,ML,2021Q2,2021-06-30,0.3464,0.3464,0.3464,1,1
carbamazepine,brand,ML,2021Q3,2021-09-29,0.34669,0.34669,0.34669,1,1
carbamazepine,brand,ML,2021Q4,2021-12-29,0.34669,0.34669,0.34669,1,1
carbamazepine,brand,ML,2022Q1,2022-03-30,0.34669,0.34669,0.34669,1,1
carbamazepine,brand,ML,2022Q2,2022-06-29,0.34556,0.34556,0.34556,1,1
carbamazepine,brand,ML,2022Q3,2022-09-28,0.36284,0.36284,0.36284,1,1
carbamazepine,brand,ML,2022Q4,2022-12-28,0.36284,0.36284,0.36284,1,1
carbamazepine,brand,ML,2023Q1,2023-03-29,0.39874,0.39874,0.39874,1,1
carbamazepine,brand,ML,2023Q2,2023-06-28,0.39874,0.39874,0.39874,1,1
carbamazepine,brand,ML,2023Q3,2023-09-27,0.39874,0.39874,0.39874,1,1
carbamazepine,brand,ML,2023Q4,2023-12-27,0.39874,0.39874,0.39874,1,1
carbamazepine,brand,ML,2024Q1,2024-03-27,0.41071,0.41071,0.41071,1,1
carbamazepine,brand,ML,2024Q2,2024-06-26,0.41207,0.41207,0.41207,1,1
carbamazepine,brand,ML,2024Q3,2024-09-25,0.41265,0.41265,0.41265,1,1
carbamazepine,brand,ML,2024Q4,2024-12-25,0.4131,0.4131,0.4131,1,1
carbamazepine,brand,ML,2025Q1,2025-03-26,0.42342,0.42342,0.42342,1,1
carbamazepine,brand,ML,2025Q2,2025-06-25,0.42484,0.42484,0.42484,1,1
carbamazepine,brand,ML,2025Q3,2025-09-24,0.42467,0.42467,0.42467,1,1
carbamazepine,brand,ML,2025Q4,2025-12-31,0.4252,0.4252,0.4252,1,1
carbamazepine,brand,ML,2026Q1,2026-03-25,0.43794,0.43794,0.43794,1,1
carbamazepine,brand,ML,2026Q2,2026-06-24,0.43608,0.43608,0.43608,1,1
carbamazepine,brand,ML,2026Q3,2026-09-16,0.43701,0.43701,0.43701,1,1
carbamazepine,generic,EA,2019Q1,2019-03-27,0.29998,0.28789,2.23498,49,9
carbamazepine,generic,EA,2019Q2,2019-06-26,0.3348,0.30824,2.27904,49,9
carbamazepine,generic,EA,2019Q3,2019-09-25,0.31408,0.31268,2.14807,46,9
carbamazepine,generic,EA,2019Q4,2019-12-25,0.32062,0.31144,2.31686,46,9
carbamazepine,generic,EA,2020Q1,2020-03-25,0.32389,0.31634,2.27963,48,9
carbamazepine,generic,EA,2020Q2,2020-06-24,0.35113,0.30766,2.263,45,9
carbamazepine,generic,EA,2020Q3,2020-09-30,0.31051,0.28752,2.29563,50,9
carbamazepine,generic,EA,2020Q4,2020-12-30,0.30349,0.29136,2.14399,51,9
carbamazepine,generic,EA,2021Q1,2021-03-31,0.30757,0.26655,2.2973,47,9
carbamazepine,generic,EA,2021Q2,2021-06-30,0.57291,0.27415,1.98497,50,9
carbamazepine,generic,EA,2021Q3,2021-09-29,0.58919,0.24572,1.93976,53,9
carbamazepine,generic,EA,2021Q4,2021-12-29,0.5426,0.19993,1.7409,53,9
carbamazepine,generic,EA,2022Q1,2022-03-30,0.53596,0.20856,1.58237,59,9
carbamazepine,generic,EA,2022Q2,2022-06-29,0.93623,0.20422,1.6083,67,9
carbamazepine,generic,EA,2022Q3,2022-09-28,0.72182,0.20233,1.09298,67,9
carbamazepine,generic,EA,2022Q4,2022-12-28,0.66004,0.15321,1.53507,69,9
carbamazepine,generic,EA,2023Q1,2023-03-29,0.7248,0.1566,1.37948,72,9
carbamazepine,generic,EA,2023Q2,2023-06-28,0.63387,0.16609,1.2135,72,9
carbamazepine,generic,EA,2023Q3,2023-09-27,0.53157,0.1434,1.08699,70,9
carbamazepine,generic,EA,2023Q4,2023-12-27,0.49531,0.14192,1.19846,75,9
carbamazepine,generic,EA,2024Q1,2024-03-27,0.59752,0.15822,1.09638,75,9
carbamazepine,generic,EA,2024Q2,2024-06-26,0.52211,0.15556,1.11338,73,9
carbamazepine,generic,EA,2024Q3,2024-09-25,0.49365,0.19769,1.23322,77,9
carbamazepine,generic,EA,2024Q4,2024-12-25,0.36495,0.11885,0.96479,75,9
carbamazepine,generic,EA,2025Q1,2025-03-26,0.43652,0.13844,1.12083,77,9
carbamazepine,generic,EA,2025Q2,2025-06-25,0.35575,0.12847,1.04007,78,9
carbamazepine,generic,EA,2025Q3,2025-09-24,0.2575,0.11865,1.09484,75,9
carbamazepine,generic,EA,2025Q4,2025-12-31,0.26055,0.11709,1.10642,72,9
carbamazepine,generic,EA,2026Q1,2026-03-25,0.2435,0.12282,1.14439,76,9
carbamazepine,generic,EA,2026Q2,2026-06-24,0.24436,0.11862,1.19896,75,9
carbamazepine,generic,EA,2026Q3,2026-09-16,0.37763,0.11904,1.10729,78,8
carbamazepine,generic,ML,2019Q1,2019-03-27,0.11213,0.11213,0.11213,2,1
carbamazepine,generic,ML,2019Q2,2019-06-26,0.11163,0.11163,0.11163,2,1
carbamazepine,generic,ML,2019Q3,2019-09-25,0.1164,0.1164,0.1164,2,1
carbamazepine,generic,ML,2019Q4,2019-12-25,0.12068,0.12068,0.12068,2,1
carbamazepine,generic,ML,2020Q1,2020-03-25,0.12268,0.12268,0.12268,2,1
carbamazepine,generic,ML,2020Q2,2020-06-24,0.1115,0.1115,0.1115,2,1
carbamazepine,generic,ML,2020Q3,2020-09-30,0.11136,0.11136,0.11136,2,1
carbamazepine,generic,ML,2020Q4,2020-12-30,0.11433,0.11433,0.11433,2,1
carbamazepine,generic,ML,2021Q1,2021-03-31,0.10999,0.10999,0.10999,2,1
carbamazepine,generic,ML,2021Q2,2021-06-30,0.10811,0.10811,0.10811,2,1
carbamazepine,generic,ML,2021Q3,2021-09-29,0.11652,0.11652,0.11652,2,1
carbamazepine,generic,ML,2021Q4,2021-12-29,0.11446,0.11446,0.11446,2,1
carbamazepine,generic,ML,2022Q1,2022-03-30,0.11505,0.11505,0.11505,2,1
carbamazepine,generic,ML,2022Q2,2022-06-29,0.09386,0.09386,0.09386,2,1
carbamazepine,generic,ML,2022Q3,2022-09-28,0.09738,0.09738,0.09738,2,1
carbamazepine,generic,ML,2022Q4,2022-12-28,0.11175,0.11175,0.11175,2,1
carbamazepine,generic,ML,2023Q1,2023-03-29,0.10197,0.10197,0.10197,3,1
carbamazepine,generic,ML,2023Q2,2023-06-28,0.11458,0.11458,0.11458,3,1
carbamazepine,generic,ML,2023Q3,2023-09-27,0.12085,0.12085,0.12085,3,1
carbamazepine,generic,ML,2023Q4,2023-12-27,0.13447,0.13447,0.13447,2,1
carbamazepine,generic,ML,2024Q1,2024-03-27,0.11223,0.11223,0.11223,3,1
carbamazepine,generic,ML,2024Q2,2024-06-26,0.1145,0.1145,0.1145,3,1
carbamazepine,generic,ML,2024Q3,2024-09-25,0.11351,0.11351,0.11351,3,1
carbamazepine,generic,ML,2024Q4,2024-12-25,0.11299,0.11299,0.11299,3,1
carbamazepine,generic,ML,2025Q1,2025-03-26,0.11141,0.11141,0.11141,3,1
carbamazepine,generic,ML,2025Q2,2025-06-25,0.10473,0.10473,0.10473,3,1
carbamazepine,generic,ML,2025Q3,2025-09-24,0.112,0.112,0.112,3,1
carbamazepine,generic,ML,2025Q4,2025-12-31,0.11169,0.11169,0.11169,4,1
carbamazepine,generic,ML,2026Q1,2026-03-25,0.10391,0.10391,0.10391,4,1
carbamazepine,generic,ML,2026Q2,2026-06-24,0.09692,0.09692,0.09692,4,1
carbamazepine,generic,ML,2026Q3,2026-09-16,0.09596,0.09596,0.09596,4,1
cenobamate,brand,EA,2021Q2,2021-06-30,32.90671,32.90671,32.90671,1,1
cenobamate,brand,EA,2021Q3,2021-09-29,32.94652,32.90671,32.98633,2,2
cenobamate,brand,EA,2021Q4,2021-12-29,32.90671,32.75613,32.98633,3,3
cenobamate,brand,EA,2022Q1,2022-03-30,33.91478,33.73882,33.97592,4,4
cenobamate,brand,EA,2022Q2,2022-06-29,33.95578,33.89392,33.99033,4,4
cenobamate,brand,EA,2022Q3,2022-09-28,33.95578,33.89392,33.99033,4,4
cenobamate,brand,EA,2022Q4,2022-12-28,33.95578,33.89392,33.99033,4,4
cenobamate,brand,EA,2023Q1,2023-03-29,35.65357,35.58861,35.68985,4,4
cenobamate,brand,EA,2023Q2,2023-06-28,35.65357,35.58861,35.68985,4,4
cenobamate,brand,EA,2023Q3,2023-09-27,35.65357,35.58861,35.68985,4,4
cenobamate,brand,EA,2023Q4,2023-12-27,35.55852,35.32213,35.57877,4,4
cenobamate,brand,EA,2024Q1,2024-03-27,37.69203,37.44146,37.71349,4,4
cenobamate,brand,EA,2024Q2,2024-06-26,37.72617,37.66484,37.77266,4,4
cenobamate,brand,EA,2024Q3,2024-09-25,37.73273,37.68439,37.76569,4,4
cenobamate,brand,EA,2024Q4,2024-12-25,37.71373,37.5385,37.75623,5,5
cenobamate,brand,EA,2025Q1,2025-03-26,38.84514,38.66465,38.88892,5,5
cenobamate,brand,EA,2025Q2,2025-06-25,38.76527,38.71522,38.78797,5,5
cenobamate,brand,EA,2025Q3,2025-09-24,38.77015,38.70245,38.79109,5,5
cenobamate,brand,EA,2025Q4,2025-12-31,38.76779,38.70696,38.77807,5,5
cenobamate,brand,EA,2026Q1,2026-03-25,39.93082,39.86817,39.94141,5,5
cenobamate,brand,EA,2026Q2,2026-06-24,39.87426,39.82368,39.89703,5,5
cenobamate,brand,EA,2026Q3,2026-09-16,39.86819,39.85021,39.8852,5,5
clobazam,brand,EA,2019Q1,2019-03-27,29.02909,19.33203,38.72615,2,2
clobazam,brand,EA,2019Q2,2019-06-26,29.02909,19.33203,38.72615,2,2
clobazam,brand,EA,2019Q3,2019-09-25,29.02909,19.33203,38.72615,2,2
clobazam,brand,EA,2019Q4,2019-12-25,28.87803,19.22329,38.53276,2,2
clobazam,brand,EA,2020Q1,2020-03-25,31.62143,21.0495,42.19337,2,2
clobazam,brand,EA,2020Q2,2020-06-24,31.46198,21.0495,41.87445,2,2
clobazam,brand,EA,2020Q3,2020-09-30,31.46198,21.0495,41.87445,2,2
clobazam,brand,EA,2020Q4,2020-12-30,31.51406,21.15367,41.87445,2,2
clobazam,brand,EA,2021Q1,2021-03-31,34.63992,23.16327,46.11658,2,2
clobazam,brand,EA,2021Q2,2021-06-30,34.6705,23.03824,46.30276,2,2
clobazam,brand,EA,2021Q3,2021-09-29,34.6705,23.03824,46.30276,2,2
clobazam,brand,EA,2021Q4,2021-12-29,34.75632,23.20987,46.30276,2,2
clobazam,brand,EA,2022Q1,2022-03-30,36.49413,24.37037,48.6179,2,2
clobazam,brand,EA,2022Q2,2022-06-29,36.49413,24.37037,48.6179,2,2
clobazam,brand,EA,2022Q3,2022-09-28,36.49413,24.37037,48.6179,2,2
clobazam,brand,EA,2022Q4,2022-12-28,36.49413,24.37037,48.6179,2,2
clobazam,brand,EA,2023Q1,2023-03-29,39.59613,26.44185,52.75042,2,2
clobazam,brand,EA,2023Q2,2023-06-28,39.59613,26.44185,52.75042,2,2
clobazam,brand,EA,2023Q3,2023-09-27,39.59613,26.44185,52.75042,2,2
clobazam,brand,EA,2023Q4,2023-12-27,39.5669,26.38338,52.75042,2,2
clobazam,brand,EA,2024Q1,2024-03-27,42.93008,28.62596,57.23421,2,2
clobazam,brand,EA,2024Q2,2024-06-26,31.19044,15.57389,62.67028,8,5
clobazam,brand,EA,2024Q3,2024-09-25,31.39995,15.66942,62.67028,8,5
clobazam,brand,EA,2024Q4,2024-12-25,31.28688,15.71217,62.67028,8,5
clobazam,brand,EA,2025Q1,2025-03-26,31.30818,15.68935,62.64471,8,5
clobazam,brand,EA,2025Q2,2025-06-25,32.21612,16.14434,64.4614,8,5
clobazam,brand,EA,2025Q3,2025-09-24,32.21612,16.12122,64.0965,8,5
clobazam,brand,EA,2025Q4,2025-12-31,32.12902,16.12029,64.20822,8,5
clobazam,brand,EA,2026Q1,2026-03-25,32.14687,16.09721,64.20822,8,5
clobazam,brand,EA,2026Q2,2026-06-24,32.75766,16.40306,65.42818,8,5
clobazam,brand,EA,2026Q3,2026-09-16,32.75766,16.40306,65.42818,8,5
clobazam,brand,ML,2019Q1,2019-03-27,8.44798,8.44798,8.44798,1,1
clobazam,brand,ML,2019Q2,2019-06-26,8.44798,8.44798,8.44798,1,1
clobazam,brand,ML,2019Q3,2019-09-25,8.44798,8.44798,8.44798,1,1
clobazam,brand,ML,2019Q4,2019-12-25,8.41859,8.41859,8.41859,1,1
clobazam,brand,ML,2020Q1,2020-03-25,9.21835,9.21835,9.21835,1,1
clobazam,brand,ML,2020Q2,2020-06-24,9.21835,9.21835,9.21835,1,1
clobazam,brand,ML,2020Q3,2020-09-30,9.21835,9.21835,9.21835,1,1
clobazam,brand,ML,2020Q4,2020-12-30,9.22642,9.22642,9.22642,1,1
clobazam,brand,ML,2021Q1,2021-03-31,10.10293,10.10293,10.10293,1,1
clobazam,brand,ML,2021Q2,2021-06-30,10.10293,10.10293,10.10293,1,1
clobazam,brand,ML,2021Q3,2021-09-29,10.10293,10.10293,10.10293,1,1
clobazam,brand,ML,2021Q4,2021-12-29,10.15412,10.15412,10.15412,1,1
clobazam,brand,ML,2022Q1,2022-03-30,10.66183,10.66183,10.66183,1,1
clobazam,brand,ML,2022Q2,2022-06-29,10.66183,10.66183,10.66183,1,1
clobazam,brand,ML,2022Q3,2022-09-28,10.66183,10.66183,10.66183,1,1
clobazam,brand,ML,2022Q4,2022-12-28,10.66183,10.66183,10.66183,1,1
clobazam,brand,ML,2023Q1,2023-03-29,11.56809,11.56809,11.56809,1,1
clobazam,brand,ML,2023Q2,2023-06-28,11.56809,11.56809,11.56809,1,1
clobazam,brand,ML,2023Q3,2023-09-27,11.56809,11.56809,11.56809,1,1
clobazam,brand,ML,2023Q4,2023-12-27,11.56809,11.56809,11.56809,1,1
clobazam,brand,ML,2024Q1,2024-03-27,12.55138,12.55138,12.55138,1,1
clobazam,brand,ML,2024Q2,2024-06-26,12.54098,12.54098,12.54098,1,1
clobazam,brand,ML,2024Q3,2024-09-25,12.51713,12.51713,12.51713,1,1
clobazam,brand,ML,2024Q4,2024-12-25,12.51567,12.51567,12.51567,1,1
clobazam,brand,ML,2025Q1,2025-03-26,12.51338,12.51338,12.51338,1,1
clobazam,brand,ML,2025Q2,2025-06-25,12.48583,12.48583,12.48583,1,1
clobazam,brand,ML,2025Q3,2025-09-24,12.47969,12.47969,12.47969,1,1
clobazam,brand,ML,2025Q4,2025-12-31,12.48703,12.48703,12.48703,1,1
clobazam,brand,ML,2026Q1,2026-03-25,12.48515,12.48515,12.48515,1,1
clobazam,brand,ML,2026Q2,2026-06-24,12.48295,12.48295,12.48295,1,1
clobazam,brand,ML,2026Q3,2026-09-16,12.47667,12.47667,12.47667,1,1
clobazam,generic,EA,2019Q1,2019-03-27,1.08366,0.70926,1.45805,16,2
clobazam,generic,EA,2019Q2,2019-06-26,0.51086,0.51086,1.16702,22,2
clobazam,generic,EA,2019Q3,2019-09-25,0.38711,0.38711,0.78152,26,2
clobazam,generic,EA,2019Q4,2019-12-25,0.51537,0.51537,1.03423,26,2
clobazam,generic,EA,2020Q1,2020-03-25,0.45302,0.45302,1.07267,28,2
clobazam,generic,EA,2020Q2,2020-06-24,0.43985,0.43985,1.12236,28,2
clobazam,generic,EA,2020Q3,2020-09-30,0.40461,0.40461,0.77439,30,2
clobazam,generic,EA,2020Q4,2020-12-30,0.36317,0.36317,1.09327,30,2
clobazam,generic,EA,2021Q1,2021-03-31,0.35352,0.35352,0.7083,30,2
clobazam,generic,EA,2021Q2,2021-06-30,0.32164,0.32164,0.7575,30,2
clobazam,generic,EA,2021Q3,2021-09-29,0.32977,0.32977,0.74171,30,2
clobazam,generic,EA,2021Q4,2021-12-29,0.29958,0.29958,0.47351,29,2
clobazam,generic,EA,2022Q1,2022-03-30,0.37729,0.37729,0.71967,28,2
clobazam,generic,EA,2022Q2,2022-06-29,0.39068,0.39068,0.78801,26,2
clobazam,generic,EA,2022Q3,2022-09-28,0.39192,0.39192,0.62631,26,2
clobazam,generic,EA,2022Q4,2022-12-28,0.3685,0.3685,0.49374,26,2
clobazam,generic,EA,2023Q1,2023-03-29,0.3309,0.3309,0.75379,24,2
clobazam,generic,EA,2023Q2,2023-06-28,0.42271,0.42271,0.62177,22,2
clobazam,generic,EA,2023Q3,2023-09-27,0.37389,0.37389,0.54468,22,2
clobazam,generic,EA,2023Q4,2023-12-27,0.35312,0.35312,0.79807,22,2
clobazam,generic,EA,2024Q1,2024-03-27,0.32456,0.32456,0.66324,20,2
clobazam,generic,EA,2024Q2,2024-06-26,0.32325,0.32325,0.5988,20,2
clobazam,generic,EA,2024Q3,2024-09-25,0.3619,0.3619,0.82907,20,2
clobazam,generic,EA,2024Q4,2024-12-25,0.23962,0.23962,0.46872,18,2
clobazam,generic,EA,2025Q1,2025-03-26,0.26738,0.26738,0.49825,17,2
clobazam,generic,EA,2025Q2,2025-06-25,0.2472,0.2472,0.49426,17,2
clobazam,generic,EA,2025Q3,2025-09-24,0.24976,0.24976,0.4174,16,2
clobazam,generic,EA,2025Q4,2025-12-31,0.25734,0.25734,0.4352,18,2
clobazam,generic,EA,2026Q1,2026-03-25,0.27748,0.27748,0.47013,18,2
clobazam,generic,EA,2026Q2,2026-06-24,0.22167,0.22167,0.47933,16,2
clobazam,generic,EA,2026Q3,2026-09-16,0.24734,0.24734,0.39018,16,2
clobazam,generic,ML,2019Q1,2019-03-27,1.33196,1.33196,1.33196,5,1
clobazam,generic,ML,2019Q2,2019-06-26,1.15858,1.15858,1.15858,5,1
clobazam,generic,ML,2019Q3,2019-09-25,0.65718,0.65718,0.65718,6,1
clobazam,generic,ML,2019Q4,2019-12-25,0.70268,0.70268,0.70268,7,1
clobazam,generic,ML,2020Q1,2020-03-25,0.68658,0.68658,0.68658,7,1
clobazam,generic,ML,2020Q2,2020-06-24,0.61866,0.61866,0.61866,7,1
clobazam,generic,ML,2020Q3,2020-09-30,0.44684,0.44684,0.44684,7,1
clobazam,generic,ML,2020Q4,2020-12-30,0.55855,0.55855,0.55855,8,1
clobazam,generic,ML,2021Q1,2021-03-31,0.51411,0.51411,0.51411,8,1
clobazam,generic,ML,2021Q2,2021-06-30,0.4431,0.4431,0.4431,8,1
clobazam,generic,ML,2021Q3,2021-09-29,0.40661,0.40661,0.40661,9,1
clobazam,generic,ML,2021Q4,2021-12-29,0.60744,0.60744,0.60744,10,1
clobazam,generic,ML,2022Q1,2022-03-30,0.50176,0.50176,0.50176,9,1
clobazam,generic,ML,2022Q2,2022-06-29,0.40435,0.40435,0.40435,9,1
clobazam,generic,ML,2022Q3,2022-09-28,0.34,0.34,0.34,9,1
clobazam,generic,ML,2022Q4,2022-12-28,0.31557,0.31557,0.31557,11,1
clobazam,generic,ML,2023Q1,2023-03-29,0.25592,0.25592,0.25592,11,1
clobazam,generic,ML,2023Q2,2023-06-28,0.29757,0.29757,0.29757,12,1
clobazam,generic,ML,2023Q3,2023-09-27,0.26558,0.26558,0.26558,10,1
clobazam,generic,ML,2023Q4,2023-12-27,0.2387,0.2387,0.2387,9,1
clobazam,generic,ML,2024Q1,2024-03-27,0.23097,0.23097,0.23097,9,1
clobazam,generic,ML,2024Q2,2024-06-26,0.18046,0.18046,0.18046,9,1
clobazam,generic,ML,2024Q3,2024-09-25,0.20675,0.20675,0.20675,9,1
clobazam,generic,ML,2024Q4,2024-12-25,0.22929,0.22929,0.22929,8,1
clobazam,generic,ML,2025Q1,2025-03-26,0.19414,0.19414,0.19414,8,1
clobazam,generic,ML,2025Q2,2025-06-25,0.19012,0.19012,0.19012,8,1
clobazam,generic,ML,2025Q3,2025-09-24,0.19169,0.19169,0.19169,7,1
clobazam,generic,ML,2025Q4,2025-12-31,0.18891,0.18891,0.18891,7,1
clobazam,generic,ML,2026Q1,2026-03-25,0.15518,0.15518,0.15518,7,1
clobazam,generic,ML,2026Q2,2026-06-24,0.16083,0.16083,0.16083,7,1
clobazam,generic,ML,2026Q3,2026-09-16,0.16869,0.16869,0.16869,7,1
eslicarbazepine,brand,EA,2019Q1,2019-03-27,31.01417,30.90685,31.07502,4,4
eslicarbazepine,brand,EA,2019Q2,2019-06-26,31.01417,30.90685,31.07502,4,4
eslicarbazepine,brand,EA,2019Q3,2019-09-25,31.01417,30.90685,31.07502,4,4
eslicarbazepine,brand,EA,2019Q4,2019-12-25,30.85325,30.82497,31.03181,4,4
eslicarbazepine,brand,EA,2020Q1,2020-03-25,32.43976,32.33417,32.55113,4,4
eslicarbazepine,brand,EA,2020Q2,2020-06-24,32.35314,32.26067,32.5074,4,4
eslicarbazepine,brand,EA,2020Q3,2020-09-30,32.35314,32.26067,32.5074,4,4
eslicarbazepine,brand,EA,2020Q4,2020-12-30,32.47031,32.3587,32.73367,4,4
eslicarbazepine,brand,EA,2021Q1,2021-03-31,33.99545,33.87859,34.27117,4,4
eslicarbazepine,brand,EA,2021Q2,2021-06-30,33.93847,33.61238,34.27117,4,4
eslicarbazepine,brand,EA,2021Q3,2021-09-29,34.04747,33.99834,34.27117,4,4
eslicarbazepine,brand,EA,2021Q4,2021-12-29,34.02922,33.892,34.05748,4,4
eslicarbazepine,brand,EA,2022Q1,2022-03-30,35.86306,35.71844,35.89284,4,4
eslicarbazepine,brand,EA,2022Q2,2022-06-29,35.86306,35.71844,35.89284,4,4
eslicarbazepine,brand,EA,2022Q3,2022-09-28,35.86306,35.71844,35.89284,4,4
eslicarbazepine,brand,EA,2022Q4,2022-12-28,35.86306,35.71844,35.89284,4,4
eslicarbazepine,brand,EA,2023Q1,2023-03-29,38.36917,38.21444,38.40103,4,4
eslicarbazepine,brand,EA,2023Q2,2023-06-28,38.36917,38.21444,38.40103,4,4
eslicarbazepine,brand,EA,2023Q3,2023-09-27,38.36917,38.21444,38.40103,4,4
eslicarbazepine,brand,EA,2023Q4,2023-12-27,38.28679,38.24175,38.42753,4,4
eslicarbazepine,brand,EA,2024Q1,2024-03-27,40.58629,40.53855,40.73549,4,4
eslicarbazepine,brand,EA,2024Q2,2024-06-26,40.58187,40.54879,40.61087,4,4
eslicarbazepine,brand,EA,2024Q3,2024-09-25,40.59108,40.55894,40.6705,4,4
eslicarbazepine,brand,EA,2024Q4,2024-12-25,40.57715,40.57159,40.66163,4,4
eslicarbazepine,brand,EA,2025Q1,2025-03-26,43.01138,43.00549,43.10092,4,4
eslicarbazepine,brand,EA,2025Q2,2025-06-25,42.99084,42.96761,43.0055,4,4
eslicarbazepine,brand,EA,2025Q3,2025-09-24,42.98902,42.97575,43.00742,4,4
eslicarbazepine,brand,EA,2025Q4,2025-12-31,42.95573,42.93659,43.0572,4,4
eslicarbazepine,brand,EA,2026Q1,2026-03-25,44.24441,44.22469,44.34892,4,4
eslicarbazepine,brand,EA,2026Q2,2026-06-24,44.29927,44.24295,44.40393,4,4
eslicarbazepine,brand,EA,2026Q3,2026-09-16,44.21645,44.03997,44.40393,4,4
eslicarbazepine,generic,EA,2025Q3,2025-09-24,4.07794,3.46213,5.01068,24,4
eslicarbazepine,generic,EA,2025Q4,2025-12-31,3.54576,3.29428,4.18473,24,4
eslicarbazepine,generic,EA,2026Q1,2026-03-25,3.38417,3.04609,3.92072,24,4
eslicarbazepine,generic,EA,2026Q2,2026-06-24,2.79046,2.05647,2.94817,24,4
eslicarbazepine,generic,EA,2026Q3,2026-09-16,2.11183,1.58268,2.78385,28,4
ethosuximide,brand,EA,2025Q4,2025-12-31,1.30857,1.30857,1.30857,1,1
ethosuximide,brand,EA,2026Q1,2026-03-25,1.30857,1.30857,1.30857,1,1
ethosuximide,brand,EA,2026Q2,2026-06-24,1.30857,1.30857,1.30857,1,1
ethosuximide,brand,EA,2026Q3,2026-09-16,1.30857,1.30857,1.30857,1,1
ethosuximide,generic,EA,2019Q1,2019-03-27,0.74512,0.74512,0.74512,5,1
ethosuximide,generic,EA,2019Q2,2019-06-26,0.83461,0.83461,0.83461,4,1
ethosuximide,generic,EA,2019Q3,2019-09-25,0.65391,0.65391,0.65391,4,1
ethosuximide,generic,EA,2019Q4,2019-12-25,0.78811,0.78811,0.78811,4,1
ethosuximide,generic,EA,2020Q1,2020-03-25,0.75054,0.75054,0.75054,4,1
ethosuximide,generic,EA,2020Q2,2020-06-24,0.73604,0.73604,0.73604,4,1
ethosuximide,generic,EA,2020Q3,2020-09-30,0.58726,0.58726,0.58726,5,1
ethosuximide,generic,EA,2020Q4,2020-12-30,0.66479,0.66479,0.66479,6,1
ethosuximide,generic,EA,2021Q1,2021-03-31,0.53453,0.53453,0.53453,6,1
ethosuximide,generic,EA,2021Q2,2021-06-30,0.46314,0.46314,0.46314,6,1
ethosuximide,generic,EA,2021Q3,2021-09-29,0.56342,0.56342,0.56342,6,1
ethosuximide,generic,EA,2021Q4,2021-12-29,0.28885,0.28885,0.28885,6,1
ethosuximide,generic,EA,2022Q1,2022-03-30,0.61011,0.61011,0.61011,6,1
ethosuximide,generic,EA,2022Q2,2022-06-29,0.43619,0.43619,0.43619,6,1
ethosuximide,generic,EA,2022Q3,2022-09-28,0.56738,0.56738,0.56738,6,1
ethosuximide,generic,EA,2022Q4,2022-12-28,0.4009,0.4009,0.4009,6,1
ethosuximide,generic,EA,2023Q1,2023-03-29,0.41361,0.41361,0.41361,6,1
ethosuximide,generic,EA,2023Q2,2023-06-28,0.30509,0.30509,0.30509,7,1
ethosuximide,generic,EA,2023Q3,2023-09-27,0.3886,0.3886,0.3886,6,1
ethosuximide,generic,EA,2023Q4,2023-12-27,0.33005,0.33005,0.33005,6,1
ethosuximide,generic,EA,2024Q1,2024-03-27,0.35095,0.35095,0.35095,6,1
ethosuximide,generic,EA,2024Q2,2024-06-26,0.27425,0.27425,0.27425,7,1
ethosuximide,generic,EA,2024Q3,2024-09-25,0.27532,0.27532,0.27532,7,1
ethosuximide,generic,EA,2024Q4,2024-12-25,0.23042,0.23042,0.23042,7,1
ethosuximide,generic,EA,2025Q1,2025-03-26,0.26006,0.26006,0.26006,6,1
ethosuximide,generic,EA,2025Q2,2025-06-25,0.26487,0.26487,0.26487,6,1
ethosuximide,generic,EA,2025Q3,2025-09-24,0.22102,0.22102,0.22102,6,1
ethosuximide,generic,EA,2025Q4,2025-12-31,0.25948,0.25948,0.25948,6,1
ethosuximide,generic,EA,2026Q1,2026-03-25,0.24722,0.24722,0.24722,6,1
ethosuximide,generic,EA,2026Q2,2026-06-24,0.25234,0.25234,0.25234,6,1
ethosuximide,generic,EA,2026Q3,2026-09-16,0.2483,0.2483,0.2483,5,1
ethosuximide,generic,ML,2019Q1,2019-03-27,0.2006,0.2006,0.2006,2,1
ethosuximide,generic,ML,2019Q2,2019-06-26,0.21539,0.21539,0.21539,2,1
ethosuximide,generic,ML,2019Q3,2019-09-25,0.21528,0.21528,0.21528,2,1
ethosuximide,generic,ML,2019Q4,2019-12-25,0.19382,0.19382,0.19382,2,1
ethosuximide,generic,ML,2020Q1,2020-03-25,0.21952,0.21952,0.21952,2,1
ethosuximide,generic,ML,2020Q2,2020-06-24,0.20724,0.20724,0.20724,2,1
ethosuximide,generic,ML,2020Q3,2020-09-30,0.14857,0.14857,0.14857,2,1
ethosuximide,generic,ML,2020Q4,2020-12-30,0.15797,0.15797,0.15797,2,1
ethosuximide,generic,ML,2021Q2,2021-06-30,0.17416,0.17416,0.17416,4,1
ethosuximide,generic,ML,2021Q3,2021-09-29,0.19414,0.19414,0.19414,3,1
ethosuximide,generic,ML,2021Q4,2021-12-29,0.21765,0.21765,0.21765,3,1
ethosuximide,generic,ML,2022Q1,2022-03-30,0.15831,0.15831,0.15831,3,1
ethosuximide,generic,ML,2022Q2,2022-06-29,0.07751,0.07751,0.07751,3,1
ethosuximide,generic,ML,2022Q3,2022-09-28,0.08112,0.08112,0.08112,4,1
ethosuximide,generic,ML,2022Q4,2022-12-28,0.08588,0.08588,0.08588,4,1
ethosuximide,generic,ML,2023Q1,2023-03-29,0.07012,0.07012,0.07012,4,1
ethosuximide,generic,ML,2023Q2,2023-06-28,0.08488,0.08488,0.08488,4,1
ethosuximide,generic,ML,2023Q3,2023-09-27,0.0864,0.0864,0.0864,2,1
ethosuximide,generic,ML,2023Q4,2023-12-27,0.08122,0.08122,0.08122,2,1
ethosuximide,generic,ML,2024Q1,2024-03-27,0.09316,0.09316,0.09316,2,1
ethosuximide,generic,ML,2024Q2,2024-06-26,0.07413,0.07413,0.07413,2,1
ethosuximide,generic,ML,2024Q3,2024-09-25,0.08633,0.08633,0.08633,2,1
ethosuximide,generic,ML,2024Q4,2024-12-25,0.07611,0.07611,0.07611,2,1
ethosuximide,generic,ML,2025Q1,2025-03-26,0.09653,0.09653,0.09653,2,1
ethosuximide,generic,ML,2025Q2,2025-06-25,0.09653,0.09653,0.09653,2,1
ethosuximide,generic,ML,2025Q3,2025-09-24,0.09653,0.09653,0.09653,2,1
ethosuximide,generic,ML,2025Q4,2025-12-31,0.09475,0.09475,0.09475,2,1
ethosuximide,generic,ML,2026Q1,2026-03-25,0.09216,0.09216,0.09216,2,1
ethosuximide,generic,ML,2026Q2,2026-06-24,0.08934,0.08934,0.08934,2,1
ethosuximide,generic,ML,2026Q3,2026-09-16,0.09388,0.09388,0.09388,2,1
felbamate,brand,EA,2019Q4,2019-12-25,12.95468,12.95468,12.95468,1,1
felbamate,brand,EA,2020Q1,2020-03-25,13.79673,13.79673,13.79673,1,1
felbamate,brand,EA,2020Q2,2020-06-24,13.79673,13.79673,13.79673,1,1
felbamate,brand,EA,2020Q3,2020-09-30,13.86217,13.86217,13.86217,1,1
felbamate,brand,EA,2020Q4,2020-12-30,12.98833,12.1145,13.86217,2,2
felbamate,brand,EA,2021Q1,2021-03-31,13.6787,12.72023,14.63716,2,2
felbamate,brand,EA,2021Q2,2021-06-30,13.6787,12.72023,14.63716,2,2
felbamate,brand,EA,2021Q3,2021-09-29,13.6787,12.72023,14.63716,2,2
felbamate,brand,EA,2021Q4,2021-12-29,13.6787,12.72023,14.63716,2,2
felbamate,brand,EA,2022Q1,2022-03-30,15.09657,15.09657,15.09657,1,1
felbamate,brand,EA,2022Q2,2022-06-29,15.09657,15.09657,15.09657,1,1
felbamate,brand,EA,2022Q3,2022-09-28,15.09657,15.09657,15.09657,1,1
felbamate,brand,EA,2022Q4,2022-12-28,15.09657,15.09657,15.09657,1,1
felbamate,brand,EA,2023Q1,2023-03-29,16.15333,16.15333,16.15333,1,1
felbamate,brand,EA,2023Q2,2023-06-28,16.15333,16.15333,16.15333,1,1
felbamate,brand,EA,2023Q3,2023-09-27,16.15333,16.15333,16.15333,1,1
felbamate,brand,EA,2023Q4,2023-12-27,16.15333,16.15333,16.15333,1,1
felbamate,brand,EA,2024Q1,2024-03-27,16.15333,16.15333,16.15333,1,1
felbamate,brand,EA,2024Q2,2024-06-26,15.0955,14.05198,16.13902,2,2
felbamate,brand,EA,2024Q3,2024-09-25,15.08104,14.09612,16.06596,2,2
felbamate,brand,EA,2024Q4,2024-12-25,15.05545,14.02719,16.08372,2,2
felbamate,brand,EA,2025Q1,2025-03-26,15.80823,14.72855,16.88791,2,2
felbamate,brand,EA,2025Q2,2025-06-25,15.82784,14.76778,16.88791,2,2
felbamate,brand,EA,2025Q3,2025-09-24,15.87984,14.82745,16.93223,2,2
felbamate,brand,EA,2025Q4,2025-12-31,15.83376,14.80744,16.86009,2,2
felbamate,brand,EA,2026Q1,2026-03-25,15.83785,14.79566,16.88004,2,2
felbamate,brand,EA,2026Q2,2026-06-24,15.80662,14.77004,16.84319,2,2
felbamate,brand,EA,2026Q3,2026-09-16,15.76514,14.68507,16.84521,2,2
felbamate,generic,EA,2019Q1,2019-03-27,2.62889,2.59415,2.66363,20,2
felbamate,generic,EA,2019Q2,2019-06-26,2.80245,2.32032,3.28458,20,2
felbamate,generic,EA,2019Q3,2019-09-25,2.8592,2.43382,3.28458,18,2
felbamate,generic,EA,2019Q4,2019-12-25,2.9299,2.9299,3.059,19,2
felbamate,generic,EA,2020Q1,2020-03-25,2.52422,2.52422,2.93439,19,2
felbamate,generic,EA,2020Q2,2020-06-24,2.60895,2.60895,3.16874,19,2
felbamate,generic,EA,2020Q3,2020-09-30,2.60412,2.60412,3.16874,19,2
felbamate,generic,EA,2020Q4,2020-12-30,2.44438,2.05645,2.44438,19,2
felbamate,generic,EA,2021Q1,2021-03-31,3.07085,2.05645,3.07085,18,2
felbamate,generic,EA,2021Q2,2021-06-30,2.12913,2.05645,2.12913,17,2
felbamate,generic,EA,2021Q3,2021-09-29,1.56185,1.56185,1.70221,19,2
felbamate,generic,EA,2021Q4,2021-12-29,2.8194,1.17562,2.8194,18,2
felbamate,generic,EA,2022Q1,2022-03-30,1.94824,1.17562,1.94824,18,2
felbamate,generic,EA,2022Q2,2022-06-29,1.57337,1.17562,1.57337,18,2
felbamate,generic,EA,2022Q3,2022-09-28,1.38525,1.38525,1.82477,17,2
felbamate,generic,EA,2022Q4,2022-12-28,1.44233,1.05427,1.44233,20,2
felbamate,generic,EA,2023Q1,2023-03-29,1.28457,1.01727,1.28457,19,2
felbamate,generic,EA,2023Q2,2023-06-28,0.94122,0.94122,1.37184,19,2
felbamate,generic,EA,2023Q3,2023-09-27,1.42735,0.99006,1.42735,19,2
felbamate,generic,EA,2023Q4,2023-12-27,1.29555,1.00131,1.29555,19,2
felbamate,generic,EA,2024Q1,2024-03-27,1.36022,0.99392,1.36022,18,2
felbamate,generic,EA,2024Q2,2024-06-26,1.18049,0.94535,1.18049,18,2
felbamate,generic,EA,2024Q3,2024-09-25,1.31679,0.95238,1.31679,17,2
felbamate,generic,EA,2024Q4,2024-12-25,1.22642,0.82488,1.22642,17,2
felbamate,generic,EA,2025Q1,2025-03-26,1.69152,0.92011,1.69152,16,2
felbamate,generic,EA,2025Q2,2025-06-25,1.42562,0.91776,1.42562,15,2
felbamate,generic,EA,2025Q3,2025-09-24,1.40936,0.96568,1.40936,15,2
felbamate,generic,EA,2025Q4,2025-12-31,1.37648,0.97447,1.37648,15,2
felbamate,generic,EA,2026Q1,2026-03-25,1.22936,1.02082,1.22936,15,2
felbamate,generic,EA,2026Q2,2026-06-24,1.23172,0.71235,1.23172,14,2
felbamate,generic,EA,2026Q3,2026-09-16,1.01413,0.72652,1.01413,14,2
felbamate,generic,ML,2024Q1,2024-03-27,0.44031,0.44031,0.44031,4,1
felbamate,generic,ML,2024Q2,2024-06-26,0.41428,0.41428,0.41428,4,1
felbamate,generic,ML,2024Q3,2024-09-25,0.46635,0.33073,0.60196,8,1
felbamate,generic,ML,2024Q4,2024-12-25,0.46163,0.3213,0.60196,8,1
felbamate,generic,ML,2025Q1,2025-03-26,0.45815,0.31434,0.60196,8,1
felbamate,generic,ML,2025Q2,2025-06-25,0.46432,0.32667,0.60196,8,1
felbamate,generic,ML,2025Q3,2025-09-24,0.36376,0.36376,0.36376,3,1
felbamate,generic,ML,2025Q4,2025-12-31,0.3693,0.3693,0.3693,3,1
felbamate,generic,ML,2026Q1,2026-03-25,0.36794,0.36794,0.36794,3,1
felbamate,generic,ML,2026Q2,2026-06-24,0.33082,0.33082,0.33082,3,1
felbamate,generic,ML,2026Q3,2026-09-16,0.33516,0.33516,0.33516,3,1
lacosamide,brand,EA,2019Q1,2019-03-27,14.23536,8.86099,14.67944,8,4
lacosamide,brand,EA,2019Q2,2019-06-26,14.23536,8.86099,14.67944,8,4
lacosamide,brand,EA,2019Q3,2019-09-25,14.23536,8.86099,14.67944,8,4
lacosamide,brand,EA,2019Q4,2019-12-25,14.20475,8.84447,14.61981,8,4
lacosamide,brand,EA,2020Q1,2020-03-25,14.63075,9.10971,15.05841,8,4
lacosamide,brand,EA,2020Q2,2020-06-24,14.63075,9.10971,15.05841,8,4
lacosamide,brand,EA,2020Q3,2020-09-30,14.63075,9.10971,15.05841,8,4
lacosamide,brand,EA,2020Q4,2020-12-30,14.66598,9.09244,15.07635,8,4
lacosamide,brand,EA,2021Q1,2021-03-31,15.38462,9.53797,15.81509,8,4
lacosamide,brand,EA,2021Q2,2021-06-30,15.38462,9.53797,15.81509,8,4
lacosamide,brand,EA,2021Q3,2021-09-29,15.38462,9.53797,15.81509,8,4
lacosamide,brand,EA,2021Q4,2021-12-29,15.36287,9.56716,15.80527,8,4
lacosamide,brand,EA,2022Q1,2022-03-30,16.42291,10.22739,16.89584,8,4
lacosamide,brand,EA,2022Q2,2022-06-29,16.42291,10.22739,16.89584,8,4
lacosamide,brand,EA,2022Q3,2022-09-28,16.42225,10.21007,16.89365,8,4
lacosamide,brand,EA,2022Q4,2022-12-28,16.42291,10.19385,16.92114,8,4
lacosamide,brand,EA,2023Q1,2023-03-29,17.39186,10.79518,17.91949,8,4
lacosamide,brand,EA,2023Q2,2023-06-28,17.39186,10.79518,17.91949,8,4
lacosamide,brand,EA,2023Q3,2023-09-27,17.39186,10.79518,17.91949,8,4
lacosamide,brand,EA,2023Q4,2023-12-27,17.35214,10.79391,17.87758,8,4
lacosamide,brand,EA,2024Q1,2024-03-27,18.13298,11.27964,18.68208,8,4
lacosamide,brand,EA,2024Q2,2024-06-26,18.14453,11.28797,18.75595,8,4
lacosamide,brand,EA,2024Q3,2024-09-25,18.1602,11.28435,18.73293,8,4
lacosamide,brand,EA,2024Q4,2024-12-25,18.15384,11.29077,18.70183,8,4
lacosamide,brand,EA,2025Q1,2025-03-26,19.15061,11.57315,20.38473,9,5
lacosamide,brand,EA,2025Q2,2025-06-25,19.16006,11.55849,20.34388,9,5
lacosamide,brand,EA,2025Q3,2025-09-24,19.14971,11.54791,20.647,9,5
lacosamide,brand,EA,2025Q4,2025-12-31,19.14045,11.55418,20.68809,11,7
lacosamide,brand,EA,2026Q1,2026-03-25,19.63811,11.85458,21.31163,11,7
lacosamide,brand,EA,2026Q2,2026-06-24,19.62085,11.82157,21.30319,11,7
lacosamide,brand,EA,2026Q3,2026-09-16,19.62285,11.82921,21.5109,11,7
lacosamide,brand,ML,2019Q1,2019-03-27,1.59769,1.47614,1.71923,2,1
lacosamide,brand,ML,2019Q2,2019-06-26,1.59769,1.47614,1.71923,2,1
lacosamide,brand,ML,2019Q3,2019-09-25,1.59769,1.47614,1.71923,2,1
lacosamide,brand,ML,2019Q4,2019-12-25,1.59171,1.47269,1.71074,2,1
lacosamide,brand,ML,2020Q1,2020-03-25,1.63945,1.51686,1.76203,2,1
lacosamide,brand,ML,2020Q2,2020-06-24,1.63945,1.51686,1.76203,2,1
lacosamide,brand,ML,2020Q3,2020-09-30,1.76203,1.51686,1.76203,3,1
lacosamide,brand,ML,2020Q4,2020-12-30,1.76397,1.51743,1.76397,3,1
lacosamide,brand,ML,2021Q1,2021-03-31,1.85043,1.51743,1.85043,3,1
lacosamide,brand,ML,2021Q2,2021-06-30,1.85043,1.51743,1.85043,3,1
lacosamide,brand,ML,2021Q3,2021-09-29,1.85043,1.51743,1.85043,3,1
lacosamide,brand,ML,2021Q4,2021-12-29,1.85524,1.85524,1.85524,2,1
lacosamide,brand,ML,2022Q1,2022-03-30,1.98325,1.98325,1.98325,2,1
lacosamide,brand,ML,2022Q2,2022-06-29,1.98325,1.98325,1.98325,2,1
lacosamide,brand,ML,2022Q3,2022-09-28,1.98325,1.98325,1.98325,2,1
lacosamide,brand,ML,2022Q4,2022-12-28,1.98325,1.98325,1.98325,2,1
lacosamide,brand,ML,2023Q1,2023-03-29,2.10029,2.10029,2.10029,2,1
lacosamide,brand,ML,2023Q2,2023-06-28,2.10029,2.10029,2.10029,1,1
lacosamide,brand,ML,2023Q3,2023-09-27,2.10029,2.10029,2.10029,1,1
lacosamide,brand,ML,2023Q4,2023-12-27,2.0921,2.0921,2.0921,1,1
lacosamide,brand,ML,2024Q1,2024-03-27,2.18625,2.18625,2.18625,1,1
lacosamide,brand,ML,2024Q2,2024-06-26,2.19147,2.19147,2.19147,1,1
lacosamide,brand,ML,2024Q3,2024-09-25,2.1884,2.1884,2.1884,1,1
lacosamide,brand,ML,2024Q4,2024-12-25,2.18888,2.18888,2.18888,1,1
lacosamide,brand,ML,2025Q1,2025-03-26,2.24363,2.24363,2.24363,1,1
lacosamide,brand,ML,2025Q2,2025-06-25,2.25164,2.25164,2.25164,1,1
lacosamide,brand,ML,2025Q3,2025-09-24,2.25012,2.25012,2.25012,1,1
lacosamide,brand,ML,2025Q4,2025-12-31,2.24138,2.24138,2.24138,1,1
lacosamide,brand,ML,2026Q1,2026-03-25,2.29965,2.29965,2.29965,1,1
lacosamide,brand,ML,2026Q2,2026-06-24,2.2882,2.2882,2.2882,1,1
lacosamide,brand,ML,2026Q3,2026-09-16,2.29765,2.29765,2.29765,1,1
lacosamide,generic,EA,2022Q2,2022-06-29,0.44364,0.26801,0.54481,40,4
lacosamide,generic,EA,2022Q3,2022-09-28,0.33197,0.20098,0.45752,46,4
lacosamide,generic,EA,2022Q4,2022-12-28,0.29041,0.20231,0.42212,50,4
lacosamide,generic,EA,2023Q1,2023-03-29,0.32854,0.19021,0.45782,50,4
lacosamide,generic,EA,2023Q2,2023-06-28,0.34459,0.19766,0.42962,50,4
lacosamide,generic,EA,2023Q3,2023-09-27,0.29903,0.19025,0.41042,58,4
lacosamide,generic,EA,2023Q4,2023-12-27,0.29825,0.18527,0.40769,60,4
lacosamide,generic,EA,2024Q1,2024-03-27,0.29572,0.18101,0.42262,65,4
lacosamide,generic,EA,2024Q2,2024-06-26,0.2773,0.16895,0.38159,65,4
lacosamide,generic,EA,2024Q3,2024-09-25,0.27875,0.17986,0.38774,66,4
lacosamide,generic,EA,2024Q4,2024-12-25,0.22833,0.13599,0.30397,66,4
lacosamide,generic,EA,2025Q1,2025-03-26,0.25136,0.15122,0.31622,63,4
lacosamide,generic,EA,2025Q2,2025-06-25,0.21809,0.14137,0.30542,62,4
lacosamide,generic,EA,2025Q3,2025-09-24,0.2058,0.12931,0.30262,62,4
lacosamide,generic,EA,2025Q4,2025-12-31,0.19826,0.13127,0.30432,62,4
lacosamide,generic,EA,2026Q1,2026-03-25,0.17376,0.10756,0.2857,62,4
lacosamide,generic,EA,2026Q2,2026-06-24,0.17157,0.1108,0.27666,62,4
lacosamide,generic,EA,2026Q3,2026-09-16,0.16758,0.11527,0.24661,62,4
lacosamide,generic,ML,2022Q3,2022-09-28,0.11526,0.11526,0.11526,3,2
lacosamide,generic,ML,2022Q4,2022-12-28,0.16934,0.16934,0.16934,4,2
lacosamide,generic,ML,2023Q1,2023-03-29,0.13492,0.13492,0.13492,4,2
lacosamide,generic,ML,2023Q2,2023-06-28,0.12302,0.12302,0.12302,4,2
lacosamide,generic,ML,2023Q3,2023-09-27,0.12185,0.12185,0.12185,5,2
lacosamide,generic,ML,2023Q4,2023-12-27,0.12714,0.12714,0.12714,6,2
lacosamide,generic,ML,2024Q1,2024-03-27,0.14753,0.14753,0.14753,7,2
lacosamide,generic,ML,2024Q2,2024-06-26,0.13684,0.13684,0.13684,6,2
lacosamide,generic,ML,2024Q3,2024-09-25,0.1302,0.1302,0.1302,8,2
lacosamide,generic,ML,2024Q4,2024-12-25,0.10597,0.10597,0.10597,9,2
lacosamide,generic,ML,2025Q1,2025-03-26,0.12639,0.12639,0.1416,13,2
lacosamide,generic,ML,2025Q2,2025-06-25,0.10718,0.10718,0.13994,13,2
lacosamide,generic,ML,2025Q3,2025-09-24,0.107,0.107,0.14143,13,2
lacosamide,generic,ML,2025Q4,2025-12-31,0.09465,0.09465,0.12252,13,2
lacosamide,generic,ML,2026Q1,2026-03-25,0.09508,0.09508,0.11984,13,2
lacosamide,generic,ML,2026Q2,2026-06-24,0.08447,0.08447,0.11984,15,3
lacosamide,generic,ML,2026Q3,2026-09-16,0.08203,0.08203,0.08203,15,3
lamotrigine,brand,EA,2019Q1,2019-03-27,14.75275,11.02044,37.21671,12,12
lamotrigine,brand,EA,2019Q2,2019-06-26,14.75275,11.02044,37.21671,12,12
lamotrigine,brand,EA,2019Q3,2019-09-25,14.75275,11.02044,37.21671,12,12
lamotrigine,brand,EA,2019Q4,2019-12-25,14.68267,11.02044,36.79253,12,12
lamotrigine,brand,EA,2020Q1,2020-03-25,15.12315,11.35116,37.89631,12,12
lamotrigine,brand,EA,2020Q2,2020-06-24,15.14512,11.35116,38.0794,12,12
lamotrigine,brand,EA,2020Q3,2020-09-30,15.14512,11.35116,38.0794,12,12
lamotrigine,brand,EA,2020Q4,2020-12-30,15.14512,11.35116,38.0794,12,12
lamotrigine,brand,EA,2021Q1,2021-03-31,15.90231,11.91872,39.98337,12,12
lamotrigine,brand,EA,2021Q2,2021-06-30,15.82596,11.91872,39.98337,12,12
lamotrigine,brand,EA,2021Q3,2021-09-29,15.9229,11.91872,39.98337,12,12
lamotrigine,brand,EA,2021Q4,2021-12-29,15.9229,11.91872,40.1,12,12
lamotrigine,brand,EA,2022Q1,2022-03-30,17.03751,12.75303,42.907,12,12
lamotrigine,brand,EA,2022Q2,2022-06-29,17.03751,12.75303,42.907,12,12
lamotrigine,brand,EA,2022Q3,2022-09-28,17.03751,12.75303,42.907,12,12
lamotrigine,brand,EA,2022Q4,2022-12-28,17.03751,12.75303,42.907,12,12
lamotrigine,brand,EA,2023Q1,2023-03-29,18.34939,13.83777,46.21084,12,12
lamotrigine,brand,EA,2023Q2,2023-06-28,18.34939,13.83777,46.21084,12,12
lamotrigine,brand,EA,2023Q3,2023-09-27,18.34939,13.83777,46.21084,12,12
lamotrigine,brand,EA,2023Q4,2023-12-27,14.28051,9.98331,46.21084,12,12
lamotrigine,brand,EA,2024Q1,2024-03-27,14.28051,9.98331,45.93564,12,12
lamotrigine,brand,EA,2024Q2,2024-06-26,13.7416,10.01093,46.06587,15,15
lamotrigine,brand,EA,2024Q3,2024-09-25,13.7675,10.01268,46.10587,15,15
lamotrigine,brand,EA,2024Q4,2024-12-25,13.75857,10.0086,46.08406,15,15
lamotrigine,brand,EA,2025Q1,2025-03-26,13.7996,10.30886,47.46659,15,15
lamotrigine,brand,EA,2025Q2,2025-06-25,13.7996,10.3531,47.52141,15,15
lamotrigine,brand,EA,2025Q3,2025-09-24,13.7996,10.28658,47.41631,15,15
lamotrigine,brand,EA,2025Q4,2025-12-31,13.74239,10.28479,47.40104,15,15
lamotrigine,brand,EA,2026Q1,2026-03-25,14.15466,10.29662,48.82307,15,15
lamotrigine,brand,EA,2026Q2,2026-06-24,14.15466,10.2752,48.6987,15,15
lamotrigine,brand,EA,2026Q3,2026-09-16,14.2042,10.29023,48.63276,15,15
lamotrigine,brand,ML,2026Q3,2026-09-16,2.86512,2.86512,2.86512,1,1
lamotrigine,generic,EA,2019Q1,2019-03-27,0.07378,0.03264,9.66533,145,20
lamotrigine,generic,EA,2019Q2,2019-06-26,0.07948,0.03397,10.07142,148,20
lamotrigine,generic,EA,2019Q3,2019-09-25,0.07697,0.03276,8.41161,142,20
lamotrigine,generic,EA,2019Q4,2019-12-25,0.07507,0.03909,10.77423,140,20
lamotrigine,generic,EA,2020Q1,2020-03-25,0.07942,0.03379,8.56152,133,20
lamotrigine,generic,EA,2020Q2,2020-06-24,0.08141,0.03212,6.42793,127,20
lamotrigine,generic,EA,2020Q3,2020-09-30,0.08492,0.0335,6.68558,127,20
lamotrigine,generic,EA,2020Q4,2020-12-30,0.09328,0.0379,8.23424,133,20
lamotrigine,generic,EA,2021Q1,2021-03-31,0.09621,0.03813,5.76837,134,20
lamotrigine,generic,EA,2021Q2,2021-06-30,0.09503,0.03748,7.17109,126,20
lamotrigine,generic,EA,2021Q3,2021-09-29,0.18104,0.03544,8.30728,128,20
lamotrigine,generic,EA,2021Q4,2021-12-29,0.2604,0.0339,6.981,129,20
lamotrigine,generic,EA,2022Q1,2022-03-30,0.28106,0.03514,5.54243,133,20
lamotrigine,generic,EA,2022Q2,2022-06-29,0.21132,0.03422,5.38927,133,20
lamotrigine,generic,EA,2022Q3,2022-09-28,0.22911,0.03201,5.32608,140,20
lamotrigine,generic,EA,2022Q4,2022-12-28,0.19037,0.02955,4.18407,139,20
lamotrigine,generic,EA,2023Q1,2023-03-29,0.07501,0.02993,4.57952,149,20
lamotrigine,generic,EA,2023Q2,2023-06-28,0.07625,0.02946,2.79569,143,20
lamotrigine,generic,EA,2023Q3,2023-09-27,0.07961,0.03029,3.50128,144,20
lamotrigine,generic,EA,2023Q4,2023-12-27,0.07401,0.03097,4.18807,148,20
lamotrigine,generic,EA,2024Q1,2024-03-27,0.07999,0.03218,3.37507,149,20
lamotrigine,generic,EA,2024Q2,2024-06-26,0.07722,0.03013,2.05137,149,20
lamotrigine,generic,EA,2024Q3,2024-09-25,0.08825,0.03197,2.48505,149,20
lamotrigine,generic,EA,2024Q4,2024-12-25,0.07217,0.02741,2.57646,147,20
lamotrigine,generic,EA,2025Q1,2025-03-26,0.08067,0.03163,2.77446,147,20
lamotrigine,generic,EA,2025Q2,2025-06-25,0.17464,0.02996,2.92179,151,20
lamotrigine,generic,EA,2025Q3,2025-09-24,0.0787,0.03054,2.59059,159,20
lamotrigine,generic,EA,2025Q4,2025-12-31,0.08032,0.03008,2.34145,159,20
lamotrigine,generic,EA,2026Q1,2026-03-25,0.08161,0.02924,2.04201,159,20
lamotrigine,generic,EA,2026Q2,2026-06-24,0.11515,0.02828,1.99472,164,20
lamotrigine,generic,EA,2026Q3,2026-09-16,0.08404,0.02705,1.79896,165,20
levetiracetam,brand,EA,2019Q1,2019-03-27,8.67541,6.1751,15.01138,6,6
levetiracetam,brand,EA,2019Q2,2019-06-26,8.90654,6.1751,14.97131,6,6
levetiracetam,brand,EA,2019Q3,2019-09-25,8.78309,6.1751,14.64117,6,6
levetiracetam,brand,EA,2019Q4,2019-12-25,8.89381,6.1751,15.09697,6,6
levetiracetam,brand,EA,2020Q1,2020-03-25,9.16062,6.36036,15.54988,6,6
levetiracetam,brand,EA,2020Q2,2020-06-24,9.14558,6.36036,15.54988,6,6
levetiracetam,brand,EA,2020Q3,2020-09-30,9.14558,6.36036,15.54988,6,6
levetiracetam,brand,EA,2020Q4,2020-12-30,9.13972,6.33736,15.55987,6,6
levetiracetam,brand,EA,2021Q1,2021-03-31,9.32545,6.52748,15.68026,6,6
levetiracetam,brand,EA,2021Q2,2021-06-30,9.43942,6.52748,16.01481,6,6
levetiracetam,brand,EA,2021Q3,2021-09-29,9.43942,6.52748,16.01481,6,6
levetiracetam,brand,EA,2021Q4,2021-12-29,9.44336,6.52748,16.01481,6,6
levetiracetam,brand,EA,2022Q1,2022-03-30,10.09496,6.97788,17.11983,6,6
levetiracetam,brand,EA,2022Q2,2022-06-29,10.09496,6.97788,17.11983,6,6
levetiracetam,brand,EA,2022Q3,2022-09-28,9.78658,6.97788,16.7471,6,6
levetiracetam,brand,EA,2022Q4,2022-12-28,10.01496,6.97788,16.73841,6,6
levetiracetam,brand,EA,2023Q1,2023-03-29,10.60584,7.38958,17.72614,6,6
levetiracetam,brand,EA,2023Q2,2023-06-28,10.60584,7.38958,17.72614,6,6
levetiracetam,brand,EA,2023Q3,2023-09-27,10.60584,7.38958,18.1195,6,6
levetiracetam,brand,EA,2023Q4,2023-12-27,10.61389,7.38958,18.1195,6,6
levetiracetam,brand,EA,2024Q1,2024-03-27,11.09153,7.72211,18.93488,6,6
levetiracetam,brand,EA,2024Q2,2024-06-26,10.38819,7.75088,18.33456,10,8
levetiracetam,brand,EA,2024Q3,2024-09-25,10.38819,7.77318,18.934,10,8
levetiracetam,brand,EA,2024Q4,2024-12-25,10.39202,7.75743,18.9375,10,8
levetiracetam,brand,EA,2025Q1,2025-03-26,10.37813,7.95136,19.41094,12,9
levetiracetam,brand,EA,2025Q2,2025-06-25,10.32928,7.90615,19.36895,14,10
levetiracetam,brand,EA,2025Q3,2025-09-24,10.3209,7.92003,19.38397,14,10
levetiracetam,brand,EA,2025Q4,2025-12-31,10.28901,7.9102,19.39838,14,10
levetiracetam,brand,EA,2026Q1,2026-03-25,10.25671,8.11587,19.90274,14,10
levetiracetam,brand,EA,2026Q2,2026-06-24,10.25671,8.0452,19.86533,14,10
levetiracetam,brand,EA,2026Q3,2026-09-16,10.2412,8.07857,19.87692,12,9
levetiracetam,brand,ML,2019Q1,2019-03-27,1.47298,1.47298,1.47298,1,1
levetiracetam,brand,ML,2019Q2,2019-06-26,1.45308,1.45308,1.45308,1,1
levetiracetam,brand,ML,2019Q3,2019-09-25,1.45308,1.45308,1.45308,1,1
levetiracetam,brand,ML,2019Q4,2019-12-25,1.45308,1.45308,1.45308,1,1
levetiracetam,brand,ML,2020Q1,2020-03-25,1.49668,1.49668,1.49668,1,1
levetiracetam,brand,ML,2020Q2,2020-06-24,1.49668,1.49668,1.49668,1,1
levetiracetam,brand,ML,2020Q3,2020-09-30,1.49668,1.49668,1.49668,1,1
levetiracetam,brand,ML,2020Q4,2020-12-30,1.5002,1.5002,1.5002,1,1
levetiracetam,brand,ML,2021Q1,2021-03-31,1.54519,1.54519,1.54519,1,1
levetiracetam,brand,ML,2021Q2,2021-06-30,1.54519,1.54519,1.54519,1,1
levetiracetam,brand,ML,2021Q3,2021-09-29,1.54519,1.54519,1.54519,1,1
levetiracetam,brand,ML,2021Q4,2021-12-29,1.54906,1.54906,1.54906,1,1
levetiracetam,brand,ML,2022Q1,2022-03-30,1.65595,1.65595,1.65595,1,1
levetiracetam,brand,ML,2022Q2,2022-06-29,1.65595,1.65595,1.65595,1,1
levetiracetam,brand,ML,2022Q3,2022-09-28,1.65595,1.65595,1.65595,1,1
levetiracetam,brand,ML,2022Q4,2022-12-28,1.65595,1.65595,1.65595,1,1
levetiracetam,brand,ML,2023Q1,2023-03-29,1.75365,1.75365,1.75365,1,1
levetiracetam,brand,ML,2023Q2,2023-06-28,1.75365,1.75365,1.75365,1,1
levetiracetam,brand,ML,2023Q3,2023-09-27,1.75365,1.75365,1.75365,1,1
levetiracetam,brand,ML,2023Q4,2023-12-27,1.76579,1.76579,1.76579,1,1
levetiracetam,brand,ML,2024Q1,2024-03-27,1.84525,1.84525,1.84525,1,1
levetiracetam,brand,ML,2024Q2,2024-06-26,1.82407,1.82407,1.82407,1,1
levetiracetam,brand,ML,2024Q3,2024-09-25,1.82529,1.82529,1.82529,1,1
levetiracetam,brand,ML,2024Q4,2024-12-25,1.82684,1.82684,1.82684,1,1
levetiracetam,brand,ML,2025Q1,2025-03-26,1.87251,1.87251,1.87251,1,1
levetiracetam,brand,ML,2025Q2,2025-06-25,1.87968,1.87968,1.87968,1,1
levetiracetam,brand,ML,2025Q3,2025-09-24,1.87556,1.87556,1.87556,1,1
levetiracetam,brand,ML,2025Q4,2025-12-31,1.87464,1.87464,1.87464,1,1
levetiracetam,brand,ML,2026Q1,2026-03-25,1.92339,1.92339,1.92339,1,1
levetiracetam,brand,ML,2026Q2,2026-06-24,1.91863,1.91863,1.91863,1,1
levetiracetam,brand,ML,2026Q3,2026-09-16,1.91857,1.91857,1.91857,1,1
levetiracetam,generic,EA,2019Q1,2019-03-27,0.15176,0.0765,0.4165,118,6
levetiracetam,generic,EA,2019Q2,2019-06-26,0.16652,0.08667,0.57292,113,6
levetiracetam,generic,EA,2019Q3,2019-09-25,0.1772,0.08475,0.53399,111,6
levetiracetam,generic,EA,2019Q4,2019-12-25,0.17767,0.08563,0.5665,105,6
levetiracetam,generic,EA,2020Q1,2020-03-25,0.17633,0.08652,0.56096,115,6
levetiracetam,generic,EA,2020Q2,2020-06-24,0.17382,0.08732,0.65406,112,6
levetiracetam,generic,EA,2020Q3,2020-09-30,0.16977,0.08106,0.50059,109,6
levetiracetam,generic,EA,2020Q4,2020-12-30,0.17096,0.09076,0.55437,107,6
levetiracetam,generic,EA,2021Q1,2021-03-31,0.16958,0.08731,0.52351,107,6
levetiracetam,generic,EA,2021Q2,2021-06-30,0.17144,0.08743,0.58958,108,6
levetiracetam,generic,EA,2021Q3,2021-09-29,0.17753,0.08578,0.52045,113,6
levetiracetam,generic,EA,2021Q4,2021-12-29,0.1277,0.07858,0.38636,124,6
levetiracetam,generic,EA,2022Q1,2022-03-30,0.15853,0.08073,0.36799,125,6
levetiracetam,generic,EA,2022Q2,2022-06-29,0.15301,0.07171,0.35028,123,6
levetiracetam,generic,EA,2022Q3,2022-09-28,0.14589,0.06905,0.32982,127,6
levetiracetam,generic,EA,2022Q4,2022-12-28,0.14466,0.06711,0.30238,141,6
levetiracetam,generic,EA,2023Q1,2023-03-29,0.11611,0.06507,0.34913,140,6
levetiracetam,generic,EA,2023Q2,2023-06-28,0.15718,0.06909,0.26439,138,6
levetiracetam,generic,EA,2023Q3,2023-09-27,0.14262,0.0683,0.26139,145,6
levetiracetam,generic,EA,2023Q4,2023-12-27,0.14031,0.0695,0.3064,145,6
levetiracetam,generic,EA,2024Q1,2024-03-27,0.11196,0.06261,0.29256,140,6
levetiracetam,generic,EA,2024Q2,2024-06-26,0.10265,0.06681,0.31698,130,6
levetiracetam,generic,EA,2024Q3,2024-09-25,0.10545,0.06313,0.30525,134,6
levetiracetam,generic,EA,2024Q4,2024-12-25,0.07118,0.05122,0.22159,133,6
levetiracetam,generic,EA,2025Q1,2025-03-26,0.08216,0.06116,0.25809,130,6
levetiracetam,generic,EA,2025Q2,2025-06-25,0.08157,0.06381,0.28567,127,6
levetiracetam,generic,EA,2025Q3,2025-09-24,0.0773,0.05996,0.26109,127,6
levetiracetam,generic,EA,2025Q4,2025-12-31,0.07682,0.06052,0.25369,122,6
levetiracetam,generic,EA,2026Q1,2026-03-25,0.07693,0.05623,0.24647,120,6
levetiracetam,generic,EA,2026Q2,2026-06-24,0.07631,0.05992,0.24086,120,6
levetiracetam,generic,EA,2026Q3,2026-09-16,0.07391,0.05838,0.2104,120,6
levetiracetam,generic,ML,2019Q1,2019-03-27,0.03493,0.03493,0.03493,10,1
levetiracetam,generic,ML,2019Q2,2019-06-26,0.0344,0.0344,0.0344,10,1
levetiracetam,generic,ML,2019Q3,2019-09-25,0.03385,0.03385,0.03385,10,1
levetiracetam,generic,ML,2019Q4,2019-12-25,0.03533,0.03533,0.03533,10,1
levetiracetam,generic,ML,2020Q1,2020-03-25,0.03493,0.03493,0.03493,10,1
levetiracetam,generic,ML,2020Q2,2020-06-24,0.03632,0.03632,0.03632,10,1
levetiracetam,generic,ML,2020Q3,2020-09-30,0.03205,0.03205,0.03205,10,1
levetiracetam,generic,ML,2020Q4,2020-12-30,0.03497,0.03497,0.03497,10,1
levetiracetam,generic,ML,2021Q1,2021-03-31,0.03353,0.03353,0.03353,10,1
levetiracetam,generic,ML,2021Q2,2021-06-30,0.03347,0.03347,0.03347,10,1
levetiracetam,generic,ML,2021Q3,2021-09-29,0.03438,0.03438,0.03438,10,1
levetiracetam,generic,ML,2021Q4,2021-12-29,0.03257,0.03257,0.03257,10,1
levetiracetam,generic,ML,2022Q1,2022-03-30,0.03146,0.03146,0.03146,11,1
levetiracetam,generic,ML,2022Q2,2022-06-29,0.0352,0.0352,0.0352,10,1
levetiracetam,generic,ML,2022Q3,2022-09-28,0.03211,0.03211,0.03211,11,1
levetiracetam,generic,ML,2022Q4,2022-12-28,0.03227,0.03227,0.03227,11,1
levetiracetam,generic,ML,2023Q1,2023-03-29,0.03348,0.03348,0.03348,11,1
levetiracetam,generic,ML,2023Q2,2023-06-28,0.03061,0.03061,0.03061,12,1
levetiracetam,generic,ML,2023Q3,2023-09-27,0.03291,0.03291,0.03291,11,1
levetiracetam,generic,ML,2023Q4,2023-12-27,0.03232,0.03232,0.03232,11,1
levetiracetam,generic,ML,2024Q1,2024-03-27,0.03346,0.03346,0.03346,11,1
levetiracetam,generic,ML,2024Q2,2024-06-26,0.03155,0.03155,0.03155,11,1
levetiracetam,generic,ML,2024Q3,2024-09-25,0.03153,0.03153,0.03153,11,1
levetiracetam,generic,ML,2024Q4,2024-12-25,0.02766,0.02766,0.02766,10,1
levetiracetam,generic,ML,2025Q1,2025-03-26,0.03118,0.03118,0.03118,10,1
levetiracetam,generic,ML,2025Q2,2025-06-25,0.03062,0.03062,0.03062,10,1
levetiracetam,generic,ML,2025Q3,2025-09-24,0.03052,0.03052,0.03052,10,1
levetiracetam,generic,ML,2025Q4,2025-12-31,0.03163,0.03163,0.03163,11,1
levetiracetam,generic,ML,2026Q1,2026-03-25,0.03039,0.03039,0.03039,11,1
levetiracetam,generic,ML,2026Q2,2026-06-24,0.03007,0.03007,0.03007,11,1
levetiracetam,generic,ML,2026Q3,2026-09-16,0.03013,0.03013,0.03013,11,1
methsuximide,brand,EA,2019Q1,2019-03-27,4.09141,4.09141,4.09141,1,1
methsuximide,brand,EA,2019Q2,2019-06-26,4.09141,4.09141,4.09141,1,1
methsuximide,brand,EA,2019Q3,2019-09-25,4.09141,4.09141,4.09141,1,1
methsuximide,brand,EA,2019Q4,2019-12-25,4.09141,4.09141,4.09141,1,1
methsuximide,brand,EA,2024Q4,2024-12-25,4.35573,4.35573,4.35573,1,1
methsuximide,brand,EA,2025Q1,2025-03-26,4.39934,4.39934,4.39934,1,1
methsuximide,brand,EA,2025Q2,2025-06-25,4.39934,4.39934,4.39934,1,1
methsuximide,brand,EA,2025Q3,2025-09-24,4.39934,4.39934,4.39934,1,1
methsuximide,brand,EA,2025Q4,2025-12-31,4.39934,4.39934,4.39934,1,1
methsuximide,brand,EA,2026Q2,2026-06-24,4.40112,4.40112,4.40112,1,1
methsuximide,brand,EA,2026Q3,2026-09-16,4.40212,4.40212,4.40212,1,1
oxcarbazepine,brand,EA,2019Q1,2019-03-27,8.61383,4.59533,16.14445,6,6
oxcarbazepine,brand,EA,2019Q2,2019-06-26,8.58165,4.59533,16.14445,6,6
oxcarbazepine,brand,EA,2019Q3,2019-09-25,8.58165,4.59533,16.14445,6,6
oxcarbazepine,brand,EA,2019Q4,2019-12-25,8.60376,4.59533,16.13456,6,6
oxcarbazepine,brand,EA,2020Q1,2020-03-25,9.58034,6.93866,17.42532,5,5
oxcarbazepine,brand,EA,2020Q2,2020-06-24,9.58034,6.93866,17.42532,5,5
oxcarbazepine,brand,EA,2020Q3,2020-09-30,9.50449,6.93866,17.42532,5,5
oxcarbazepine,brand,EA,2020Q4,2020-12-30,9.50449,6.93866,17.46986,5,5
oxcarbazepine,brand,EA,2021Q1,2021-03-31,10.07476,7.35498,18.51805,5,5
oxcarbazepine,brand,EA,2021Q2,2021-06-30,10.07476,7.2626,18.51805,5,5
oxcarbazepine,brand,EA,2021Q3,2021-09-29,10.07476,7.2626,18.51805,5,5
oxcarbazepine,brand,EA,2021Q4,2021-12-29,10.13598,7.2626,18.5209,5,5
oxcarbazepine,brand,EA,2022Q1,2022-03-30,13.07547,7.69843,19.63215,4,4
oxcarbazepine,brand,EA,2022Q2,2022-06-29,13.07547,7.69843,19.63215,4,4
oxcarbazepine,brand,EA,2022Q3,2022-09-28,10.74414,7.69843,19.63215,5,5
oxcarbazepine,brand,EA,2022Q4,2022-12-28,10.74414,7.69843,19.63215,5,5
oxcarbazepine,brand,EA,2023Q1,2023-03-29,11.38878,8.16041,20.81008,5,5
oxcarbazepine,brand,EA,2023Q2,2023-06-28,11.38878,8.16041,20.81008,5,5
oxcarbazepine,brand,EA,2023Q3,2023-09-27,11.38878,8.16041,20.81008,5,5
oxcarbazepine,brand,EA,2023Q4,2023-12-27,11.326,8.16041,20.74686,5,5
oxcarbazepine,brand,EA,2024Q1,2024-03-27,12.00556,8.65004,21.99167,5,5
oxcarbazepine,brand,EA,2024Q2,2024-06-26,12.0602,8.65128,22.00861,5,5
oxcarbazepine,brand,EA,2024Q3,2024-09-25,10.99881,5.46273,22.01364,6,6
oxcarbazepine,brand,EA,2024Q4,2024-12-25,11.00347,5.45822,21.96377,6,6
oxcarbazepine,brand,EA,2025Q1,2025-03-26,11.12443,5.59467,21.95224,6,6
oxcarbazepine,brand,EA,2025Q2,2025-06-25,11.47411,5.59467,23.26937,6,6
oxcarbazepine,brand,EA,2025Q3,2025-09-24,11.42856,5.55497,23.27735,6,6
oxcarbazepine,brand,EA,2025Q4,2025-12-31,11.44791,5.55497,23.28728,6,6
oxcarbazepine,brand,EA,2026Q1,2026-03-25,11.61148,5.72156,23.23564,6,6
oxcarbazepine,brand,EA,2026Q2,2026-06-24,11.60299,5.72156,23.20324,6,6
oxcarbazepine,brand,EA,2026Q3,2026-09-16,11.60188,5.72156,23.20265,6,6
oxcarbazepine,brand,ML,2019Q1,2019-03-27,1.54316,1.54316,1.54316,1,1
oxcarbazepine,brand,ML,2019Q2,2019-06-26,1.55258,1.55258,1.55258,1,1
oxcarbazepine,brand,ML,2019Q3,2019-09-25,1.55258,1.55258,1.55258,1,1
oxcarbazepine,brand,ML,2019Q4,2019-12-25,1.55258,1.55258,1.55258,1,1
oxcarbazepine,brand,ML,2020Q1,2020-03-25,1.55258,1.55258,1.55258,1,1
oxcarbazepine,brand,ML,2020Q2,2020-06-24,1.54088,1.54088,1.54088,1,1
oxcarbazepine,brand,ML,2020Q3,2020-09-30,1.54088,1.54088,1.54088,1,1
oxcarbazepine,brand,ML,2020Q4,2020-12-30,1.54088,1.54088,1.54088,1,1
oxcarbazepine,brand,ML,2021Q1,2021-03-31,1.534,1.534,1.534,1,1
oxcarbazepine,brand,ML,2021Q2,2021-06-30,1.534,1.534,1.534,1,1
oxcarbazepine,brand,ML,2021Q3,2021-09-29,1.534,1.534,1.534,1,1
oxcarbazepine,brand,ML,2021Q4,2021-12-29,1.54309,1.54309,1.54309,1,1
oxcarbazepine,brand,ML,2022Q1,2022-03-30,1.54309,1.54309,1.54309,1,1
oxcarbazepine,brand,ML,2022Q2,2022-06-29,1.54309,1.54309,1.54309,1,1
oxcarbazepine,brand,ML,2022Q3,2022-09-28,1.62024,1.62024,1.62024,1,1
oxcarbazepine,brand,ML,2022Q4,2022-12-28,1.62024,1.62024,1.62024,1,1
oxcarbazepine,brand,ML,2023Q1,2023-03-29,1.78066,1.78066,1.78066,1,1
oxcarbazepine,brand,ML,2023Q2,2023-06-28,1.78066,1.78066,1.78066,1,1
oxcarbazepine,brand,ML,2023Q3,2023-09-27,1.78066,1.78066,1.78066,1,1
oxcarbazepine,brand,ML,2023Q4,2023-12-27,1.77459,1.77459,1.77459,1,1
oxcarbazepine,brand,ML,2024Q1,2024-03-27,1.82785,1.82785,1.82785,1,1
oxcarbazepine,brand,ML,2024Q2,2024-06-26,1.8368,1.8368,1.8368,1,1
oxcarbazepine,brand,ML,2024Q3,2024-09-25,1.83825,1.83825,1.83825,1,1
oxcarbazepine,brand,ML,2024Q4,2024-12-25,1.83769,1.83769,1.83769,1,1
oxcarbazepine,brand,ML,2025Q1,2025-03-26,1.88363,1.88363,1.88363,1,1
oxcarbazepine,brand,ML,2025Q2,2025-06-25,1.8738,1.8738,1.8738,1,1
oxcarbazepine,brand,ML,2025Q3,2025-09-24,1.87587,1.87587,1.87587,1,1
oxcarbazepine,brand,ML,2025Q4,2025-12-31,1.87822,1.87822,1.87822,1,1
oxcarbazepine,brand,ML,2026Q1,2026-03-25,1.93455,1.93455,1.93455,1,1
oxcarbazepine,brand,ML,2026Q2,2026-06-24,1.92928,1.92928,1.92928,1,1
oxcarbazepine,brand,ML,2026Q3,2026-09-16,1.93028,1.93028,1.93028,1,1
oxcarbazepine,generic,EA,2019Q1,2019-03-27,0.14811,0.11771,0.30802,35,3
oxcarbazepine,generic,EA,2019Q2,2019-06-26,0.15662,0.12556,0.30511,35,3
oxcarbazepine,generic,EA,2019Q3,2019-09-25,0.16417,0.1197,0.30901,34,3
oxcarbazepine,generic,EA,2019Q4,2019-12-25,0.18153,0.14518,0.36837,32,3
oxcarbazepine,generic,EA,2020Q1,2020-03-25,0.18421,0.15334,0.37441,32,3
oxcarbazepine,generic,EA,2020Q2,2020-06-24,0.20262,0.1717,0.37864,24,3
oxcarbazepine,generic,EA,2020Q3,2020-09-30,0.1935,0.15928,0.38181,24,3
oxcarbazepine,generic,EA,2020Q4,2020-12-30,0.1964,0.1598,0.38096,24,3
oxcarbazepine,generic,EA,2021Q1,2021-03-31,0.20401,0.15037,0.39674,24,3
oxcarbazepine,generic,EA,2021Q2,2021-06-30,0.1979,0.14114,0.41341,24,3
oxcarbazepine,generic,EA,2021Q3,2021-09-29,0.22459,0.13808,0.42671,24,3
oxcarbazepine,generic,EA,2021Q4,2021-12-29,0.21244,0.13126,0.38525,24,3
oxcarbazepine,generic,EA,2022Q1,2022-03-30,0.21647,0.13883,0.41799,24,3
oxcarbazepine,generic,EA,2022Q2,2022-06-29,0.22056,0.14903,0.43069,24,3
oxcarbazepine,generic,EA,2022Q3,2022-09-28,0.21304,0.13981,0.39012,27,3
oxcarbazepine,generic,EA,2022Q4,2022-12-28,0.19853,0.12964,0.37946,27,3
oxcarbazepine,generic,EA,2023Q1,2023-03-29,0.20219,0.13349,0.36641,36,3
oxcarbazepine,generic,EA,2023Q2,2023-06-28,0.20102,0.14203,0.37874,36,3
oxcarbazepine,generic,EA,2023Q3,2023-09-27,0.19444,0.13619,0.38661,36,3
oxcarbazepine,generic,EA,2023Q4,2023-12-27,0.20212,0.13265,0.37849,47,3
oxcarbazepine,generic,EA,2024Q1,2024-03-27,0.2109,0.13919,0.40909,48,3
oxcarbazepine,generic,EA,2024Q2,2024-06-26,0.20032,0.13778,0.37887,48,3
oxcarbazepine,generic,EA,2024Q3,2024-09-25,0.19796,0.1349,0.37805,44,3
oxcarbazepine,generic,EA,2024Q4,2024-12-25,0.16783,0.1187,16.95255,49,6
oxcarbazepine,generic,EA,2025Q1,2025-03-26,0.1873,0.13463,17.16052,51,6
oxcarbazepine,generic,EA,2025Q2,2025-06-25,0.17567,0.12316,16.669,51,6
oxcarbazepine,generic,EA,2025Q3,2025-09-24,0.17281,0.11673,16.6183,66,6
oxcarbazepine,generic,EA,2025Q4,2025-12-31,0.17285,0.11526,15.32081,75,6
oxcarbazepine,generic,EA,2026Q1,2026-03-25,0.16776,0.10594,11.94977,70,6
oxcarbazepine,generic,EA,2026Q2,2026-06-24,0.16637,0.10357,10.05725,70,6
oxcarbazepine,generic,EA,2026Q3,2026-09-16,0.16372,0.10375,9.47842,67,6
oxcarbazepine,generic,ML,2019Q1,2019-03-27,0.30808,0.30808,0.30808,3,1
oxcarbazepine,generic,ML,2019Q2,2019-06-26,0.27481,0.27481,0.27481,3,1
oxcarbazepine,generic,ML,2019Q3,2019-09-25,0.2745,0.2745,0.2745,3,1
oxcarbazepine,generic,ML,2019Q4,2019-12-25,0.3084,0.3084,0.3084,3,1
oxcarbazepine,generic,ML,2020Q1,2020-03-25,0.32069,0.32069,0.32069,3,1
oxcarbazepine,generic,ML,2020Q2,2020-06-24,0.42342,0.42342,0.42342,3,1
oxcarbazepine,generic,ML,2020Q3,2020-09-30,0.39917,0.39917,0.39917,3,1
oxcarbazepine,generic,ML,2020Q4,2020-12-30,0.38924,0.38924,0.38924,3,1
oxcarbazepine,generic,ML,2021Q1,2021-03-31,0.37046,0.37046,0.37046,3,1
oxcarbazepine,generic,ML,2021Q2,2021-06-30,0.3784,0.3784,0.3784,3,1
oxcarbazepine,generic,ML,2021Q3,2021-09-29,0.39282,0.39282,0.39282,3,1
oxcarbazepine,generic,ML,2021Q4,2021-12-29,0.35503,0.35503,0.35503,3,1
oxcarbazepine,generic,ML,2022Q1,2022-03-30,0.34245,0.34245,0.34245,3,1
oxcarbazepine,generic,ML,2022Q2,2022-06-29,0.32558,0.32558,0.32558,3,1
oxcarbazepine,generic,ML,2022Q3,2022-09-28,0.27628,0.27628,0.27628,3,1
oxcarbazepine,generic,ML,2022Q4,2022-12-28,0.28243,0.28243,0.28243,3,1
oxcarbazepine,generic,ML,2023Q1,2023-03-29,0.2777,0.2777,0.2777,3,1
oxcarbazepine,generic,ML,2023Q2,2023-06-28,0.38084,0.38084,0.38084,5,1
oxcarbazepine,generic,ML,2023Q3,2023-09-27,0.3973,0.3973,0.3973,4,1
oxcarbazepine,generic,ML,2023Q4,2023-12-27,0.38899,0.38899,0.38899,4,1
oxcarbazepine,generic,ML,2024Q1,2024-03-27,0.35175,0.35175,0.35175,5,1
oxcarbazepine,generic,ML,2024Q2,2024-06-26,0.35577,0.35577,0.35577,5,1
oxcarbazepine,generic,ML,2024Q3,2024-09-25,0.27043,0.27043,0.27043,5,1
oxcarbazepine,generic,ML,2024Q4,2024-12-25,0.22869,0.22869,0.22869,8,1
oxcarbazepine,generic,ML,2025Q1,2025-03-26,0.21993,0.21993,0.21993,8,1
oxcarbazepine,generic,ML,2025Q2,2025-06-25,0.23772,0.23772,0.23772,9,1
oxcarbazepine,generic,ML,2025Q3,2025-09-24,0.16641,0.16641,0.16641,9,1
oxcarbazepine,generic,ML,2025Q4,2025-12-31,0.14484,0.14484,0.14484,8,1
oxcarbazepine,generic,ML,2026Q1,2026-03-25,0.1388,0.1388,0.1388,9,1
oxcarbazepine,generic,ML,2026Q2,2026-06-24,0.12435,0.12435,0.12435,10,1
oxcarbazepine,generic,ML,2026Q3,2026-09-16,0.11675,0.11675,0.11675,10,1
perampanel,brand,EA,2019Q1,2019-03-27,30.6468,15.57704,30.78735,5,5
perampanel,brand,EA,2019Q2,2019-06-26,30.6468,15.57704,30.78735,5,5
perampanel,brand,EA,2019Q3,2019-09-25,30.62338,15.57704,30.78735,6,6
perampanel,brand,EA,2019Q4,2019-12-25,30.61663,15.40878,30.80127,5,5
perampanel,brand,EA,2020Q1,2020-03-25,32.17387,16.2031,32.34133,6,6
perampanel,brand,EA,2020Q2,2020-06-24,32.185,16.2031,32.34133,6,6
perampanel,brand,EA,2020Q3,2020-09-30,32.18514,16.2305,32.34133,6,6
perampanel,brand,EA,2020Q4,2020-12-30,32.16404,16.2305,32.21442,6,6
perampanel,brand,EA,2021Q1,2021-03-31,33.59984,16.9625,33.65247,6,6
perampanel,brand,EA,2021Q2,2021-06-30,33.62397,16.9625,33.711,6,6
perampanel,brand,EA,2021Q3,2021-09-29,33.62397,16.9625,33.89664,6,6
perampanel,brand,EA,2021Q4,2021-12-29,33.64245,16.9625,33.89664,6,6
perampanel,brand,EA,2022Q1,2022-03-30,35.3996,17.85354,35.66707,6,6
perampanel,brand,EA,2022Q2,2022-06-29,35.33839,17.85354,35.60378,6,6
perampanel,brand,EA,2022Q3,2022-09-28,35.33839,17.85354,35.60378,6,6
perampanel,brand,EA,2022Q4,2022-12-28,35.37794,17.85354,35.60378,6,6
perampanel,brand,EA,2023Q1,2023-03-29,36.97454,18.64909,37.21058,6,6
perampanel,brand,EA,2023Q2,2023-06-28,36.97454,18.64909,37.21058,6,6
perampanel,brand,EA,2023Q3,2023-09-27,36.97454,18.64909,37.21058,6,6
perampanel,brand,EA,2023Q4,2023-12-27,37.10217,18.64909,37.23127,6,6
perampanel,brand,EA,2024Q1,2024-03-27,39.31309,19.763,39.44988,12,6
perampanel,brand,EA,2024Q2,2024-06-26,39.15971,19.82107,39.27294,12,6
perampanel,brand,EA,2024Q3,2024-09-25,39.21104,19.84981,39.30922,12,6
perampanel,brand,EA,2024Q4,2024-12-25,39.21323,19.831,39.27358,12,6
perampanel,brand,EA,2025Q1,2025-03-26,39.19768,19.82642,39.2594,12,6
perampanel,brand,EA,2025Q2,2025-06-25,39.19413,19.82311,39.25437,12,6
perampanel,brand,EA,2025Q3,2025-09-24,39.16244,19.80987,39.2369,12,6
perampanel,brand,EA,2025Q4,2025-12-31,39.1439,19.77853,39.20722,12,6
perampanel,brand,EA,2026Q1,2026-03-25,39.13829,19.74492,39.16644,12,6
perampanel,brand,EA,2026Q2,2026-06-24,39.12668,19.75745,39.17421,12,6
perampanel,brand,EA,2026Q3,2026-09-16,39.09468,19.74042,39.1305,12,6
perampanel,brand,ML,2019Q2,2019-06-26,3.47091,3.47091,3.47091,1,1
perampanel,brand,ML,2019Q3,2019-09-25,3.47091,3.47091,3.47091,1,1
perampanel,brand,ML,2019Q4,2019-12-25,3.47091,3.47091,3.47091,1,1
perampanel,brand,ML,2020Q1,2020-03-25,3.69918,3.69918,3.69918,1,1
perampanel,brand,ML,2020Q2,2020-06-24,3.69918,3.69918,3.69918,1,1
perampanel,brand,ML,2020Q3,2020-09-30,3.69918,3.69918,3.69918,1,1
perampanel,brand,ML,2020Q4,2020-12-30,3.65809,3.65809,3.65809,1,1
perampanel,brand,ML,2021Q1,2021-03-31,3.82105,3.82105,3.82105,1,1
perampanel,brand,ML,2021Q2,2021-06-30,3.87352,3.87352,3.87352,1,1
perampanel,brand,ML,2021Q3,2021-09-29,3.87352,3.87352,3.87352,1,1
perampanel,brand,ML,2021Q4,2021-12-29,3.87352,3.87352,3.87352,1,1
perampanel,brand,ML,2022Q1,2022-03-30,4.07576,4.07576,4.07576,1,1
perampanel,brand,ML,2022Q2,2022-06-29,4.03248,4.03248,4.03248,1,1
perampanel,brand,ML,2022Q3,2022-09-28,4.03248,4.03248,4.03248,1,1
perampanel,brand,ML,2022Q4,2022-12-28,4.03248,4.03248,4.03248,1,1
perampanel,brand,ML,2023Q1,2023-03-29,4.21281,4.21281,4.21281,1,1
perampanel,brand,ML,2023Q2,2023-06-28,4.21281,4.21281,4.21281,1,1
perampanel,brand,ML,2023Q3,2023-09-27,4.21281,4.21281,4.21281,1,1
perampanel,brand,ML,2023Q4,2023-12-27,4.21281,4.21281,4.21281,1,1
perampanel,brand,ML,2024Q1,2024-03-27,4.46642,4.46642,4.46642,2,1
perampanel,brand,ML,2024Q2,2024-06-26,4.46345,4.46345,4.46345,2,1
perampanel,brand,ML,2024Q3,2024-09-25,4.47006,4.47006,4.47006,2,1
perampanel,brand,ML,2024Q4,2024-12-25,4.46894,4.46894,4.46894,2,1
perampanel,brand,ML,2025Q1,2025-03-26,4.46875,4.46875,4.46875,2,1
perampanel,brand,ML,2025Q2,2025-06-25,4.46521,4.46521,4.46521,2,1
perampanel,brand,ML,2025Q3,2025-09-24,4.46391,4.46391,4.46391,2,1
perampanel,brand,ML,2025Q4,2025-12-31,4.46401,4.46401,4.46401,2,1
perampanel,brand,ML,2026Q1,2026-03-25,4.46415,4.46415,4.46415,2,1
perampanel,brand,ML,2026Q2,2026-06-24,4.46239,4.46239,4.46239,1,1
perampanel,brand,ML,2026Q3,2026-09-16,4.45871,4.45871,4.45871,1,1
perampanel,generic,EA,2025Q3,2025-09-24,31.27847,31.27847,31.27847,1,1
perampanel,generic,EA,2025Q4,2025-12-31,31.64762,15.46427,33.12439,4,4
perampanel,generic,EA,2026Q1,2026-03-25,27.97122,14.41262,31.03058,18,6
perampanel,generic,EA,2026Q2,2026-06-24,17.80288,9.08761,20.17646,18,6
perampanel,generic,EA,2026Q3,2026-09-16,15.95837,6.62272,19.33055,18,6
perampanel,generic,ML,2026Q3,2026-09-16,3.96309,3.96309,3.96309,2,1
phenobarbital,generic,EA,2019Q1,2019-03-27,0.391,0.12714,0.90847,39,7
phenobarbital,generic,EA,2019Q2,2019-06-26,0.45977,0.11663,0.82035,50,8
phenobarbital,generic,EA,2019Q3,2019-09-25,0.36796,0.15031,0.77052,63,8
phenobarbital,generic,EA,2019Q4,2019-12-25,0.33386,0.15031,0.88834,68,8
phenobarbital,generic,EA,2020Q1,2020-03-25,0.33041,0.19696,0.58682,68,8
phenobarbital,generic,EA,2020Q2,2020-06-24,0.37131,0.19336,0.53693,70,8
phenobarbital,generic,EA,2020Q3,2020-09-30,0.24369,0.15902,0.5333,77,8
phenobarbital,generic,EA,2020Q4,2020-12-30,0.32744,0.1428,0.61997,78,8
phenobarbital,generic,EA,2021Q1,2021-03-31,0.297,0.16485,0.57946,78,8
phenobarbital,generic,EA,2021Q2,2021-06-30,0.27655,0.15343,0.53584,77,8
phenobarbital,generic,EA,2021Q3,2021-09-29,0.30871,0.18348,0.55865,91,8
phenobarbital,generic,EA,2021Q4,2021-12-29,0.3181,0.13079,0.64095,91,8
phenobarbital,generic,EA,2022Q1,2022-03-30,0.30495,0.13719,0.45635,91,8
phenobarbital,generic,EA,2022Q2,2022-06-29,0.26468,0.14554,0.44715,90,8
phenobarbital,generic,EA,2022Q3,2022-09-28,0.23176,0.17529,0.39177,90,8
phenobarbital,generic,EA,2022Q4,2022-12-28,0.23066,0.18056,0.38435,90,8
phenobarbital,generic,EA,2023Q1,2023-03-29,0.21245,0.0942,0.36178,106,8
phenobarbital,generic,EA,2023Q2,2023-06-28,0.21722,0.11,0.36652,106,8
phenobarbital,generic,EA,2023Q3,2023-09-27,0.21817,0.10902,0.34917,106,8
phenobarbital,generic,EA,2023Q4,2023-12-27,0.18372,0.12191,0.39415,122,8
phenobarbital,generic,EA,2024Q1,2024-03-27,0.20174,0.09416,0.30121,122,8
phenobarbital,generic,EA,2024Q2,2024-06-26,0.17174,0.08678,0.3093,122,8
phenobarbital,generic,EA,2024Q3,2024-09-25,0.17565,0.09907,0.33245,106,8
phenobarbital,generic,EA,2024Q4,2024-12-25,0.12433,0.08491,0.23731,98,8
phenobarbital,generic,EA,2025Q1,2025-03-26,0.14903,0.09557,0.2442,98,8
phenobarbital,generic,EA,2025Q2,2025-06-25,0.14947,0.07809,0.28289,98,8
phenobarbital,generic,EA,2025Q3,2025-09-24,0.14986,0.06921,0.26049,98,8
phenobarbital,generic,EA,2025Q4,2025-12-31,0.13295,0.06507,0.21677,110,8
phenobarbital,generic,EA,2026Q1,2026-03-25,0.1263,0.05254,0.21734,110,8
phenobarbital,generic,EA,2026Q2,2026-06-24,0.09823,0.04831,0.23568,125,8
phenobarbital,generic,EA,2026Q3,2026-09-16,0.09712,0.04945,0.24718,121,8
phenobarbital,generic,ML,2019Q1,2019-03-27,0.1173,0.1173,0.1173,3,2
phenobarbital,generic,ML,2019Q2,2019-06-26,0.11619,0.11619,0.11619,3,2
phenobarbital,generic,ML,2019Q3,2019-09-25,0.11829,0.11829,0.11829,4,2
phenobarbital,generic,ML,2019Q4,2019-12-25,0.11535,0.11535,0.11535,4,2
phenobarbital,generic,ML,2020Q1,2020-03-25,0.12698,0.12698,0.12698,4,2
phenobarbital,generic,ML,2020Q2,2020-06-24,0.11194,0.11194,0.11194,6,2
phenobarbital,generic,ML,2020Q3,2020-09-30,0.09701,0.09701,0.09701,6,2
phenobarbital,generic,ML,2020Q4,2020-12-30,0.10824,0.10824,0.10824,5,2
phenobarbital,generic,ML,2021Q1,2021-03-31,0.0856,0.0856,0.0856,5,2
phenobarbital,generic,ML,2021Q2,2021-06-30,0.08346,0.08346,0.08346,5,2
phenobarbital,generic,ML,2021Q3,2021-09-29,0.09001,0.09001,0.09001,6,2
phenobarbital,generic,ML,2021Q4,2021-12-29,0.07867,0.07867,0.07867,6,2
phenobarbital,generic,ML,2022Q1,2022-03-30,0.09847,0.09847,0.09847,7,2
phenobarbital,generic,ML,2022Q2,2022-06-29,0.08692,0.08692,0.08692,6,2
phenobarbital,generic,ML,2022Q3,2022-09-28,0.07506,0.07506,0.07506,7,2
phenobarbital,generic,ML,2022Q4,2022-12-28,0.06478,0.06478,0.06478,7,2
phenobarbital,generic,ML,2023Q1,2023-03-29,0.07548,0.07548,0.07548,7,2
phenobarbital,generic,ML,2023Q2,2023-06-28,0.05743,0.05743,0.05743,7,2
phenobarbital,generic,ML,2023Q3,2023-09-27,0.05508,0.05508,0.05508,7,2
phenobarbital,generic,ML,2023Q4,2023-12-27,0.06012,0.06012,0.06012,9,2
phenobarbital,generic,ML,2024Q1,2024-03-27,0.0524,0.0524,0.0524,9,2
phenobarbital,generic,ML,2024Q2,2024-06-26,0.05922,0.05922,0.05922,8,2
phenobarbital,generic,ML,2024Q3,2024-09-25,0.06309,0.06309,0.06309,7,2
phenobarbital,generic,ML,2024Q4,2024-12-25,0.04839,0.04839,0.04839,7,2
phenobarbital,generic,ML,2025Q1,2025-03-26,0.05264,0.05264,0.05264,7,2
phenobarbital,generic,ML,2025Q2,2025-06-25,0.05061,0.05061,0.05061,7,2
phenobarbital,generic,ML,2025Q3,2025-09-24,0.04203,0.04203,0.04203,6,2
phenobarbital,generic,ML,2025Q4,2025-12-31,0.04211,0.04211,0.04211,8,2
phenobarbital,generic,ML,2026Q1,2026-03-25,0.03968,0.03968,0.03968,8,2
phenobarbital,generic,ML,2026Q2,2026-06-24,0.03989,0.03989,0.03989,9,2
phenobarbital,generic,ML,2026Q3,2026-09-16,0.04212,0.04212,0.04212,9,2
phenytoin,brand,ML,2019Q1,2019-03-27,0.66829,0.66829,0.66829,1,1
phenytoin,brand,ML,2019Q2,2019-06-26,0.66829,0.66829,0.66829,1,1
phenytoin,brand,ML,2019Q3,2019-09-25,0.66829,0.66829,0.66829,1,1
phenytoin,brand,ML,2019Q4,2019-12-25,0.66829,0.66829,0.66829,1,1
phenytoin,brand,ML,2020Q1,2020-03-25,0.70103,0.70103,0.70103,1,1
phenytoin,brand,ML,2020Q2,2020-06-24,0.70103,0.70103,0.70103,1,1
phenytoin,brand,ML,2020Q3,2020-09-30,0.70103,0.70103,0.70103,1,1
phenytoin,brand,ML,2020Q4,2020-12-30,0.70103,0.70103,0.70103,2,1
phenytoin,generic,EA,2019Q1,2019-03-27,0.26509,0.20971,1.61832,37,8
phenytoin,generic,EA,2019Q2,2019-06-26,0.2635,0.20785,1.4827,36,8
phenytoin,generic,EA,2019Q3,2019-09-25,0.25311,0.20635,1.64507,35,8
phenytoin,generic,EA,2019Q4,2019-12-25,0.25105,0.20639,1.64507,33,8
phenytoin,generic,EA,2020Q1,2020-03-25,0.28907,0.19616,1.64507,33,8
phenytoin,generic,EA,2020Q2,2020-06-24,0.26403,0.20051,1.5674,33,8
phenytoin,generic,EA,2020Q3,2020-09-30,0.2795,0.1949,1.50482,33,8
phenytoin,generic,EA,2020Q4,2020-12-30,0.2868,0.17169,1.44869,32,8
phenytoin,generic,EA,2021Q1,2021-03-31,0.29216,0.17924,1.44869,32,8
phenytoin,generic,EA,2021Q2,2021-06-30,0.3017,0.17417,1.59746,33,8
phenytoin,generic,EA,2021Q3,2021-09-29,0.22951,0.17244,1.59746,32,8
phenytoin,generic,EA,2021Q4,2021-12-29,0.22106,0.14552,1.60066,32,8
phenytoin,generic,EA,2022Q1,2022-03-30,0.2189,0.15598,1.44933,32,8
phenytoin,generic,EA,2022Q2,2022-06-29,0.19245,0.14774,1.68693,32,8
phenytoin,generic,EA,2022Q3,2022-09-28,0.27639,0.14493,1.68693,33,8
phenytoin,generic,EA,2022Q4,2022-12-28,0.17988,0.13296,1.71771,32,8
phenytoin,generic,EA,2023Q1,2023-03-29,0.23498,0.1315,1.55281,29,8
phenytoin,generic,EA,2023Q2,2023-06-28,0.22412,0.13635,1.5366,27,8
phenytoin,generic,EA,2023Q3,2023-09-27,0.23083,0.12657,1.5366,27,8
phenytoin,generic,EA,2023Q4,2023-12-27,0.20761,0.13399,1.53698,27,8
phenytoin,generic,EA,2024Q1,2024-03-27,0.23447,0.13489,1.61382,27,8
phenytoin,generic,EA,2024Q2,2024-06-26,0.20029,0.14065,2.08243,27,8
phenytoin,generic,EA,2024Q3,2024-09-25,0.22598,0.13893,2.0883,28,8
phenytoin,generic,EA,2024Q4,2024-12-25,0.23941,0.19487,2.09243,28,8
phenytoin,generic,EA,2025Q1,2025-03-26,0.22813,0.15306,2.09527,31,8
phenytoin,generic,EA,2025Q2,2025-06-25,0.23132,0.16999,2.09158,29,8
phenytoin,generic,EA,2025Q3,2025-09-24,0.21284,0.15228,2.09169,29,8
phenytoin,generic,EA,2025Q4,2025-12-31,0.18941,0.14269,2.09309,28,8
phenytoin,generic,EA,2026Q1,2026-03-25,0.18452,0.13918,2.09279,27,8
phenytoin,generic,EA,2026Q2,2026-06-24,0.18412,0.14555,2.09778,25,8
phenytoin,generic,EA,2026Q3,2026-09-16,0.18123,0.14709,2.09836,25,8
phenytoin,generic,ML,2019Q1,2019-03-27,0.07797,0.07797,0.07797,4,1
phenytoin,generic,ML,2019Q2,2019-06-26,0.07429,0.07429,0.07429,4,1
phenytoin,generic,ML,2019Q3,2019-09-25,0.08615,0.08615,0.08615,5,1
phenytoin,generic,ML,2019Q4,2019-12-25,0.07116,0.07116,0.07116,4,1
phenytoin,generic,ML,2020Q1,2020-03-25,0.08074,0.08074,0.08074,4,1
phenytoin,generic,ML,2020Q2,2020-06-24,0.07997,0.07997,0.07997,5,1
phenytoin,generic,ML,2020Q3,2020-09-30,0.07625,0.07625,0.07625,5,1
phenytoin,generic,ML,2020Q4,2020-12-30,0.08374,0.08374,0.08374,4,1
phenytoin,generic,ML,2021Q1,2021-03-31,0.07879,0.07879,0.07879,3,1
phenytoin,generic,ML,2021Q2,2021-06-30,0.08199,0.08199,0.08199,3,1
phenytoin,generic,ML,2021Q3,2021-09-29,0.0778,0.0778,0.0778,3,1
phenytoin,generic,ML,2021Q4,2021-12-29,0.06911,0.06911,0.06911,3,1
phenytoin,generic,ML,2022Q1,2022-03-30,0.07636,0.07636,0.07636,3,1
phenytoin,generic,ML,2022Q2,2022-06-29,0.08196,0.08196,0.08196,3,1
phenytoin,generic,ML,2022Q3,2022-09-28,0.07361,0.07361,0.07361,3,1
phenytoin,generic,ML,2022Q4,2022-12-28,0.07554,0.07554,0.07554,3,1
phenytoin,generic,ML,2023Q1,2023-03-29,0.0638,0.0638,0.0638,3,1
phenytoin,generic,ML,2023Q2,2023-06-28,0.07446,0.07446,0.07446,3,1
phenytoin,generic,ML,2023Q3,2023-09-27,0.07264,0.07264,0.07264,3,1
phenytoin,generic,ML,2023Q4,2023-12-27,0.06623,0.06623,0.06623,3,1
phenytoin,generic,ML,2024Q1,2024-03-27,0.07675,0.07675,0.07675,3,1
phenytoin,generic,ML,2024Q2,2024-06-26,0.07353,0.07353,0.07353,3,1
phenytoin,generic,ML,2024Q3,2024-09-25,0.07557,0.07557,0.07557,3,1
phenytoin,generic,ML,2024Q4,2024-12-25,0.06652,0.06652,0.06652,3,1
phenytoin,generic,ML,2025Q1,2025-03-26,0.06915,0.06915,0.06915,3,1
phenytoin,generic,ML,2025Q2,2025-06-25,0.072,0.072,0.072,3,1
phenytoin,generic,ML,2025Q3,2025-09-24,0.06938,0.06938,0.06938,2,1
phenytoin,generic,ML,2025Q4,2025-12-31,0.0796,0.0796,0.0796,3,1
phenytoin,generic,ML,2026Q1,2026-03-25,0.08379,0.08379,0.08379,3,1
phenytoin,generic,ML,2026Q2,2026-06-24,0.08144,0.08144,0.08144,3,1
phenytoin,generic,ML,2026Q3,2026-09-16,0.07562,0.07562,0.07562,3,1
primidone,brand,EA,2024Q3,2024-09-25,62.58337,62.58337,62.58337,1,1
primidone,brand,EA,2024Q4,2024-12-25,62.56053,62.56053,62.56053,1,1
primidone,brand,EA,2025Q1,2025-03-26,65.68856,65.68856,65.68856,1,1
primidone,brand,EA,2025Q2,2025-06-25,65.68856,65.68856,65.68856,1,1
primidone,brand,EA,2025Q3,2025-09-24,65.68856,65.68856,65.68856,1,1
primidone,generic,EA,2019Q1,2019-03-27,0.08651,0.08651,0.23092,27,2
primidone,generic,EA,2019Q2,2019-06-26,0.08942,0.08942,0.24145,27,2
primidone,generic,EA,2019Q3,2019-09-25,0.08766,0.08766,0.23417,26,2
primidone,generic,EA,2019Q4,2019-12-25,0.08758,0.08758,0.25364,22,2
primidone,generic,EA,2020Q1,2020-03-25,0.12361,0.12361,0.25987,22,2
primidone,generic,EA,2020Q2,2020-06-24,0.14505,0.14505,0.27494,22,2
primidone,generic,EA,2020Q3,2020-09-30,0.12353,0.12353,0.28487,22,2
primidone,generic,EA,2020Q4,2020-12-30,0.12911,0.12911,0.30893,22,2
primidone,generic,EA,2021Q1,2021-03-31,0.14298,0.14298,0.30268,24,2
primidone,generic,EA,2021Q2,2021-06-30,0.15797,0.15797,0.31752,24,2
primidone,generic,EA,2021Q3,2021-09-29,0.16388,0.16388,0.31528,24,2
primidone,generic,EA,2021Q4,2021-12-29,0.15878,0.15878,0.31122,24,2
primidone,generic,EA,2022Q1,2022-03-30,0.16327,0.16327,0.31086,24,2
primidone,generic,EA,2022Q2,2022-06-29,0.16274,0.16274,0.32044,23,2
primidone,generic,EA,2022Q3,2022-09-28,0.15873,0.15873,0.31523,23,2
primidone,generic,EA,2022Q4,2022-12-28,0.15332,0.15332,0.29082,26,2
primidone,generic,EA,2023Q1,2023-03-29,0.13907,0.13907,0.2856,26,2
primidone,generic,EA,2023Q2,2023-06-28,0.14313,0.14313,0.30909,27,2
primidone,generic,EA,2023Q3,2023-09-27,0.14095,0.14095,0.28525,28,2
primidone,generic,EA,2023Q4,2023-12-27,0.14039,0.14039,0.30996,28,2
primidone,generic,EA,2024Q1,2024-03-27,0.14336,0.14336,0.28227,28,2
primidone,generic,EA,2024Q2,2024-06-26,0.202,0.13711,1.26886,26,3
primidone,generic,EA,2024Q3,2024-09-25,0.20375,0.13499,1.23921,26,3
primidone,generic,EA,2024Q4,2024-12-25,0.11462,0.11462,1.24843,28,3
primidone,generic,EA,2025Q1,2025-03-26,0.12742,0.12742,1.23383,28,3
primidone,generic,EA,2025Q2,2025-06-25,0.11465,0.11465,1.29285,28,3
primidone,generic,EA,2025Q3,2025-09-24,0.10796,0.10796,1.31187,31,3
primidone,generic,EA,2025Q4,2025-12-31,0.0985,0.0985,1.31283,31,3
primidone,generic,EA,2026Q1,2026-03-25,0.09565,0.09565,1.37881,31,3
primidone,generic,EA,2026Q2,2026-06-24,0.09247,0.09247,1.36959,31,3
primidone,generic,EA,2026Q3,2026-09-16,0.09156,0.09156,1.37421,31,3
rescue_diazepam_nasal,brand,EA,2021Q1,2021-03-31,286.4736,286.4736,286.4736,1,1
rescue_diazepam_nasal,brand,EA,2021Q2,2021-06-30,282.038,282.03,282.046,2,2
rescue_diazepam_nasal,brand,EA,2021Q3,2021-09-29,282.03,281.946,282.046,3,3
rescue_diazepam_nasal,brand,EA,2021Q4,2021-12-29,282.046,282.03,282.82786,3,3
rescue_diazepam_nasal,brand,EA,2022Q1,2022-03-30,298.96876,298.9518,299.79753,3,3
rescue_diazepam_nasal,brand,EA,2022Q2,2022-06-29,299.00888,298.9518,299.79753,4,4
rescue_diazepam_nasal,brand,EA,2022Q3,2022-09-28,299.00888,298.9518,299.79753,4,4
rescue_diazepam_nasal,brand,EA,2022Q4,2022-12-28,299.00888,298.9518,299.79753,4,4
rescue_diazepam_nasal,brand,EA,2023Q1,2023-03-29,316.9524,316.8919,317.78838,4,4
rescue_diazepam_nasal,brand,EA,2023Q2,2023-06-28,316.9524,316.8919,317.78838,4,4
rescue_diazepam_nasal,brand,EA,2023Q3,2023-09-27,316.9524,316.8919,317.78838,4,4
rescue_diazepam_nasal,brand,EA,2023Q4,2023-12-27,316.27224,315.82,316.6379,4,4
rescue_diazepam_nasal,brand,EA,2024Q1,2024-03-27,333.66722,333.1901,334.05299,4,4
rescue_diazepam_nasal,brand,EA,2024Q2,2024-06-26,334.26101,333.92464,334.79805,4,4
rescue_diazepam_nasal,brand,EA,2024Q3,2024-09-25,334.35532,334.27544,334.46317,4,4
rescue_diazepam_nasal,brand,EA,2024Q4,2024-12-25,334.1373,333.9297,334.35053,4,4
rescue_diazepam_nasal,brand,EA,2025Q1,2025-03-26,350.84416,350.62618,351.06806,4,4
rescue_diazepam_nasal,brand,EA,2025Q2,2025-06-25,350.8103,349.15108,353.5308,7,4
rescue_diazepam_nasal,brand,EA,2025Q3,2025-09-24,350.71824,349.34723,351.56902,8,4
rescue_diazepam_nasal,brand,EA,2025Q4,2025-12-31,350.63802,349.66398,351.06806,8,4
rescue_diazepam_nasal,brand,EA,2026Q1,2026-03-25,366.41498,365.39886,366.86261,8,4
rescue_diazepam_nasal,brand,EA,2026Q2,2026-06-24,365.76038,365.48603,365.98086,4,4
rescue_diazepam_nasal,brand,EA,2026Q3,2026-09-16,365.72664,365.51336,366.22644,4,4
rescue_diazepam_rectal,brand,EA,2019Q1,2019-03-27,329.46365,328.61601,330.31129,2,2
rescue_diazepam_rectal,brand,EA,2019Q2,2019-06-26,329.46365,328.61601,330.31129,2,2
rescue_diazepam_rectal,brand,EA,2019Q3,2019-09-25,329.46365,328.61601,330.31129,2,2
rescue_diazepam_rectal,brand,EA,2019Q4,2019-12-25,329.44091,329.17286,329.70895,2,2
rescue_diazepam_rectal,brand,EA,2020Q1,2020-03-25,336.03301,335.75961,336.30642,2,2
rescue_diazepam_rectal,brand,EA,2020Q2,2020-06-24,336.03301,335.75961,336.30642,2,2
rescue_diazepam_rectal,brand,EA,2020Q3,2020-09-30,336.03301,335.75961,336.30642,2,2
rescue_diazepam_rectal,brand,EA,2020Q4,2020-12-30,336.03301,335.75961,336.30642,2,2
rescue_diazepam_rectal,brand,EA,2021Q3,2021-09-29,336.01857,336.01857,336.01857,1,1
rescue_diazepam_rectal,brand,EA,2021Q4,2021-12-29,336.01857,336.01857,336.01857,1,1
rescue_diazepam_rectal,brand,EA,2022Q1,2022-03-30,336.01857,336.01857,336.01857,1,1
rescue_diazepam_rectal,brand,EA,2022Q2,2022-06-29,335.59429,335.59429,335.59429,1,1
rescue_diazepam_rectal,brand,EA,2022Q3,2022-09-28,335.59429,335.59429,335.59429,1,1
rescue_diazepam_rectal,brand,EA,2022Q4,2022-12-28,335.59429,335.59429,335.59429,1,1
rescue_diazepam_rectal,brand,EA,2023Q1,2023-03-29,335.59429,335.59429,335.59429,1,1
rescue_diazepam_rectal,generic,EA,2019Q1,2019-03-27,255.72985,252.094,259.36571,4,2
rescue_diazepam_rectal,generic,EA,2019Q2,2019-06-26,257.09365,251.01619,263.17111,4,2
rescue_diazepam_rectal,generic,EA,2019Q3,2019-09-25,262.43337,259.02074,265.846,4,2
rescue_diazepam_rectal,generic,EA,2019Q4,2019-12-25,254.79444,234.04571,255.655,6,3
rescue_diazepam_rectal,generic,EA,2020Q1,2020-03-25,242.69,234.04571,257.96313,6,3
rescue_diazepam_rectal,generic,EA,2020Q2,2020-06-24,256.7365,234.04571,269.848,3,3
rescue_diazepam_rectal,generic,EA,2020Q3,2020-09-30,260.16833,229.746,263.6387,3,3
rescue_diazepam_rectal,generic,EA,2020Q4,2020-12-30,250.02536,229.746,253.01545,3,3
rescue_diazepam_rectal,generic,EA,2021Q1,2021-03-31,252.505,229.746,258.512,3,3
rescue_diazepam_rectal,generic,EA,2021Q2,2021-06-30,258.52692,229.746,281.71143,3,3
rescue_diazepam_rectal,generic,EA,2021Q3,2021-09-29,269.44168,253.2805,285.60286,2,2
rescue_diazepam_rectal,generic,EA,2021Q4,2021-12-29,243.42071,218.185,261.2725,3,3
rescue_diazepam_rectal,generic,EA,2022Q1,2022-03-30,243.97591,218.185,279.97857,3,3
rescue_diazepam_rectal,generic,EA,2022Q2,2022-06-29,253.45345,218.185,259.11778,3,3
rescue_diazepam_rectal,generic,EA,2022Q3,2022-09-28,243.22875,218.185,249.39,3,3
rescue_diazepam_rectal,generic,EA,2022Q4,2022-12-28,251.07166,249.66,252.48333,2,2
rescue_diazepam_rectal,generic,EA,2023Q1,2023-03-29,262.48584,260.79739,264.17429,2,2
rescue_diazepam_rectal,generic,EA,2023Q2,2023-06-28,272.64375,258.32,286.9675,2,2
rescue_diazepam_rectal,generic,EA,2023Q3,2023-09-27,255.55366,248.71857,262.38875,2,2
rescue_diazepam_rectal,generic,EA,2023Q4,2023-12-27,266.34974,265.43714,267.26233,2,2
rescue_diazepam_rectal,generic,EA,2024Q1,2024-03-27,267.91476,267.91476,270.31,7,2
rescue_diazepam_rectal,generic,EA,2024Q2,2024-06-26,236.08419,173.30923,262.35974,8,3
rescue_diazepam_rectal,generic,EA,2024Q3,2024-09-25,256.79305,161.251,277.67704,8,3
rescue_diazepam_rectal,generic,EA,2024Q4,2024-12-25,245.54805,168.1446,249.67602,8,5
rescue_diazepam_rectal,generic,EA,2025Q1,2025-03-26,239.30288,206.315,254.60842,8,5
rescue_diazepam_rectal,generic,EA,2025Q2,2025-06-25,246.66273,222.42509,265.23928,8,5
rescue_diazepam_rectal,generic,EA,2025Q3,2025-09-24,248.58692,207.558,260.57347,8,5
rescue_diazepam_rectal,generic,EA,2025Q4,2025-12-31,221.72208,175.78886,221.72208,5,4
rescue_diazepam_rectal,generic,EA,2026Q1,2026-03-25,189.04621,175.26824,189.04621,7,4
rescue_diazepam_rectal,generic,EA,2026Q2,2026-06-24,194.5335,184.14131,194.5335,9,6
rescue_diazepam_rectal,generic,EA,2026Q3,2026-09-16,208.11817,173.31364,208.11817,9,6
rescue_midazolam_nasal,brand,EA,2020Q1,2020-03-25,263.97923,263.97923,263.97923,1,1
rescue_midazolam_nasal,brand,EA,2020Q2,2020-06-24,263.97923,263.97923,263.97923,1,1
rescue_midazolam_nasal,brand,EA,2020Q3,2020-09-30,263.97923,263.97923,263.97923,1,1
rescue_midazolam_nasal,brand,EA,2020Q4,2020-12-30,263.97923,263.97923,263.97923,1,1
rescue_midazolam_nasal,brand,EA,2021Q1,2021-03-31,263.83929,263.83929,263.83929,1,1
rescue_midazolam_nasal,brand,EA,2021Q2,2021-06-30,263.83929,263.83929,263.83929,1,1
rescue_midazolam_nasal,brand,EA,2021Q3,2021-09-29,263.83929,263.83929,263.83929,1,1
rescue_midazolam_nasal,brand,EA,2021Q4,2021-12-29,264.54905,264.54905,264.54905,1,1
rescue_midazolam_nasal,brand,EA,2022Q1,2022-03-30,282.80293,282.80293,282.80293,1,1
rescue_midazolam_nasal,brand,EA,2022Q2,2022-06-29,282.80293,282.80293,282.80293,1,1
rescue_midazolam_nasal,brand,EA,2022Q3,2022-09-28,282.80293,282.80293,282.80293,1,1
rescue_midazolam_nasal,brand,EA,2022Q4,2022-12-28,282.80293,282.80293,282.80293,1,1
rescue_midazolam_nasal,brand,EA,2023Q1,2023-03-29,299.48831,299.48831,299.48831,1,1
rescue_midazolam_nasal,brand,EA,2023Q2,2023-06-28,299.48831,299.48831,299.48831,1,1
rescue_midazolam_nasal,brand,EA,2023Q3,2023-09-27,299.48831,299.48831,299.48831,1,1
rescue_midazolam_nasal,brand,EA,2023Q4,2023-12-27,298.11342,298.11342,298.11342,1,1
rescue_midazolam_nasal,brand,EA,2024Q1,2024-03-27,311.52853,311.52853,311.52853,1,1
rescue_midazolam_nasal,brand,EA,2024Q2,2024-06-26,311.99092,311.99092,311.99092,1,1
rescue_midazolam_nasal,brand,EA,2024Q3,2024-09-25,312.11183,312.11183,312.11183,1,1
rescue_midazolam_nasal,brand,EA,2024Q4,2024-12-25,311.88985,311.88985,311.88985,1,1
rescue_midazolam_nasal,brand,EA,2025Q1,2025-03-26,319.69021,319.69021,319.69021,1,1
rescue_midazolam_nasal,brand,EA,2025Q2,2025-06-25,319.0481,319.0481,319.0481,1,1
rescue_midazolam_nasal,brand,EA,2025Q3,2025-09-24,319.27918,319.27918,319.27918,1,1
rescue_midazolam_nasal,brand,EA,2025Q4,2025-12-31,319.33486,319.33486,319.33486,1,1
rescue_midazolam_nasal,brand,EA,2026Q1,2026-03-25,327.63757,327.63757,327.63757,1,1
rescue_midazolam_nasal,brand,EA,2026Q2,2026-06-24,327.11028,327.11028,327.11028,1,1
rescue_midazolam_nasal,brand,EA,2026Q3,2026-09-16,327.34805,327.34805,327.34805,1,1
rufinamide,brand,EA,2019Q1,2019-03-27,17.27965,11.49902,23.06029,2,2
rufinamide,brand,EA,2019Q2,2019-06-26,17.27965,11.49902,23.06029,2,2
rufinamide,brand,EA,2019Q3,2019-09-25,17.27965,11.49902,23.06029,2,2
rufinamide,brand,EA,2019Q4,2019-12-25,17.26411,11.49902,23.02919,2,2
rufinamide,brand,EA,2020Q1,2020-03-25,18.2173,12.15976,24.27484,2,2
rufinamide,brand,EA,2020Q2,2020-06-24,18.2173,12.15976,24.27484,2,2
rufinamide,brand,EA,2020Q3,2020-09-30,18.2173,12.15976,24.27484,2,2
rufinamide,brand,EA,2020Q4,2020-12-30,18.15526,12.1138,24.19671,2,2
rufinamide,brand,EA,2021Q1,2021-03-31,18.99836,12.62391,25.37281,2,2
rufinamide,brand,EA,2021Q2,2021-06-30,18.92164,12.62391,25.21937,2,2
rufinamide,brand,EA,2021Q3,2021-09-29,18.92164,12.62391,25.21937,2,2
rufinamide,brand,EA,2021Q4,2021-12-29,18.95506,12.69075,25.21937,2,2
rufinamide,brand,EA,2022Q1,2022-03-30,18.99309,12.69075,25.29543,2,2
rufinamide,brand,EA,2022Q2,2022-06-29,18.99309,12.69075,25.29543,2,2
rufinamide,brand,EA,2022Q3,2022-09-28,18.99309,12.69075,25.29543,2,2
rufinamide,brand,EA,2022Q4,2022-12-28,25.29543,25.29543,25.29543,1,1
rufinamide,brand,EA,2023Q1,2023-03-29,25.65553,25.65553,25.65553,1,1
rufinamide,brand,EA,2023Q2,2023-06-28,25.65553,25.65553,25.65553,1,1
rufinamide,brand,EA,2023Q3,2023-09-27,19.13011,12.60468,25.65553,2,2
rufinamide,brand,EA,2023Q4,2023-12-27,19.13011,12.60468,25.65553,2,2
rufinamide,brand,EA,2024Q1,2024-03-27,18.99942,12.60468,25.39416,2,2
rufinamide,brand,EA,2024Q2,2024-06-26,18.99043,12.65195,25.32891,2,2
rufinamide,brand,EA,2024Q3,2024-09-25,19.00741,12.68794,25.32689,2,2
rufinamide,brand,EA,2024Q4,2024-12-25,18.96126,12.61544,25.30709,2,2
rufinamide,brand,EA,2025Q1,2025-03-26,18.97649,12.6445,25.30847,2,2
rufinamide,brand,EA,2025Q2,2025-06-25,18.95398,12.61418,25.29378,2,2
rufinamide,brand,EA,2025Q3,2025-09-24,18.96073,12.60531,25.31616,2,2
rufinamide,brand,EA,2025Q4,2025-12-31,18.95022,12.60911,25.29134,2,2
rufinamide,brand,EA,2026Q1,2026-03-25,18.94329,12.61244,25.27415,2,2
rufinamide,brand,EA,2026Q2,2026-06-24,18.9336,12.60237,25.26483,2,2
rufinamide,brand,EA,2026Q3,2026-09-16,18.90286,12.61034,25.19539,2,2
rufinamide,brand,ML,2019Q1,2019-03-27,3.3192,3.3192,3.3192,1,1
rufinamide,brand,ML,2019Q2,2019-06-26,3.3192,3.3192,3.3192,1,1
rufinamide,brand,ML,2019Q3,2019-09-25,3.3192,3.3192,3.3192,1,1
rufinamide,brand,ML,2019Q4,2019-12-25,3.32536,3.32536,3.32536,1,1
rufinamide,brand,ML,2020Q1,2020-03-25,3.51032,3.51032,3.51032,1,1
rufinamide,brand,ML,2020Q2,2020-06-24,3.51032,3.51032,3.51032,1,1
rufinamide,brand,ML,2020Q3,2020-09-30,3.51032,3.51032,3.51032,1,1
rufinamide,brand,ML,2020Q4,2020-12-30,3.50688,3.50688,3.50688,1,1
rufinamide,brand,ML,2021Q1,2021-03-31,3.65225,3.65225,3.65225,1,1
rufinamide,brand,ML,2021Q2,2021-06-30,3.65225,3.65225,3.65225,1,1
rufinamide,brand,ML,2021Q3,2021-09-29,3.65225,3.65225,3.65225,1,1
rufinamide,brand,ML,2021Q4,2021-12-29,3.65225,3.65225,3.65225,1,1
rufinamide,brand,ML,2022Q1,2022-03-30,3.72071,3.72071,3.72071,1,1
rufinamide,brand,ML,2022Q2,2022-06-29,3.72071,3.72071,3.72071,1,1
rufinamide,brand,ML,2022Q3,2022-09-28,3.72071,3.72071,3.72071,1,1
rufinamide,brand,ML,2022Q4,2022-12-28,3.72071,3.72071,3.72071,1,1
rufinamide,brand,ML,2023Q1,2023-03-29,3.63317,3.63317,3.63317,1,1
rufinamide,brand,ML,2023Q2,2023-06-28,3.67035,3.67035,3.67035,1,1
rufinamide,brand,ML,2023Q3,2023-09-27,3.67035,3.67035,3.67035,1,1
rufinamide,brand,ML,2023Q4,2023-12-27,3.67035,3.67035,3.67035,1,1
rufinamide,brand,ML,2024Q1,2024-03-27,3.67035,3.67035,3.67035,1,1
rufinamide,brand,ML,2024Q2,2024-06-26,3.64909,3.64909,3.64909,1,1
rufinamide,brand,ML,2024Q3,2024-09-25,3.64798,3.64798,3.64798,1,1
rufinamide,brand,ML,2024Q4,2024-12-25,3.6549,3.6549,3.6549,1,1
rufinamide,brand,ML,2025Q1,2025-03-26,3.65414,3.65414,3.65414,1,1
rufinamide,brand,ML,2025Q2,2025-06-25,3.65476,3.65476,3.65476,1,1
rufinamide,brand,ML,2025Q3,2025-09-24,3.65673,3.65673,3.65673,1,1
rufinamide,brand,ML,2025Q4,2025-12-31,3.64936,3.64936,3.64936,1,1
rufinamide,brand,ML,2026Q1,2026-03-25,3.64999,3.64999,3.64999,1,1
rufinamide,brand,ML,2026Q2,2026-06-24,3.64524,3.64524,3.64524,1,1
rufinamide,brand,ML,2026Q3,2026-09-16,3.64862,3.64862,3.64862,1,1
rufinamide,generic,EA,2021Q4,2021-12-29,5.95619,5.95619,5.95619,4,1
rufinamide,generic,EA,2022Q1,2022-03-30,5.73268,5.73268,5.73268,4,1
rufinamide,generic,EA,2022Q2,2022-06-29,5.37749,5.37749,5.37749,4,1
rufinamide,generic,EA,2022Q3,2022-09-28,3.54187,2.39707,4.68667,8,2
rufinamide,generic,EA,2022Q4,2022-12-28,3.53726,2.39707,4.67744,8,2
rufinamide,generic,EA,2023Q1,2023-03-29,3.60141,2.39707,4.80575,10,2
rufinamide,generic,EA,2023Q2,2023-06-28,3.62611,2.39707,4.85515,10,2
rufinamide,generic,EA,2023Q3,2023-09-27,4.32165,4.32165,4.32165,6,1
rufinamide,generic,EA,2023Q4,2023-12-27,3.64246,1.98115,3.64246,13,2
rufinamide,generic,EA,2024Q1,2024-03-27,2.96468,1.98115,3.94821,14,2
rufinamide,generic,EA,2024Q2,2024-06-26,1.88152,1.44813,2.31492,14,2
rufinamide,generic,EA,2024Q3,2024-09-25,2.08411,1.51856,2.64965,14,2
rufinamide,generic,EA,2024Q4,2024-12-25,1.75046,1.5778,1.92311,14,2
rufinamide,generic,EA,2025Q1,2025-03-26,1.80177,1.6863,1.91724,14,2
rufinamide,generic,EA,2025Q2,2025-06-25,1.5707,1.51051,1.63089,14,2
rufinamide,generic,EA,2025Q3,2025-09-24,1.51227,1.43995,1.58459,14,2
rufinamide,generic,EA,2025Q4,2025-12-31,1.3236,0.94217,1.70502,14,2
rufinamide,generic,EA,2026Q1,2026-03-25,1.50869,0.97951,1.50869,13,2
rufinamide,generic,EA,2026Q2,2026-06-24,1.39037,0.86357,1.39037,13,2
rufinamide,generic,EA,2026Q3,2026-09-16,1.45319,0.83197,1.45319,13,2
rufinamide,generic,ML,2021Q1,2021-03-31,3.23491,3.23491,3.23491,2,1
rufinamide,generic,ML,2021Q2,2021-06-30,3.23491,3.23491,3.23491,3,1
rufinamide,generic,ML,2021Q3,2021-09-29,3.23491,3.23491,3.23491,3,1
rufinamide,generic,ML,2021Q4,2021-12-29,2.35731,2.35731,2.35731,3,1
rufinamide,generic,ML,2022Q1,2022-03-30,1.88512,1.88512,1.88512,3,1
rufinamide,generic,ML,2022Q2,2022-06-29,1.79471,1.79471,1.79471,3,1
rufinamide,generic,ML,2022Q3,2022-09-28,1.46368,1.46368,1.46368,3,1
rufinamide,generic,ML,2022Q4,2022-12-28,1.00285,1.00285,1.00285,3,1
rufinamide,generic,ML,2023Q1,2023-03-29,1.15832,1.15832,1.15832,3,1
rufinamide,generic,ML,2023Q2,2023-06-28,1.28087,1.28087,1.28087,4,1
rufinamide,generic,ML,2023Q3,2023-09-27,0.44732,0.44732,0.44732,4,1
rufinamide,generic,ML,2023Q4,2023-12-27,0.65162,0.65162,0.65162,5,1
rufinamide,generic,ML,2024Q1,2024-03-27,0.77379,0.77379,0.77379,5,1
rufinamide,generic,ML,2024Q2,2024-06-26,0.52582,0.52582,0.52582,6,1
rufinamide,generic,ML,2024Q3,2024-09-25,0.49805,0.49805,0.49805,6,1
rufinamide,generic,ML,2024Q4,2024-12-25,0.38871,0.38871,0.38871,7,1
rufinamide,generic,ML,2025Q1,2025-03-26,0.28508,0.28508,0.28508,7,1
rufinamide,generic,ML,2025Q2,2025-06-25,0.35845,0.35845,0.35845,7,1
rufinamide,generic,ML,2025Q3,2025-09-24,0.36788,0.36788,0.36788,7,1
rufinamide,generic,ML,2025Q4,2025-12-31,0.31077,0.31077,0.31077,8,1
rufinamide,generic,ML,2026Q1,2026-03-25,0.2629,0.2629,0.2629,8,1
rufinamide,generic,ML,2026Q2,2026-06-24,0.22622,0.22622,0.22622,8,1
rufinamide,generic,ML,2026Q3,2026-09-16,0.20359,0.20359,0.20359,8,1
tiagabine,brand,EA,2019Q3,2019-09-25,8.95767,8.95767,8.95767,1,1
tiagabine,brand,EA,2019Q4,2019-12-25,8.95767,8.95767,8.95767,1,1
tiagabine,brand,EA,2020Q1,2020-03-25,9.53248,9.53248,9.53248,1,1
tiagabine,brand,EA,2020Q2,2020-06-24,9.53248,9.53248,9.53248,1,1
tiagabine,brand,EA,2020Q3,2020-09-30,9.53248,9.53248,9.53248,1,1
tiagabine,brand,EA,2020Q4,2020-12-30,9.53248,9.53248,9.53248,1,1
tiagabine,brand,EA,2021Q1,2021-03-31,10.42987,10.42987,10.42987,1,1
tiagabine,brand,EA,2021Q2,2021-06-30,10.42987,10.42987,10.42987,1,1
tiagabine,brand,EA,2021Q3,2021-09-29,10.42987,10.42987,10.42987,1,1
tiagabine,brand,EA,2021Q4,2021-12-29,10.42987,10.42987,10.42987,1,1
tiagabine,brand,EA,2022Q1,2022-03-30,11.41027,11.41027,11.41027,1,1
tiagabine,brand,EA,2022Q2,2022-06-29,11.41027,11.41027,11.41027,1,1
tiagabine,brand,EA,2022Q3,2022-09-28,11.41027,11.41027,11.41027,1,1
tiagabine,brand,EA,2022Q4,2022-12-28,11.41027,11.41027,11.41027,1,1
tiagabine,generic,EA,2019Q1,2019-03-27,5.33372,5.04985,5.61759,6,2
tiagabine,generic,EA,2019Q2,2019-06-26,4.73385,4.41784,5.04985,6,2
tiagabine,generic,EA,2019Q3,2019-09-25,4.52467,4.09107,4.95827,6,2
tiagabine,generic,EA,2019Q4,2019-12-25,4.14231,4.09107,4.19356,6,2
tiagabine,generic,EA,2020Q1,2020-03-25,4.26579,4.09107,4.4405,6,2
tiagabine,generic,EA,2020Q2,2020-06-24,4.54744,4.34267,4.75221,6,2
tiagabine,generic,EA,2020Q3,2020-09-30,4.02938,3.71609,4.34267,6,2
tiagabine,generic,EA,2020Q4,2020-12-30,4.46332,4.34267,4.58397,6,2
tiagabine,generic,EA,2021Q1,2021-03-31,4.16972,3.99678,4.34267,6,2
tiagabine,generic,EA,2021Q2,2021-06-30,4.09729,4.09729,4.09729,3,1
tiagabine,generic,EA,2021Q3,2021-09-29,3.65896,3.65896,3.65896,3,1
tiagabine,generic,EA,2021Q4,2021-12-29,2.85676,2.85676,2.85676,3,1
tiagabine,generic,EA,2022Q1,2022-03-30,3.73471,3.73471,3.73471,2,1
tiagabine,generic,EA,2022Q2,2022-06-29,3.52213,3.52213,3.52213,3,1
tiagabine,generic,EA,2022Q3,2022-09-28,2.91871,2.91871,2.91871,3,1
tiagabine,generic,EA,2022Q4,2022-12-28,3.24263,3.24263,3.24263,3,1
tiagabine,generic,EA,2023Q1,2023-03-29,2.27589,2.27589,2.27589,3,1
tiagabine,generic,EA,2023Q2,2023-06-28,2.875,2.875,2.875,3,1
tiagabine,generic,EA,2023Q3,2023-09-27,3.18993,3.18993,3.18993,3,1
tiagabine,generic,EA,2023Q4,2023-12-27,3.49021,3.49021,3.49021,3,1
tiagabine,generic,EA,2024Q1,2024-03-27,2.50948,2.28506,2.73389,6,2
tiagabine,generic,EA,2024Q2,2024-06-26,2.48952,2.23036,5.543,8,3
tiagabine,generic,EA,2024Q3,2024-09-25,3.06223,1.94737,5.91567,8,3
tiagabine,generic,EA,2024Q4,2024-12-25,2.39042,2.03706,6.48883,10,4
tiagabine,generic,EA,2025Q1,2025-03-26,2.1728,2.05511,6.25781,10,4
tiagabine,generic,EA,2025Q2,2025-06-25,2.28351,1.9745,6.0268,10,4
tiagabine,generic,EA,2025Q3,2025-09-24,2.10216,1.84597,6.0268,10,4
tiagabine,generic,EA,2025Q4,2025-12-31,1.9538,1.76435,6.0268,10,4
tiagabine,generic,EA,2026Q1,2026-03-25,4.02603,1.8447,6.0268,8,4
tiagabine,generic,EA,2026Q2,2026-06-24,2.20556,2.06311,6.02347,6,3
tiagabine,generic,EA,2026Q3,2026-09-16,2.41242,2.27342,6.63987,6,3
topiramate,brand,EA,2019Q1,2019-03-27,13.88607,5.82774,32.39284,20,12
topiramate,brand,EA,2019Q2,2019-06-26,13.88607,5.82774,32.39284,20,12
topiramate,brand,EA,2019Q3,2019-09-25,15.84346,5.82774,32.39284,21,13
topiramate,brand,EA,2019Q4,2019-12-25,13.91395,5.82774,32.31868,20,12
topiramate,brand,EA,2020Q1,2020-03-25,14.55103,5.95094,34.90417,20,12
topiramate,brand,EA,2020Q2,2020-06-24,14.51258,5.95094,34.90417,16,12
topiramate,brand,EA,2020Q3,2020-09-30,14.51258,5.95094,34.90417,16,12
topiramate,brand,EA,2020Q4,2020-12-30,14.49128,5.91825,34.86621,16,12
topiramate,brand,EA,2021Q1,2021-03-31,15.0387,6.03662,36.95818,14,10
topiramate,brand,EA,2021Q2,2021-06-30,15.0387,6.03662,36.95818,14,10
topiramate,brand,EA,2021Q3,2021-09-29,15.0387,6.03662,36.95818,14,10
topiramate,brand,EA,2021Q4,2021-12-29,15.04058,6.03662,37.00141,14,10
topiramate,brand,EA,2022Q1,2022-03-30,18.23738,11.10417,39.22149,10,6
topiramate,brand,EA,2022Q2,2022-06-29,15.61468,6.1126,39.22149,12,8
topiramate,brand,EA,2022Q3,2022-09-28,15.61468,6.1126,39.22149,12,8
topiramate,brand,EA,2022Q4,2022-12-28,15.61468,6.1126,39.22149,12,8
topiramate,brand,EA,2023Q1,2023-03-29,16.21667,6.23485,41.57478,12,8
topiramate,brand,EA,2023Q2,2023-06-28,16.21667,6.23485,41.57478,12,8
topiramate,brand,EA,2023Q3,2023-09-27,16.21667,6.23485,41.57478,12,8
topiramate,brand,EA,2023Q4,2023-12-27,16.22652,6.23485,41.56507,12,8
topiramate,brand,EA,2024Q1,2024-03-27,16.22652,6.23485,41.56507,12,8
topiramate,brand,EA,2024Q2,2024-06-26,17.12233,6.27769,41.57828,15,11
topiramate,brand,EA,2024Q3,2024-09-25,17.10604,6.29348,41.57339,15,11
topiramate,brand,EA,2024Q4,2024-12-25,20.07568,6.29374,41.5736,13,12
topiramate,brand,EA,2025Q1,2025-03-26,18.97022,6.41955,41.48158,14,13
topiramate,brand,EA,2025Q2,2025-06-25,18.98561,6.39403,41.43751,14,13
topiramate,brand,EA,2025Q3,2025-09-24,17.40563,6.38943,41.39965,13,13
topiramate,brand,EA,2025Q4,2025-12-31,17.41785,6.37928,43.88363,13,13
topiramate,brand,EA,2026Q1,2026-03-25,17.94039,6.57066,43.71936,11,11
topiramate,brand,EA,2026Q2,2026-06-24,16.14173,6.56004,43.65101,9,9
topiramate,brand,EA,2026Q3,2026-09-16,17.43323,6.57606,47.1431,9,9
topiramate,brand,ML,2022Q4,2022-12-28,1.34468,1.34468,1.34468,1,1
topiramate,brand,ML,2023Q1,2023-03-29,1.47914,1.47914,1.47914,1,1
topiramate,brand,ML,2023Q2,2023-06-28,1.49069,1.49069,1.49069,1,1
topiramate,brand,ML,2023Q3,2023-09-27,1.49069,1.49069,1.49069,1,1
topiramate,brand,ML,2023Q4,2023-12-27,1.57188,1.57188,1.57188,1,1
topiramate,brand,ML,2024Q1,2024-03-27,1.57188,1.57188,1.57188,1,1
topiramate,brand,ML,2024Q2,2024-06-26,2.29449,1.55959,2.43514,3,1
topiramate,brand,ML,2024Q3,2024-09-25,2.28795,1.56199,2.43182,3,1
topiramate,brand,ML,2024Q4,2024-12-25,2.28558,1.56113,2.43453,3,1
topiramate,brand,ML,2025Q1,2025-03-26,2.49128,1.55968,2.65366,3,1
topiramate,brand,ML,2025Q2,2025-06-25,2.49128,1.55518,2.66891,3,1
topiramate,brand,ML,2025Q3,2025-09-24,2.47714,1.55577,2.66398,3,1
topiramate,brand,ML,2025Q4,2025-12-31,2.55454,1.60406,2.73968,3,1
topiramate,brand,ML,2026Q1,2026-03-25,2.55454,1.60406,2.73968,3,1
topiramate,brand,ML,2026Q2,2026-06-24,2.55454,1.57943,2.70225,3,1
topiramate,brand,ML,2026Q3,2026-09-16,2.55454,1.58111,2.71439,3,1
topiramate,generic,EA,2019Q1,2019-03-27,0.06544,0.03313,20.063,92,11
topiramate,generic,EA,2019Q2,2019-06-26,0.07582,0.03145,21.90593,88,11
topiramate,generic,EA,2019Q3,2019-09-25,0.07645,0.03381,20.84293,88,11
topiramate,generic,EA,2019Q4,2019-12-25,0.07259,0.03482,22.09013,88,11
topiramate,generic,EA,2020Q1,2020-03-25,0.07685,0.03573,22.09013,89,11
topiramate,generic,EA,2020Q2,2020-06-24,0.07562,0.03488,23.42533,89,11
topiramate,generic,EA,2020Q3,2020-09-30,0.07135,0.03363,23.42533,89,11
topiramate,generic,EA,2020Q4,2020-12-30,0.06773,0.03369,23.42533,100,11
topiramate,generic,EA,2021Q1,2021-03-31,0.0705,0.03347,23.42533,106,11
topiramate,generic,EA,2021Q2,2021-06-30,0.06518,0.03246,22.95207,100,8
topiramate,generic,EA,2021Q3,2021-09-29,0.06699,0.03318,22.95207,102,8
topiramate,generic,EA,2021Q4,2021-12-29,0.06654,0.03255,24.30273,104,8
topiramate,generic,EA,2022Q1,2022-03-30,0.06953,0.03423,24.30273,107,9
topiramate,generic,EA,2022Q2,2022-06-29,0.06294,0.03228,21.57611,99,9
topiramate,generic,EA,2022Q3,2022-09-28,0.06561,0.03268,24.1164,104,11
topiramate,generic,EA,2022Q4,2022-12-28,0.06453,0.03508,19.28287,106,11
topiramate,generic,EA,2023Q1,2023-03-29,0.06361,0.03311,24.93154,108,11
topiramate,generic,EA,2023Q2,2023-06-28,0.06571,0.03347,33.8338,126,11
topiramate,generic,EA,2023Q3,2023-09-27,0.06719,0.0317,29.79041,136,11
topiramate,generic,EA,2023Q4,2023-12-27,0.06561,0.03105,34.76257,139,11
topiramate,generic,EA,2024Q1,2024-03-27,0.06908,0.03079,27.71228,136,11
topiramate,generic,EA,2024Q2,2024-06-26,0.08157,0.0311,21.76844,130,11
topiramate,generic,EA,2024Q3,2024-09-25,0.10227,0.02972,23.55388,134,11
topiramate,generic,EA,2024Q4,2024-12-25,0.0947,0.02572,24.66405,136,15
topiramate,generic,EA,2025Q1,2025-03-26,0.10313,0.02806,29.58901,136,15
topiramate,generic,EA,2025Q2,2025-06-25,0.10162,0.02709,25.31272,136,15
topiramate,generic,EA,2025Q3,2025-09-24,0.10093,0.0265,25.81762,141,15
topiramate,generic,EA,2025Q4,2025-12-31,0.10884,0.02658,25.4775,141,15
topiramate,generic,EA,2026Q1,2026-03-25,0.10408,0.02602,22.22715,146,15
topiramate,generic,EA,2026Q2,2026-06-24,0.1069,0.02538,23.20958,149,16
topiramate,generic,EA,2026Q3,2026-09-16,0.10979,0.02563,23.12827,147,16
topiramate,generic,ML,2025Q4,2025-12-31,1.0847,1.0847,1.0847,1,1
topiramate,generic,ML,2026Q1,2026-03-25,1.50072,1.06674,1.9347,2,1
topiramate,generic,ML,2026Q2,2026-06-24,1.58207,1.09018,2.07395,2,1
topiramate,generic,ML,2026Q3,2026-09-16,1.60051,1.0826,2.11842,2,1
valproate,brand,EA,2019Q1,2019-03-27,3.36925,1.64761,6.23487,11,6
valproate,brand,EA,2019Q2,2019-06-26,3.3081,1.63312,6.23487,11,6
valproate,brand,EA,2019Q3,2019-09-25,3.3081,1.63312,6.23487,11,6
valproate,brand,EA,2019Q4,2019-12-25,3.34288,1.63312,6.15438,11,6
valproate,brand,EA,2020Q1,2020-03-25,4.36622,1.61923,6.19423,10,5
valproate,brand,EA,2020Q2,2020-06-24,3.34288,1.61923,6.19423,11,6
valproate,brand,EA,2020Q3,2020-09-30,3.36777,1.61923,6.19423,11,6
valproate,brand,EA,2020Q4,2020-12-30,3.36777,1.61504,6.14897,11,6
valproate,brand,EA,2021Q1,2021-03-31,3.36777,1.61504,6.14897,11,6
valproate,brand,EA,2021Q2,2021-06-30,3.36777,1.61504,6.14897,11,6
valproate,brand,EA,2021Q3,2021-09-29,5.38438,1.61504,6.15982,9,5
valproate,brand,EA,2021Q4,2021-12-29,3.3658,1.62053,6.15982,11,6
valproate,brand,EA,2022Q1,2022-03-30,4.35168,1.62053,6.15982,10,5
valproate,brand,EA,2022Q2,2022-06-29,5.33756,1.62053,6.15982,12,5
valproate,brand,EA,2022Q3,2022-09-28,3.3658,1.62683,5.35512,9,4
valproate,brand,EA,2022Q4,2022-12-28,5.35512,1.62683,6.14812,10,4
valproate,brand,EA,2023Q1,2023-03-29,4.56822,1.7082,6.45559,14,6
valproate,brand,EA,2023Q2,2023-06-28,3.51356,1.7082,6.45559,13,6
valproate,brand,EA,2023Q3,2023-09-27,3.51356,1.7082,6.45559,14,6
valproate,brand,EA,2023Q4,2023-12-27,3.51356,1.70912,6.48194,14,6
valproate,brand,EA,2024Q1,2024-03-27,3.68927,1.79458,6.80597,12,6
valproate,brand,EA,2024Q2,2024-06-26,3.69354,1.79233,6.77817,11,6
valproate,brand,EA,2024Q3,2024-09-25,3.687,1.79295,6.78067,10,6
valproate,brand,EA,2024Q4,2024-12-25,3.68199,1.79197,6.77803,10,6
valproate,brand,EA,2025Q1,2025-03-26,3.86609,1.88154,7.11694,10,6
valproate,brand,EA,2025Q2,2025-06-25,3.84649,1.87945,7.11984,7,6
valproate,brand,EA,2025Q3,2025-09-24,3.68597,1.87828,7.12224,6,6
valproate,brand,EA,2025Q4,2025-12-31,3.68108,1.878,7.11248,6,6
valproate,brand,EA,2026Q1,2026-03-25,3.8651,1.9719,7.46817,6,6
valproate,brand,EA,2026Q2,2026-06-24,3.86533,1.97,7.45096,6,6
valproate,brand,EA,2026Q3,2026-09-16,3.86819,1.96594,7.45337,6,6
valproate,generic,EA,2019Q1,2019-03-27,0.3064,0.04695,0.39234,106,7
valproate,generic,EA,2019Q2,2019-06-26,0.3161,0.04822,0.38459,98,7
valproate,generic,EA,2019Q3,2019-09-25,0.25049,0.06206,0.38334,96,7
valproate,generic,EA,2019Q4,2019-12-25,0.29571,0.06038,0.37359,95,7
valproate,generic,EA,2020Q1,2020-03-25,0.28108,0.0604,0.38674,93,7
valproate,generic,EA,2020Q2,2020-06-24,0.26228,0.05677,0.37848,94,7
valproate,generic,EA,2020Q3,2020-09-30,0.22907,0.05127,0.36275,95,7
valproate,generic,EA,2020Q4,2020-12-30,0.21786,0.0507,0.32605,101,7
valproate,generic,EA,2021Q1,2021-03-31,0.20946,0.06002,0.34318,101,8
valproate,generic,EA,2021Q2,2021-06-30,0.20616,0.05411,0.33122,98,8
valproate,generic,EA,2021Q3,2021-09-29,0.20899,0.06047,0.31515,104,8
valproate,generic,EA,2021Q4,2021-12-29,0.19414,0.05934,0.30692,104,8
valproate,generic,EA,2022Q1,2022-03-30,0.17839,0.06035,0.31191,105,8
valproate,generic,EA,2022Q2,2022-06-29,0.18163,0.05493,0.29873,105,8
valproate,generic,EA,2022Q3,2022-09-28,0.17242,0.05371,0.28437,110,8
valproate,generic,EA,2022Q4,2022-12-28,0.17773,0.05683,0.26625,113,8
valproate,generic,EA,2023Q1,2023-03-29,0.16206,0.05777,0.25183,119,8
valproate,generic,EA,2023Q2,2023-06-28,0.18054,0.06425,0.25819,120,8
valproate,generic,EA,2023Q3,2023-09-27,0.1588,0.05516,0.23614,116,7
valproate,generic,EA,2023Q4,2023-12-27,0.17805,0.06939,0.25484,112,7
valproate,generic,EA,2024Q1,2024-03-27,0.18,0.07045,0.24912,109,7
valproate,generic,EA,2024Q2,2024-06-26,0.17562,0.06554,0.25916,106,7
valproate,generic,EA,2024Q3,2024-09-25,0.17889,0.06956,0.23487,110,7
valproate,generic,EA,2024Q4,2024-12-25,0.16434,0.05891,0.22563,117,7
valproate,generic,EA,2025Q1,2025-03-26,0.17856,0.06066,0.23806,121,7
valproate,generic,EA,2025Q2,2025-06-25,0.17553,0.05604,0.22559,127,7
valproate,generic,EA,2025Q3,2025-09-24,0.16249,0.05551,0.25183,128,7
valproate,generic,EA,2025Q4,2025-12-31,0.15805,0.05492,0.2379,131,7
valproate,generic,EA,2026Q1,2026-03-25,0.16239,0.05527,0.23848,135,7
valproate,generic,EA,2026Q2,2026-06-24,0.16427,0.05413,0.23864,135,7
valproate,generic,EA,2026Q3,2026-09-16,0.16053,0.05612,0.23366,128,7
valproate,generic,ML,2019Q1,2019-03-27,0.01825,0.01825,0.01825,5,1
valproate,generic,ML,2019Q2,2019-06-26,0.01948,0.01948,0.01948,5,1
valproate,generic,ML,2019Q3,2019-09-25,0.02072,0.02072,0.02072,4,1
valproate,generic,ML,2019Q4,2019-12-25,0.02158,0.02158,0.02158,4,1
valproate,generic,ML,2020Q1,2020-03-25,0.01883,0.01883,0.01883,4,1
valproate,generic,ML,2020Q2,2020-06-24,0.02006,0.02006,0.02006,4,1
valproate,generic,ML,2020Q3,2020-09-30,0.01847,0.01847,0.01847,4,1
valproate,generic,ML,2020Q4,2020-12-30,0.0185,0.0185,0.0185,5,1
valproate,generic,ML,2021Q1,2021-03-31,0.01802,0.01802,0.01802,5,1
valproate,generic,ML,2021Q2,2021-06-30,0.0185,0.0185,0.0185,5,1
valproate,generic,ML,2021Q3,2021-09-29,0.01865,0.01865,0.01865,5,1
valproate,generic,ML,2021Q4,2021-12-29,0.01812,0.01812,0.01812,5,1
valproate,generic,ML,2022Q1,2022-03-30,0.01872,0.01872,0.01872,5,1
valproate,generic,ML,2022Q2,2022-06-29,0.01744,0.01744,0.01744,5,1
valproate,generic,ML,2022Q3,2022-09-28,0.02114,0.02114,0.02114,5,1
valproate,generic,ML,2022Q4,2022-12-28,0.01849,0.01849,0.01849,7,1
valproate,generic,ML,2023Q1,2023-03-29,0.02042,0.02042,0.02042,7,1
valproate,generic,ML,2023Q2,2023-06-28,0.02266,0.02266,0.02266,7,1
valproate,generic,ML,2023Q3,2023-09-27,0.02709,0.02709,0.02709,6,1
valproate,generic,ML,2023Q4,2023-12-27,0.02956,0.02956,0.02956,6,1
valproate,generic,ML,2024Q1,2024-03-27,0.03322,0.03322,0.03322,7,1
valproate,generic,ML,2024Q2,2024-06-26,0.03187,0.03187,0.03187,7,1
valproate,generic,ML,2024Q3,2024-09-25,0.03335,0.03335,0.03335,7,1
valproate,generic,ML,2024Q4,2024-12-25,0.03508,0.03508,0.03508,6,1
valproate,generic,ML,2025Q1,2025-03-26,0.03438,0.03438,0.03438,5,1
valproate,generic,ML,2025Q2,2025-06-25,0.0335,0.0335,0.0335,5,1
valproate,generic,ML,2025Q3,2025-09-24,0.03309,0.03309,0.03309,5,1
valproate,generic,ML,2025Q4,2025-12-31,0.03328,0.03328,0.03328,5,1
valproate,generic,ML,2026Q1,2026-03-25,0.034,0.034,0.034,4,1
valproate,generic,ML,2026Q2,2026-06-24,0.03326,0.03326,0.03326,4,1
valproate,generic,ML,2026Q3,2026-09-16,0.03369,0.03369,0.03369,4,1
zonisamide,brand,ML,2023Q2,2023-06-28,2.21481,2.21481,2.21481,1,1
zonisamide,brand,ML,2023Q3,2023-09-27,2.21481,2.21481,2.21481,1,1
zonisamide,brand,ML,2023Q4,2023-12-27,2.3477,2.3477,2.3477,1,1
zonisamide,brand,ML,2024Q1,2024-03-27,2.3477,2.3477,2.3477,1,1
zonisamide,brand,ML,2024Q2,2024-06-26,2.36579,2.36579,2.36579,1,1
zonisamide,brand,ML,2024Q3,2024-09-25,2.45448,2.45448,2.45448,1,1
zonisamide,brand,ML,2024Q4,2024-12-25,2.45354,2.45354,2.45354,1,1
zonisamide,brand,ML,2025Q1,2025-03-26,2.67436,2.67436,2.67436,1,1
zonisamide,brand,ML,2025Q2,2025-06-25,2.67299,2.67299,2.67299,1,1
zonisamide,brand,ML,2025Q3,2025-09-24,2.67264,2.67264,2.67264,1,1
zonisamide,brand,ML,2025Q4,2025-12-31,2.75303,2.75303,2.75303,1,1
zonisamide,brand,ML,2026Q1,2026-03-25,2.75303,2.75303,2.75303,1,1
zonisamide,brand,ML,2026Q2,2026-06-24,2.75087,2.75087,2.75087,1,1
zonisamide,brand,ML,2026Q3,2026-09-16,2.75046,2.75046,2.75046,1,1
zonisamide,generic,EA,2019Q1,2019-03-27,0.14126,0.1058,0.14979,24,3
zonisamide,generic,EA,2019Q2,2019-06-26,0.15122,0.10664,0.15154,23,3
zonisamide,generic,EA,2019Q3,2019-09-25,0.14459,0.09632,0.14459,21,3
zonisamide,generic,EA,2019Q4,2019-12-25,0.14875,0.08855,0.14875,18,3
zonisamide,generic,EA,2020Q1,2020-03-25,0.15111,0.10178,0.15771,16,3
zonisamide,generic,EA,2020Q2,2020-06-24,0.13938,0.09334,0.13938,16,3
zonisamide,generic,EA,2020Q3,2020-09-30,0.15567,0.07142,0.15567,16,3
zonisamide,generic,EA,2020Q4,2020-12-30,0.16526,0.09715,0.16526,16,3
zonisamide,generic,EA,2021Q1,2021-03-31,0.16459,0.08141,0.16459,16,3
zonisamide,generic,EA,2021Q2,2021-06-30,0.17746,0.08112,0.17746,16,3
zonisamide,generic,EA,2021Q3,2021-09-29,0.12392,0.08642,0.12392,23,3
zonisamide,generic,EA,2021Q4,2021-12-29,0.139,0.10659,0.139,21,3
zonisamide,generic,EA,2022Q1,2022-03-30,0.12763,0.08772,0.12763,23,3
zonisamide,generic,EA,2022Q2,2022-06-29,0.12768,0.07631,0.12768,23,3
zonisamide,generic,EA,2022Q3,2022-09-28,0.11853,0.07432,0.11853,23,3
zonisamide,generic,EA,2022Q4,2022-12-28,0.12139,0.08294,0.12139,27,3
zonisamide,generic,EA,2023Q1,2023-03-29,0.12167,0.07908,0.12167,29,3
zonisamide,generic,EA,2023Q2,2023-06-28,0.12548,0.06474,0.12548,29,3
zonisamide,generic,EA,2023Q3,2023-09-27,0.12297,0.0792,0.12297,29,3
zonisamide,generic,EA,2023Q4,2023-12-27,0.12666,0.08074,0.12666,29,3
zonisamide,generic,EA,2024Q1,2024-03-27,0.12308,0.08266,0.12308,29,3
zonisamide,generic,EA,2024Q2,2024-06-26,0.11572,0.07377,0.11572,29,3
zonisamide,generic,EA,2024Q3,2024-09-25,0.1228,0.0778,0.1228,29,3
zonisamide,generic,EA,2024Q4,2024-12-25,0.10236,0.06255,0.10236,29,3
zonisamide,generic,EA,2025Q1,2025-03-26,0.1122,0.07793,0.1122,29,3
zonisamide,generic,EA,2025Q2,2025-06-25,0.11353,0.07391,0.11353,29,3
zonisamide,generic,EA,2025Q3,2025-09-24,0.10731,0.06456,0.10731,29,3
zonisamide,generic,EA,2025Q4,2025-12-31,0.10834,0.05828,0.10834,29,3
zonisamide,generic,EA,2026Q1,2026-03-25,0.10664,0.06324,0.10664,28,3
zonisamide,generic,EA,2026Q2,2026-06-24,0.10778,0.05974,0.10778,28,3
zonisamide,generic,EA,2026Q3,2026-09-16,0.10667,0.06202,0.10667,26,3
