isd,district,county,city,locale,enrollment,classification,classification_label,what_we_saw,source_url,checked,posted_since_check,district_reply,district_reply_summary
2396,A.C.G.C. Public School District,Meeker,Grove City,Rural,880,FOUND_MED_POLICY_ONLY,Medication policy only,Posts Policy 516 Student Medication/Telehealth covering asthma/epinephrine/anaphylaxis; no seizure mention; handbook also lacks it.,https://files-backend.assets.thrillshare.com/documents/asset/uploaded_file/2412/Acgc/472ba892-f0fb-4ce8-93e0-8c29eba0a710/516-Student-Medication-and-Telehealth.pdf?disposition=inline,June 2026,,,
2910,Ada-Borup-West Public Schools,Norman,Ada,Rural,701,NOT_VERIFIABLE,Could not check,Site behind JavaScript Client Challenge bot protection; policies/handbook/health pages unreachable; board docs only via BoardBook.,https://www.ada.k12.mn.us/page/board-of-education,June 2026,,,
511,Adrian Public School District,Nobles,Adrian,Rural,585,FOUND_MED_POLICY_ONLY,Medication policy only,Policy 516 covers asthma and epinephrine delivery systems; no seizure/epilepsy/seizure-action-plan mention.,https://docs.google.com/document/d/1Ux1T0QEPxiDXRCpeMJgdr9axxrg1N9oRJ8fsIgvD_60/edit,June 2026,,,
1,Aitkin Public School District,Aitkin,Aitkin,Rural,995,FOUND_MED_POLICY_ONLY,Medication policy only,Policy 516 Student Medication PDF (board approved 7/21/25); no seizure or epilepsy mention in text.,https://home.isd1.org/uploads/1/2/5/6/12568878/516_student_medication_and_telehealth_legis__ba_7_21_25_.pdf,June 2026,,,
745,Albany Public School District,Stearns,Albany,Rural,1799,FOUND_MED_POLICY_ONLY,Medication policy only,Health Services posts medication administration procedures and authorization forms; no seizure mention found publicly.,https://district745.org/health-services/,June 2026,,,
241,Albert Lea Public School District,Freeborn,Albert Lea,Town,3338,FOUND_SEIZURE_SPECIFIC,Seizure plan posted,"Health Services Chronic Health Conditions page publicly posts a Seizure Action Plan; confirmed via search, page blocked direct fetch.",https://www.alschools.org/df/health-services/chronic-health-conditions,June 2026,,,
242,Alden-Conger Public School District,Freeborn,Alden,Rural,457,FOUND_MED_POLICY_ONLY,Medication policy only,"Posted Medication Policy covers emergency self-carry meds (Epi-pen, Glucagon); no seizure mention",https://4.files.edl.io/5f97/09/04/25/135648-1ac84c12-0bcc-4bcb-a7d2-e7c597d72b4c.pdf,June 2026,,,
206,Alexandria,Douglas,Alexandria,Town,4021,FOUND_SEIZURE_SPECIFIC,Seizure plan posted,,https://www.alexschools.org/district/departments/health-services,June 2026,,,
876,Annandale Public School District,Wright,Annandale,Rural,2049,FOUND_MED_POLICY_ONLY,Medication policy only,"Policy 516 Student Medication and Telehealth publicly posted; 8 pages, verified text has zero seizure mention.",https://drive.google.com/file/d/1Lmc0uWHdMTJ1jkmS-8TkYvr2M1aR9mLi/view,June 2026,,,
11,Anoka-Hennepin School District,Anoka,Anoka,Suburb,38631,FOUND_SEIZURE_SPECIFIC,Seizure plan posted,Dedicated 'Seizure Smart Schools' page links seizure action plan and seizure recognition chart; Epilepsy Foundation MN partnership.,https://www.ahschools.us/services/health/individual/~board/services-health/post/seizure-smart-schools,June 2026,,,
261,Ashby Public School District,Grant,Ashby,Rural,320,FOUND_MED_POLICY_ONLY,Medication policy only,"Student handbook Health Services section has medication policy (prescription/OTC, self-administer); zero seizure/epilepsy/emergency-med mention.",https://resources.finalsite.net/images/v1765913486/ashbyk12mnus/ms5jvvnue9brtinoahgj/STUDENTHANDBOOK.pdf,June 2026,,,
492,Austin Public School District,Mower,Austin,Town,5146,FOUND_SEIZURE_SPECIFIC,Seizure plan posted,Health Services page publicly lists a downloadable 'Seizure Action Plan' form among health action plans.,https://www.austin.k12.mn.us/district-offices/special-services/health-services,June 2026,,,
676,Badger Public School District,Roseau,Badger,Rural,222,FOUND_MED_POLICY_ONLY,Medication policy only,"Policy manual lists Policy 516 Student Medication (rev 06/16/25); full text not machine-readable, no seizure content confirmed.",https://meetings.boardbook.org/Public/Book/1824?docTypeId=228137&file=3d83a1fd-9b1b-468e-9940-5d8e4f086982,June 2026,,,
162,Bagley Public School District,Clearwater,Bagley,Rural,921,FOUND_MED_POLICY_ONLY,Medication policy only,"Policy 516 Student Medication posted (500 Students series, Rev. 2025); asthma/epinephrine, no seizure mention.",https://www.bagley.k12.mn.us/o/sd-162/page/school-board-policies,June 2026,,,
146,Barnesville Public School Dist.,Clay,Barnesville,Rural,875,FOUND_MED_POLICY_ONLY,Medication policy only,"Policy 516 Student Medication posted; covers asthma/anaphylaxis/emergency meds, no seizure mention in 500 series.",https://resources.finalsite.net/images/v1733830559/barnesvillek12mnus/hyqcoo61eeibhsyaqrhf/policystudentmedicationapproved202023.pdf,June 2026,,,
91,Barnum Public School District,Carlton,Barnum,Rural,675,NOT_VERIFIABLE,Could not check,"Policy/handbook pages on isd91.org return 404/429 to fetch (bot-blocked); only page structure confirmed, content not viewable.",https://isd91.org/district/district-policies/,June 2026,,,
542,Battle Lake Public School District,Otter Tail,Battle Lake,Rural,403,FOUND_MED_POLICY_ONLY,Medication policy only,"Posted Policy 516 Student Medication (MSBA Model, Rev 2013) plus Medications page; covers asthma/anaphylaxis; no seizure mention.",https://aptg.co/bc2tgk,June 2026,,confirmed,School health lead confirmed by email in September 2026: answered yes when asked whether it has a seizure action plan for each student with a diagnosed seizure disorder and trained staff at each school; it has no current students with a seizure disorder
726,Becker Public School District,Sherburne,Becker,Rural,2847,FOUND_MED_POLICY_ONLY,Medication policy only,Posts Policy 516 Student Medication/Telehealth plus health-services medication page; no seizure mention confirmed.,https://www.becker.k12.mn.us/home/district-policies,June 2026,,,
2364,Belgrade-Brooten-Elrosa School Dist,Stearns,Belgrade,Rural,630,FOUND_SEIZURE_SPECIFIC,Seizure plan posted,Health Services page publicly posts a 'Seizure Action Plan' PDF among health forms,https://www.bbejaguars.org/health-services,June 2026,,,
716,Belle Plaine Public Schools,Scott,Belle Plaine,Town,1541,FOUND_MED_POLICY_ONLY,Medication policy only,"Health pages publicly describe medication administration (consent, physician orders, original container); no seizure mention. Policy 516 not yet posted.",https://www.isd716.org/health-office-overview,June 2026,,,
31,Bemidji Area Schools,Beltrami,Bemidji,Town,4812,NOT_VERIFIABLE,Could not check,No accessible health-services or seizure page online; board policies behind JS panel; old k12 health URL refused connection.,https://www.isd31.net/district/board-of-education,June 2026,,,
777,Benson Public School District,Swift,Benson,Rural,774,FOUND_MED_POLICY_ONLY,Medication policy only,"Policy 516 and 6-12 handbook both read; emergency meds covered, no seizure/epilepsy mention anywhere.",https://docs.google.com/document/d/1Jy2yTmEhD5nlzlKiU6XT3kURuGZ2hED5_EORpPuR5IM/edit,June 2026,,,
786,Bertha-Hewitt Public School District,Todd,Bertha,Rural,518,FOUND_MED_POLICY_ONLY,Medication policy only,"Policy 516 Student Medication (MSBA model, orig 1995); asthma/anaphylaxis/emergency meds, no seizure mention.",https://www.isd786.org/policies,June 2026,,,
727,Big Lake Public School District,Sherburne,Big Lake,Town,3157,FOUND_SEIZURE_SPECIFIC,Seizure plan posted,Health services page has a Seizures section linking a Seizure Plan / doctor orders PDF.,https://www.biglakeschools.org/departments/health-services,June 2026,,,
2534,Bird Island-Olivia-Lake Lillian,Renville,Olivia,Rural,619,FOUND_MED_POLICY_ONLY,Medication policy only,Policy 516 Student Medication (rev 2/26/18) covers emergency med admin; no seizure mention; no seizure policy in 500 series,https://www.bold.k12.mn.us/documents/district/policies/policy-500/21978120,June 2026,,,
32,Blackduck Public School,Beltrami,Blackduck,Rural,739,FOUND_MED_POLICY_ONLY,Medication policy only,Handbook 'Medications at School' section covers prescription meds/asthma; no seizure or seizure action plan mention.,http://blackduck.k12.mn.us/uploads/1/2/0/2/120246290/hs_student_handbook_2021-22.pdf,June 2026,,,
756,Blooming Prairie Public Schools,Steele,Blooming Prairie,Rural,864,FOUND_SEIZURE_SPECIFIC,Seizure plan posted,"Posts 'Seizure Plan Policy' (OCR-confirmed) citing Minn Stat 121A.24, individual health plan, yearly staff training.",https://assets-rst7.rschooltoday.com/rst7files/uploads/sites/364/2025/09/22025338/22-23_Seizure_Plan_Policy.pdf,June 2026,,,
271,Bloomington Public School District,Hennepin,Bloomington,City,10294,FOUND_SEIZURE_SPECIFIC,Seizure plan posted,Medications page lists a Seizure Emergency Plan among emergency action plans.,https://www.bloomington.k12.mn.us/health-services/medications,June 2026,,,
2860,Blue Earth Area School District,Faribault,Blue Earth,Rural,1075,FOUND_MED_POLICY_ONLY,Medication policy only,Policy 516 (June 9 2025) covers epinephrine/emergency meds; zero seizure or epilepsy mentions.,https://files-backend.assets.thrillshare.com/documents/asset/uploaded_file/3983/Bea/0b5258cb-6a2e-4f60-a6c3-b37ef6e9305e/040_-_516_Student_Medication_June_9_2025.pdf,June 2026,,,
314,Braham Public School District,Isanti,Braham,Rural,791,FOUND_MED_POLICY_ONLY,Medication policy only,Health office references Policy 516 student medication + med forms; no seizure content; 516 PDF gated behind login.,https://www.braham.k12.mn.us/departments/health_office,June 2026,,,
181,Brainerd Public School District,Crow Wing,Brainerd,Town,6134,FOUND_SEIZURE_SPECIFIC,Seizure plan posted,"Potential Conditions page lists Seizure Action Plan among emergency care plans, links Epilepsy.com form.",https://isd181.org/potential-conditions,June 2026,,,
2908,Brandon-Evansville Public Schools,Douglas,Brandon,Rural,556,FOUND_MED_POLICY_ONLY,Medication policy only,Policy 516 Student Medication covers emergency drugs/epinephrine/asthma; no seizure mention.,https://files-backend.assets.thrillshare.com/documents/asset/uploaded_file/1610/Isd_2908/76047ddd-7453-4f05-a30f-9cbe940ee76b/516-Student-Medication.pdf,June 2026,,,
846,Breckenridge Public School District,Wilkin,Breckenridge,Town,577,FOUND_MED_POLICY_ONLY,Medication policy only,Public Policy 516 Student Medication (rev 07/21/2021) covers meds/asthma; zero seizure mention; no seizure policy in 500 series.,https://sites.google.com/isd846.org/breckenridge-public-school/500-series-students,June 2026,,,
286,Brooklyn Center,Hennepin,Brooklyn Center,Suburb,2099,FOUND_MED_POLICY_ONLY,Medication policy only,,,June 2026,,,
787,Browerville Public School District,Todd,Browerville,Rural,532,NOT_FOUND,Nothing found,"No board policy section online; handbook covers only illegal/controlled drugs, no med-admin policy and no seizure content.",https://www.browerville.k12.mn.us/uploads/3/1/5/5/31559017/tiger_handbook_23-24.pdf,June 2026,,,
801,Browns Valley Public School Dist,Traverse,Browns Valley,Rural,197,NOT_FOUND,Nothing found,Public Policies & Plans page lists ~22 policies; no medication policy and no seizure policy posted.,https://www.brownsvalley.k12.mn.us/district/policies-amp-plans,June 2026,,,
2159,Buffalo Lake-Hector-Stewart,Renville,Hector,Rural,446,FOUND_MED_POLICY_ONLY,Medication policy only,Posted Policy 516 Student Medication covers emergency meds and epinephrine; no seizure mention,https://resources.finalsite.net/images/v1766528046/blhsdorg/axdur7ixo5vj03glhcax/Policy516StudentMedication_1.pdf,June 2026,,,
877,Buffalo-Hanover-Montrose Schools,Wright,Buffalo,Town,5282,FOUND_SEIZURE_SPECIFIC,Seizure plan posted,Health Plans and Forms page posts a BHM Seizure Health and Emergency Plan form.,https://www.bhmschools.org/health-plans-and-forms,June 2026,,,
191,Burnsville-Eagan-Savage Schools,Dakota,Burnsville,City,7594,FOUND_SEIZURE_SPECIFIC,Seizure plan posted,Health Services posts publicly downloadable Seizure Individualized Health Plan template PDF.,https://resources.finalsite.net/images/v1620161551/isd191org/d68vw6hl7gypd2reiiqd/2021SeizureIHPTemplatePDF.pdf,June 2026,,,
836,Butterfield-Odin Public Schools,Watonwan,Butterfield,Rural,210,FOUND_MED_POLICY_ONLY,Medication policy only,Policy 516 (MSBA 2015 model) read in full; covers epinephrine/asthma emergency meds; no seizure mention.,https://www.butterfield.k12.mn.us/our-district/files/documents/BOPS%20516%20Student%20Medication.pdf,June 2026,,,
531,Byron Public School District,Olmsted,Byron,Town,2331,FOUND_MED_POLICY_ONLY,Medication policy only,"Policy 516 plus health-services med page publicly posted; only Epi Pens/inhalers, no seizure mention.",https://sites.google.com/byron.k12.mn.us/byronhealthservices/medications-in-school,June 2026,,,
299,Caledonia Public School District,Houston,Caledonia,Rural,705,FOUND_MED_POLICY_ONLY,Medication policy only,Public Board Policy 516 Student Medication and Telehealth PDF; covers meds/emergency but no seizure or epilepsy mention.,https://drive.google.com/file/d/1whfJWe9CX5JxZRKzo1LhP8YErn9kspET/view,June 2026,,,
911,Cambridge-Isanti Schools,Isanti,Cambridge,Town,5092,FOUND_SEIZURE_SPECIFIC,Seizure plan posted,Health Services page has a 'Seizure Information and Resources' section linking epilepsy/seizure resources; Policy 516 also posted.,https://www.c-ischools.org/departments/health-services,June 2026,,,
852,Campbell-Tintah Public Schools,Wilkin,Campbell,Rural,128,FOUND_MED_POLICY_ONLY,Medication policy only,Policy 516 posted (Adopted May 13 2020); asthma/allergy meds only; no seizure mention.,https://campbell.k12.mn.us/wp-content/uploads/2022/12/516_STUDENT_MEDICATION.pdf,June 2026,,,
891,Canby Public School District,Yellow Medicine,Canby,Rural,590,NOT_VERIFIABLE,Could not check,Full MSBA policy manual (incl 500-Students) and health-services docs exist but Apptegy SPA would not render file contents.,https://www.canbymn.org/documents/district/board-of-education/policies/500---students/24993916,June 2026,,,
252,Cannon Falls Public School District,Goodhue,Cannon Falls,Rural,1044,FOUND_MED_POLICY_ONLY,Medication policy only,Posts Policy 516 Student Medication covering emergency meds (inhalers/EpiPens); no seizure mention found.,https://www.cannonfallsschools.com/departments/nurse_and_wellness/medication_policy,June 2026,,,
93,Carlton Public School District,Carlton,Carlton,Town,296,FOUND_MED_POLICY_ONLY,Medication policy only,"Full handbook read; Medications/Prescriptions section covers Rx/non-Rx meds, no seizure mention. References 500-series policies on website.",https://core-docs.s3.us-east-1.amazonaws.com/documents/asset/uploaded_file/3431/Carlton/5971524/2025-26_STUDENT_HANDBOOK_Carlton_MS_HS.pdf,June 2026,,,
115,Cass Lake-Bena Public Schools,Cass,Cass Lake,Rural,1112,FOUND_MED_POLICY_ONLY,Medication policy only,Public handbook medication section incl. Naloxone rescue meds; zero seizure mention.,https://files-backend.assets.thrillshare.com/documents/asset/uploaded_file/2446/Clbps/65ea100f-6b7c-4ec0-8594-f9a18c9dc8d6/Student_Handbook_SY23-24.pdf?disposition=inline,June 2026,,,
2754,Cedar Mountain School District,Redwood,Morgan,Rural,396,FOUND_MED_POLICY_ONLY,Medication policy only,"Public medication page covers Rx, inhalers, Epi-Pens, controlled meds; no seizure/epilepsy mention found.",https://www.cms.mntm.org/medications/,June 2026,,,
12,Centennial Public School District,Anoka,Circle Pines,Suburb,6772,FOUND_SEIZURE_SPECIFIC,Seizure plan posted,Health Services page has Seizures section requiring Seizure Action Plan from medical provider plus med orders,https://www.isd12.org/departments/health-services,June 2026,,,
108,Central Public School District,Carver,Norwood Young America,Rural,943,FOUND_MED_POLICY_ONLY,Medication policy only,"Policy 516 Student Medication and Telehealth PDF (Rev. 2025); asthma/epinephrine, no seizure mention.",https://www.isd108.org/documents/district/policies/500-series/20314444,June 2026,,,
227,Chatfield Public Schools,Olmsted,Chatfield,Rural,885,FOUND_SEIZURE_SPECIFIC,Seizure plan posted,Nurse's Office page lists Seizure Emergency Care Plan forms (plus asthma/diabetes/allergy plans).,https://www.chatfieldschools.com/7-12/nurses-office,June 2026,,,
2144,Chisago Lakes School District,Chisago,Chisago City,Town,3331,FOUND_SEIZURE_SPECIFIC,Seizure plan posted,"Health Services page publicly posts Seizure Action Plan, Seizure Information Form, and Seizure Student Interview forms.",https://www.isd2144.org/about-us/departments/healthservices,June 2026,,,
695,Chisholm Public School District,St. Louis,Chisholm,Town,658,FOUND_MED_POLICY_ONLY,Medication policy only,"Public handbook has Health Services + Medications section, references Board Policy 516; no seizure mention found.",https://core-docs.s3.us-east-1.amazonaws.com/documents/asset/uploaded_file/2811/CPS/6005607/2025-26_CE_VS_Student_Manual.pdf,June 2026,,,
771,Chokio-Alberta Public Schools,Stevens,Chokio,Rural,140,FOUND_MED_POLICY_ONLY,Medication policy only,Policy 516 PDF posted; asthma/allergy emergency meds only; no seizure mention. PDF text verified.,https://www.chokioalberta.k12.mn.us/district/district-policies/,June 2026,,,
2311,Clearbrook-Gonvick School District,Clearwater,Clearbrook,Rural,480,FOUND_SEIZURE_SPECIFIC,Seizure plan posted,Health Services page explicitly lists support for chronic conditions including seizures; daily medication administration,https://www.clearbrook-gonvick.k12.mn.us/vnews/display.v/SEC/District,June 2026,,,
391,Cleveland Public School District,Le Sueur,Cleveland,Rural,637,FOUND_MED_POLICY_ONLY,Medication policy only,"Policies page posts District Policy Manual (MSBA-model, includes 516); manual contents not openable to verify seizure text.",https://www.isd391.org/page/policies,June 2026,,,
592,Climax-Shelly Public Schools,Polk,Climax,Rural,186,FOUND_MED_POLICY_ONLY,Medication policy only,Policy Manual has 516 Student Medication and 516.5 Overdose/Naloxone (rescue meds); no seizure mention.,https://www.isd592.org/_files/ugd/cb7f83_113b99815cbe4985bf3def5dd7cf97e8.pdf,June 2026,,,
2888,Clinton-Graceville-Beardsley,Big Stone,Clinton,Rural,328,FOUND_MED_POLICY_ONLY,Medication policy only,"Policy 516 posted; covers emergency meds/asthma/anaphylaxis, no seizure or epilepsy mention.",https://www.graceville.k12.mn.us/wp-content/uploads/2026/05/516-Student-Medication-and-Telehealth-Reviewed-05-18-2026.pdf,June 2026,,confirmed,School nurse confirmed by email in September 2026: individual seizure action plans for each student and all-staff training
94,Cloquet,Carlton,Cloquet,Town,2598,FOUND_SEIZURE_SPECIFIC,Seizure plan posted,,https://www.isd94.org/page/health-and-nursing-services,June 2026,,,
13,Columbia Heights Public School Dist,Anoka,Columbia Heights,Suburb,3420,FOUND_MED_POLICY_ONLY,Medication policy only,"Policy 516 covers epinephrine, Narcan, asthma; full 8-page text read, no seizure or seizure action plan mention.",https://resources.finalsite.net/images/v1779984544/colheightsk12mnus/qtframmvhvnc8wxycjms/516STUDENTMEDICATIONANDTELEHEALTH_2.pdf,June 2026,,,
81,Comfrey Public School District,Brown,Comfrey,Rural,105,FOUND_MED_POLICY_ONLY,Medication policy only,"Handbook Health/Medication section cites Policy 516, inhalers/epipens/diabetes meds; zero seizure mention.",https://rst6-livesite.rschooltoday.com/sites/comfrey.mntm.org/files/files/Private_User/Kirsten/Student%20Information%20and%20Photos/2023-2024%20Handbook.pdf,June 2026,,,
166,Cook County Public Schools,Cook,Grand Marais,Rural,457,FOUND_MED_POLICY_ONLY,Medication policy only,Posted Medication Policy M-1 covers emergency meds and epinephrine; no seizure mention,https://files-backend.assets.thrillshare.com/documents/asset/uploaded_file/953/Cook_County/d6500257-60a3-49f1-9460-b79c5a4f0d3d/ISD_166_Medication_Policy_M-1.pdf?disposition=inline,June 2026,,,
95,Cromwell-Wright Public Schools,Carlton,Cromwell,Rural,301,FOUND_MED_POLICY_ONLY,Medication policy only,Handbook Health Services section references Administration of Student Medication policy; no seizure mention. District policies page lists no 516/seizure.,https://cdnsm5-ss20.sharpschool.com/UserFiles/Servers/Server_1950088/File/Students/Cromwell%20Middle%20School%20Student%20Handbook%20%202024-2025%20.docx.pdf,June 2026,,,
593,Crookston Public School District,Polk,Crookston,Town,1162,FOUND_MED_POLICY_ONLY,Medication policy only,Full Policy 516 Student Medication & Telehealth read; covers Rx/asthma/epinephrine; no seizure/epilepsy/121A.24 mention.,https://www.crookston.k12.mn.us/_files/ugd/d41913_c9ec63287ba94358a4e1ac1dcc5755ef.pdf,June 2026,,,
182,Crosby-Ironton School District,Crow Wing,Crosby,Rural,991,FOUND_MED_POLICY_ONLY,Medication policy only,Handbook posts medication policy referencing MSBA 516; no seizure mention in secondary or elementary handbook.,https://files-backend.assets.thrillshare.com/documents/asset/uploaded_file/1386/Cisd/ec594385-e036-46f6-be72-33d867c3efba/24-25_Secondary_School_Handbook__1_.pdf?disposition=inline,June 2026,,,
466,Dassel-Cokato,Wright,Cokato,Rural,2015,FOUND_SEIZURE_SPECIFIC,Seizure plan posted,,https://www.isd466.org/departments/health-services,June 2026,,,
378,Dawson-Boyd Public School District,Lac qui Parle,Dawson,Rural,566,FOUND_SEIZURE_SPECIFIC,Seizure plan posted,2025-26 handbook lists a Seizure Action Plan form for students diagnosed with seizures.,https://meetings.boardbook.org/Documents/DownloadPDF/11a98815-b02e-423d-9358-618d5ad65d01?org=2573,June 2026,,,
317,Deer River Public School District,Itasca,Deer River,Rural,852,FOUND_MED_POLICY_ONLY,Medication policy only,Public Drive folder posts '516 Student Medication.pdf' (shared Jul 2023). No seizure-titled file or seizure mention.,https://drive.google.com/drive/folders/1ZSBp-WG8zSkRkxmucj9JTV3LQlx3bAlu,June 2026,,,
879,Delano Public School District,Wright,Delano,Town,2464,FOUND_MED_POLICY_ONLY,Medication policy only,Policy 516 Student Medication and Telehealth covers epinephrine delivery systems; no seizure/epilepsy/rescue-med mention.,https://www.delano.k12.mn.us/fs/resource-manager/view/be1fd6ba-8eee-447b-920d-01fb2801c7e9,June 2026,,,
22,Detroit Lakes Public School Dist.,Becker,Detroit Lakes,Town,2797,FOUND_SEIZURE_SPECIFIC,Seizure plan posted,Health Services Resources page has a dedicated Seizures section linking Epilepsy Foundation of Minnesota.,https://www.dlschools.net/departments/health-services/health-services-resources,June 2026,,,
2164,Dilworth-Glyndon-Felton,Clay,Dilworth,Rural,1586,FOUND_SEIZURE_SPECIFIC,Seizure plan posted,"Health Services lists student health plan forms for Asthma, Allergy, Cardiac, Diabetes, and Seizures (annual, physician-signed). Old link removed by district; link updated (Re-checked Sept 25, 2026).",https://www.dgf.k12.mn.us/dgf-departments/health-services,June 2026,,,
533,Dover-Eyota Public School District,Olmsted,Eyota,Rural,1063,NOT_FOUND,Nothing found,"Reached policy-manual page (post-migration); body empty, no 516 or seizure policy publicly rendered.",https://www.desch.org/page/policy-manual,June 2026,,,
709,Duluth,St. Louis,Duluth,City,8757,FOUND_SEIZURE_SPECIFIC,Seizure plan posted,,https://www.isd709.org/families/health-services,June 2026,,,
2580,East Central School District,Pine,Finlayson,Rural,765,FOUND_MED_POLICY_ONLY,Medication policy only,"Policy 516 OCR-read; covers emergency medication, no seizure/epilepsy mention.",https://www.eastcentral.k12.mn.us/UserFiles/Servers/Server_659374/File/District/District%20home/School%20board/Policies/500/516-08-2024.pdf,June 2026,,,
595,East Grand Forks Public Schools,Polk,East Grand Forks,Suburb,1942,FOUND_SEIZURE_SPECIFIC,Seizure plan posted,Official school nurse health-forms page publicly links a 'Seizure Action Plan' document.,https://sites.google.com/egf.k12.mn.us/egfschoolnurse/health-forms?authuser=0,June 2026,,,
112,Eastern Carver County,Carver,Chaska,Suburb,9254,FOUND_SEIZURE_SPECIFIC,Seizure plan posted,,https://www.district112.org/district/departments/health-services,June 2026,,,
272,Eden Prairie,Hennepin,Eden Prairie,City,8963,FOUND_SEIZURE_SPECIFIC,Seizure plan posted,,https://my.edenpr.org/health-services,June 2026,,,
463,Eden Valley-Watkins School District,Meeker,Eden Valley,Rural,896,FOUND_MED_POLICY_ONLY,Medication policy only,"Posts Policy 516 Student Medication and Telehealth (Revised Aug 2025); full text verified, no seizure mention.",https://www.evw.k12.mn.us/our-school/district/district-school-board-and-policies,June 2026,,,
581,Edgerton Public School District,Pipestone,Edgerton,Rural,430,FOUND_MED_POLICY_ONLY,Medication policy only,Public policy manual index lists '516 Student Medication'; full text not posted; no seizure mention.,https://resources.finalsite.net/images/v1736333414/edgertonpubliccom/yn0u3hewoqqrcqprxsb1/0-tableofcontents.pdf,June 2026,,,
273,Edina Public School District,Hennepin,Edina,City,8609,FOUND_SEIZURE_SPECIFIC,Seizure plan posted,Health & Wellness forms section includes a downloadable Seizure Action Plan PDF.,https://www.edinaschools.org/resources/health-and-wellness,June 2026,,,
728,Elk River Public School District,Sherburne,Elk River,Suburb,14352,FOUND_MED_POLICY_ONLY,Medication policy only,Policy 516 medication page covers emergency meds (inhalers/EpiPens/insulin) but no seizure or seizure action plan mention found.,https://www.isd728.org/services/health-services/medication-law,June 2026,,,
514,Ellsworth Public School District,Nobles,Ellsworth,Rural,128,FOUND_MED_POLICY_ONLY,Medication policy only,"Policy 516 posted (Adopted Mar 20 2023, MSBA Rev 2022); asthma/allergy meds only; no seizure mention.",https://www.ellsworthschoolsmn.org/district/district-policies.cfm,June 2026,,,
696,Ely Public School District,St. Louis,Ely,Rural,536,FOUND_MED_POLICY_ONLY,Medication policy only,"Policy 516 Student Medication (MSBA model); covers asthma/anaphylaxis/emergency meds, no seizure mention.",https://www.ely.k12.mn.us/index.php?option=com_edocman&task=document.download&id=87&Itemid=,June 2026,,,
99,Esko Public School District,Carlton,Esko,Town,1296,FOUND_SEIZURE_SPECIFIC,Seizure plan posted,Dedicated Health Services subpage titled 'Diabetes and Seizures'; Policy 516 also posted (rev Oct 2024).,https://www.esko.k12.mn.us/parents/Health%20Services/diabetes_and_seizures,June 2026,,,
2752,Fairmont Area School District,Martin,Fairmont,Town,1818,FOUND_MED_POLICY_ONLY,Medication policy only,Health Services medication page covers Rx/OTC plus EpiPen/inhaler; no seizure or seizure action plan mention.,https://sites.google.com/apps.fairmont.k12.mn.us/healthservices/medication,June 2026,,,
656,Faribault,Rice,Faribault,Town,3107,FOUND_MED_POLICY_ONLY,Medication policy only,,https://www.faribault.k12.mn.us/services/health-services,June 2026,,in_progress,Licensed school nurse told us by email in August 2026 that the district's lead licensed school nurses are working on closing gaps like this one.
192,Farmington Public School District,Dakota,Farmington,Suburb,6630,FOUND_MED_POLICY_ONLY,Medication policy only,Posts Policy 516 and medication forms incl anaphylaxis; no seizure mention found on accessible health pages,https://www.farmington.k12.mn.us/departments-services/health-services/medication-and-required-forms,June 2026,,,
544,Fergus Falls Public School District,Otter Tail,Fergus Falls,Town,2901,FOUND_SEIZURE_SPECIFIC,Seizure plan posted,"Health Services has dedicated Seizure Training page citing MN seizure law, signs/symptoms, medications and responses.",https://sites.google.com/fergusotters.org/healthservices/employee-training/seizure-training,June 2026,,,
599,Fertile-Beltrami School District,Polk,Fertile,Rural,492,FOUND_MED_POLICY_ONLY,Medication policy only,Policy 516 Student Medication (Rev. 2024) covers inhalers/epi/OTC; no seizure or epilepsy mention.,http://fertilebeltrami.k12.mn.us/documents/policy%20handbook/516.html,June 2026,,,
2198,Fillmore Central,Fillmore,Preston,Rural,581,NOT_FOUND,Nothing found,Full public policy folder lists 501-535 but no 516 medication policy and no seizure policy.,https://drive.google.com/embeddedfolderview?id=1F_NALXATJF9eaocMn6EpxowugFLhVqj2#list,June 2026,,,
600,Fisher Public School District,Polk,Fisher,Rural,233,FOUND_MED_POLICY_ONLY,Medication policy only,Public 2025-26 handbook Medications Procedures section covers prescription/OTC meds; zero seizure mention.,https://www.fisher.k12.mn.us/_files/ugd/b8d92e_ee48a88009de4826a720200f931b035e.pdf,June 2026,,in_progress,School nurse told us by email in August 2026 that the materials were sent to the superintendent to add seizure action plans to district policy.
698,Floodwood Public School District,St. Louis,Floodwood,Rural,158,FOUND_MED_POLICY_ONLY,Medication policy only,"Policy 516 posted; covers asthma inhalers, stock epinephrine; zero seizure/epilepsy mentions.",https://files-backend.assets.thrillshare.com/documents/asset/uploaded_file/169/Floodwood_School/48dbf41c-1ab3-4b1f-aea3-cbc744003cec/516_Student_Medications.pdf,June 2026,,,
51,Foley Public School District,Benton,Foley,Rural,1925,FOUND_MED_POLICY_ONLY,Medication policy only,"Policy 516 publicly posted; full text covers meds/asthma/epi, no seizure mention. Policy 653 Health Services also posted.",https://resources.finalsite.net/images/v1765915443/foleyk12mnus/mnlbtpvdjd5nhmx4folr/516_STUDENTMEDICATIONANDTELEHEALTH1.pdf,June 2026,,,
831,Forest Lake Public School District,Washington,Forest Lake,Town,5763,FOUND_SEIZURE_SPECIFIC,Seizure plan posted,Health Conditions page requires Seizure Action Plan and Seizure Questionnaire; links Epilepsy Foundation plan.,https://www.flaschools.org/student-services/health-services/other-health-conditions,June 2026,,,
601,Fosston Public School District,Polk,Fosston,Rural,618,FOUND_MED_POLICY_ONLY,Medication policy only,Elementary handbook Medication Policy references ISD 601 Student Medication Policy #516; no seizure content found.,https://files-backend.assets.thrillshare.com/documents/asset/uploaded_file/2668/Fps/36f922bc-7dbd-4e75-a0ea-80208b1ee78c/2025-2026_Parent_Student_Handbook_-_Google_Doc.pdf,June 2026,,,
323,Franconia Public School District,Washington,Scandia,Rural,,NOT_VERIFIABLE,Could not check,"Non-operating common district: 0 schools, 0 teachers, no enrollment; no district website or policy section online.",https://nces.ed.gov/ccd/districtsearch/district_detail.asp?Search=2&details=1&ID2=2708880&DistrictID=2708880,June 2026,,,
23,Frazee-Vergas Public Schools,Becker,Frazee,Rural,802,FOUND_MED_POLICY_ONLY,Medication policy only,"Full Policy 516 text public: covers prescription/emergency meds, epinephrine, telehealth. Zero seizure/epilepsy mention. Revised 10/13/25.",https://docs.google.com/document/d/10-l5UPvaN2SKIStKX9UHvHzxxa__sfaGu_UYf7i_t7o/edit,June 2026,,,
14,Fridley Public School District,Anoka,Fridley,Suburb,2633,FOUND_MED_POLICY_ONLY,Medication policy only,Policy 516 covers epinephrine emergency meds; no seizure/epilepsy mention. 2025-26 handbook also lacks seizure content.,https://www.fridleyschools.org/uploaded/School_Board/Policies/516_Student_Medication_Policy.pdf,June 2026,,,
505,Fulda Public School District,Murray,Fulda,Rural,364,FOUND_MED_POLICY_ONLY,Medication policy only,Handbook has medication policy and allergy IHP action plan; no seizure/epilepsy mention.,https://files-backend.assets.thrillshare.com/documents/asset/uploaded_file/4734/Fps/0fde5962-fd8f-4071-85e9-a96a2a5b653e/Elementary_Student_Handbook_2024-2025_1.pdf,June 2026,,,
2365,Gfw Public Schools,Sibley,Gibbon,Rural,611,FOUND_MED_POLICY_ONLY,Medication policy only,"Policy 516 Student Medication (PDF, MSBA model) posted; health page has allergy/asthma plans, no seizure mention.",https://www.gfwschools.org/page/gfw-public-schools-policies,June 2026,,,
2859,Glencoe-Silver Lake School District,McLeod,Glencoe,Town,1433,FOUND_MED_POLICY_ONLY,Medication policy only,Policy 516 covers epinephrine/asthma rescue meds; full text and 500s list contain no seizure mention.,https://resources.finalsite.net/images/v1764178776/gslk12mnus/dx24fbrjzwirhi9j7dzw/516-StudentMedication11-10-2025.pdf,June 2026,,,
2886,Glenville-Emmons School District,Freeborn,Glenville,Rural,224,FOUND_MED_POLICY_ONLY,Medication policy only,HS handbook Health/Medical section covers medication administration; no seizure or seizure-plan mention found.,https://rst6-livesite.rschooltoday.com/sites/geschools.com/files/files/Cristin%20Files/GE%20HS%20Student%20Handbook%202025-2026.pdf,June 2026,,,
253,Goodhue Public School District,Goodhue,Goodhue,Rural,740,FOUND_SEIZURE_SPECIFIC,Seizure plan posted,Health Services page posts a 'Seizure Emergency Care Plan' form for students with a seizure disorder.,https://sites.google.com/goodhue.k12.mn.us/health-services/home/health-office-forms,June 2026,,,
561,Goodridge Public School District,Pennington,Goodridge,Rural,264,FOUND_MED_POLICY_ONLY,Medication policy only,Public MSBA Drive has 516 Student Medication & Telehealth; no seizure-titled policy or mention.,https://drive.google.com/drive/folders/1qOOtsEiXJNnAL7_mgsLbKOnLIr39Haaz,June 2026,,confirmed,School nurse confirmed by email in September 2026: has a seizure plan
2536,Granada Huntley East Chain,Martin,Granada,Rural,303,FOUND_MED_POLICY_ONLY,Medication policy only,"Secondary handbook 'Medication Administration at School' covers Epi-Pen/inhaler/Rx meds; no seizure mention. Policy page under construction, no 516.",https://drive.google.com/file/d/17lETdB7quyR1J4FLyIa7HDSssKCQz1lo/view,June 2026,,,
495,Grand Meadow Public School District,Mower,Grand Meadow,Rural,428,FOUND_MED_POLICY_ONLY,Medication policy only,Posted handbook covers medication administration and cites policy 516/516.5 Naloxone; no seizure mention.,https://rst6-livesite.rschooltoday.com/sites/gm.k12.mn.us/files/2025-2026%20MS.HS%20Student%20Handbook.pdf,June 2026,,confirmed,District staff confirmed by email in September 2026: plans on file for students with seizures
318,Grand Rapids Public School District,Itasca,Grand Rapids,Rural,4024,FOUND_SEIZURE_SPECIFIC,Seizure plan posted,District health services page publicly links a downloadable Seizure Action Care Plan form.,https://www.isd318.org/departments/health-services,June 2026,,,
2683,Greenbush Middle River Schools,Roseau,Greenbush,Rural,226,FOUND_MED_POLICY_ONLY,Medication policy only,Public GMR handbook requires prescription/OTC meds kept in office; no seizure or action-plan mention.,https://resources.finalsite.net/images/v1724090606/middleriverk12mnus/dl4k0hs11efvjvt8bpqr/StudentHandbook.pdf,June 2026,,,
316,Greenway Public School District,Itasca,Coleraine,Rural,1032,FOUND_MED_POLICY_ONLY,Medication policy only,Handbook posts Student Medication policy; health-services page cites chronic conditions but no seizure mention.,https://meetings.boardbook.org/Documents/DownloadPDF/044c73a0-7560-4866-b907-6289d6688d72?org=1817,June 2026,,,
447,Grygla Public School District,Marshall,Grygla,Rural,125,NOT_FOUND,Nothing found,"No 516/med policy posted; handbook mentions epilepsy only re cell-phone monitoring, no seizure plan or med policy.",https://files-backend.assets.thrillshare.com/documents/asset/uploaded_file/1515/Grygla/ab847a59-3cd0-48aa-a7e7-b38c115d1c48/25-26_Student_handbook.docx.pdf,June 2026,,in_progress,Superintendent told us by email in August 2026 that staff had seizure training in August and every teacher received a seizure first-aid one-pager; a district plan is in progress.
768,Hancock Public School District,Stevens,Hancock,Rural,434,FOUND_SEIZURE_SPECIFIC,Seizure plan posted,Publicly posted elementary handbook explicitly names seizures among chronic conditions needing physician summary/instructions.,https://hancock.k12.mn.us/wp-content/uploads/2025/10/2025-26-Elem-Student-Handbook-1.pdf,June 2026,,,
200,Hastings Public School District,Dakota,Hastings,Town,4095,FOUND_SEIZURE_SPECIFIC,Seizure plan posted,Nurse health page: students with seizures must turn in their Action Plan; seizures listed among conditions needing documentation,https://hastingspublicschools.org/schools/hastings-high-school/student-resources/health-info-from-the-nurse.html,June 2026,,,
150,Hawley Public School District,Clay,Hawley,Rural,1062,FOUND_MED_POLICY_ONLY,Medication policy only,Policy 516 Student Medication and Telehealth (rev. 2025) covers epinephrine; no seizure mention.,https://resources.finalsite.net/images/v1754421369/hawleyk12mnus/gero9cnhikfjihznhobi/516_1.pdf,June 2026,,,
203,Hayfield Public School District,Dodge,Hayfield,Rural,627,FOUND_MED_POLICY_ONLY,Medication policy only,Policy 516 Student Medication (rev 8/13/25) covers emergency meds; no seizure content; nurse forms have Asthma not Seizure plan,https://www.hayfield.k12.mn.us/fs/resource-manager/view/34b5d7ff-2589-4040-ab8e-389d068049e1,June 2026,,confirmed,Licensed school nurse confirmed by email in September 2026: students have emergency action plans and staff receive seizure training every year
402,Hendricks Public School District,Lincoln,Hendricks,Rural,231,FOUND_MED_POLICY_ONLY,Medication policy only,"Public handbook medication policy (asthma inhalers, prescribed meds, parent/physician auth); no seizure mention.",https://docs.google.com/document/d/1q_gtMmjxm6V94_lp2VMyICl-x3c2yZ7thmfYDLQat5Q/edit,June 2026,,,
545,Henning Public School District,Otter Tail,Henning,Rural,383,FOUND_SEIZURE_SPECIFIC,Seizure plan posted,Student Handbook 25-26 explicitly names epilepsy as life-threatening condition requiring staff notification.,https://files-backend.assets.thrillshare.com/documents/asset/uploaded_file/866/Henning_Public_School/46443acd-0b59-45e8-864a-d5ef815d8dfb/Student_Handbook_25-26.pdf,June 2026,,,
264,Herman-Norcross Community School,Grant,Herman,Rural,103,FOUND_MED_POLICY_ONLY,Medication policy only,"Student handbook covers school nurse and medication administration form; no Policy 516 posted, no seizure mention.",https://drive.google.com/file/d/14a0M_WLRmhI_Akh5mzUxIbWU3HtRsTGs/view,June 2026,,,
700,Hermantown Community Schools,St. Louis,Hermantown,Rural,2100,FOUND_MED_POLICY_ONLY,Medication policy only,"Student handbook has medication policy; only 'seizure' is search-and-seizure legal context, no medical seizure content.",https://files-backend.assets.thrillshare.com/documents/asset/uploaded_file/2076/Hcs/c1bed1e0-e215-4033-83c6-6edff4162ab0/Student_Handbook_2025-26__PDF_draft_for_websit.pdf,June 2026,,confirmed,Licensed school nurse confirmed by email in August 2026: seizure action plan for each student with seizures updated every year and training for staff who work with them
330,Heron Lake-Okabena School District,Jackson,Okabena,Rural,290,FOUND_MED_POLICY_ONLY,Medication policy only,HS handbook Health/Medications section covers EPI-pen/asthma/504/IHP; no seizure mention. Board policies page lists no 516/seizure policy.,https://content.schoolinsites.com/api/documents/1d7f84f61ea143d68b1e98e5be186d93.pdf,June 2026,,,
701,Hibbing Public School District,St. Louis,Hibbing,Town,2197,NOT_FOUND,Nothing found,"Reached site/policies/handbook; policy index non-functional, no posted med policy or seizure content found.",https://www.isd701.org/district/school-board/district-policies,June 2026,,,
2,Hill City Public School District,Aitkin,Hill City,Rural,242,FOUND_MED_POLICY_ONLY,Medication policy only,Policy 516 Student Medication & Telehealth posted in Drive; 516.5 overdose only; no seizure mention found.,https://drive.google.com/file/d/1-49_-60xt-nBiynsE2S47TTBTi3x6y9g/view,June 2026,,,
671,Hills-Beaver Creek School District,Rock,Hills,Rural,354,FOUND_MED_POLICY_ONLY,Medication policy only,"Policy Manual Policy 516 plus Medication Administration form; seizure only in ADA/property contexts, not a seizure policy.",https://files-backend.assets.thrillshare.com/documents/asset/uploaded_file/225/Hillsbeavercreekmn/3e565588-0a51-460d-ba68-a10829191868/07.17.25Policy_Manual_copy.pdf,June 2026,,,
2165,Hinckley-Finlayson School District,Pine,Hinckley,Rural,946,FOUND_MED_POLICY_ONLY,Medication policy only,"Policy 516 Student Medication and Telehealth (Rev Aug 2025) posted; no seizure mention, no 121A.24",https://www.hf.k12.mn.us/policies/,June 2026,,,
738,Holdingford Public School District,Stearns,Holdingford,Rural,1077,FOUND_MED_POLICY_ONLY,Medication policy only,Policy 516 Student Medication covers epinephrine/inhaler/emergency meds; no seizure mention found.,https://www.isd738.org/uploads/7/9/0/8/79083082/policy_516_2025.pdf,June 2026,,,
270,Hopkins,Hennepin,Hopkins,City,6977,FOUND_SEIZURE_SPECIFIC,Seizure plan posted,,https://www.hopkinsschools.org/services/health,June 2026,,,
294,Houston Public School District,Houston,Houston,Rural,2000,FOUND_MED_POLICY_ONLY,Medication policy only,Series 500 Policy 516 Student Medication/Telehealth publicly posted; full text has no seizure mention.,https://files-backend.assets.thrillshare.com/documents/asset/uploaded_file/2003/Houstonisd/82acd88d-aab3-438a-9194-d2118b78f940/Policy_516_-_Student_Medication_and_Telehealth.pdf,June 2026,,,
2687,Howard Lake-Waverly-Winsted,Wright,Howard Lake,Rural,1310,FOUND_SEIZURE_SPECIFIC,Seizure plan posted,Health Services page lists a Seizure Action Plan (Google Drive) among condition action plans.,https://www.hlww.k12.mn.us/health,June 2026,,,
423,Hutchinson Public School District,McLeod,Hutchinson,Town,2783,FOUND_SEIZURE_SPECIFIC,Seizure plan posted,Health Services Care Plans page offers a downloadable Seizure Emergency Care Plan form.,https://www.isd423.org/district/servicesresources/health-services/care-plans/,June 2026,,,
361,International Falls School District,Koochiching,International Falls,Town,888,FOUND_MED_POLICY_ONLY,Medication policy only,Posts Policy 516 + 516.5 covering asthma/epinephrine/diabetes emergency meds; no seizure mention anywhere.,https://files-backend.assets.thrillshare.com/documents/asset/uploaded_file/1353/Isd_361/fb126bd5-7e8f-42f2-b506-4b895ada44ef/516_Student_Medication.pdf?disposition=inline,June 2026,,,
199,Inver Grove Heights Schools,Dakota,Inver Grove Heights,Suburb,3510,FOUND_MED_POLICY_ONLY,Medication policy only,Health services and nurse pages cite Medication Policy 516 (epipens/inhalers); no seizure or seizure action plan mention.,https://www.isd199.org/departments/special-services/health-services,June 2026,,,
473,Isle Public School District,Mille Lacs,Isle,Rural,423,FOUND_MED_POLICY_ONLY,Medication policy only,2025-26 handbook 'Medications at School' covers Rx/asthma/IHP; no medical seizure mention; no numbered Policy 516 posted.,https://docs.google.com/document/d/1iWp-xqMmyFVgKISp4tvGA0vsMKcl5rT-/edit,June 2026,,,
403,Ivanhoe Public School District,Lincoln,Ivanhoe,Rural,68,FOUND_MED_POLICY_ONLY,Medication policy only,"2023-24 handbook Health/Medication sections, inhalers and individualized health plans; no seizure mention.",https://drive.google.com/file/d/1lE7uCM56LrnMjw0RRmwvetWv7BrkGvtn/view,June 2026,,,
2895,Jackson County Central School Dist.,Jackson,Jackson,Rural,1104,FOUND_MED_POLICY_ONLY,Medication policy only,Public Policy 516 Student Medication; zero seizure/epilepsy mention.,https://content.myconnectsuite.com/api/documents/845d37437fea4b3ebcf9ea6616b44afa.pdf,June 2026,,,
2835,Janesville-Waldorf-Pemberton,Waseca,Janesville,Rural,663,FOUND_SEIZURE_SPECIFIC,Seizure plan posted,Health Services page links a 'Seizure Action Plan' document (alongside asthma/anaphylaxis plans).,https://www.isd2835.org/en-US/health-services-a451e54b,June 2026,,,
717,Jordan Public School District,Scott,Jordan,Town,1826,FOUND_SEIZURE_SPECIFIC,Seizure plan posted,Health Services page publishes downloadable Seizure Action Plan (Seizures_Care_Plan_2024.pdf) with rescue meds.,https://www.isd717.org/services/health-services-wellness,June 2026,,,
204,Kasson-Mantorville School District,Dodge,Kasson,Town,2161,FOUND_MED_POLICY_ONLY,Medication policy only,"Policy 516 Student Medication publicly posted; covers asthma/allergies/emergency meds, no seizure mention.",https://docs.google.com/document/d/1rlE_zGPgN89N3FwlffHWJjZRjl0X47RazAQMgeXAqJ0/edit,June 2026,,,
36,Kelliher Public School District,Beltrami,Kelliher,Rural,328,FOUND_MED_POLICY_ONLY,Medication policy only,Posts Policy 516.5 Overdose Medication (Narcan emergency med); handbook cites Student Medication policy; no seizure mention.,https://content.myconnectsuite.com/api/documents/8da73a346c1b44e3b3eda9f3f2e548f9.pdf,June 2026,,pending,"District contact told us by email in September 2026 that a seizure action plan was on file for a student in 2025-26, and confirmation for 2026-27 is pending."
2172,Kenyon-Wanamingo School District,Goodhue,Wanamingo,Rural,674,FOUND_MED_POLICY_ONLY,Medication policy only,500 Student Policies page publicly lists 516.5 Overdose Medication/Stock Narcan (emergency meds); no seizure-specific policy found.,https://www.kw.k12.mn.us/district_office/school_board/school_district_policy_page,June 2026,,,
775,Kerkhoven-Murdock-Sunburg,Swift,Kerkhoven,Rural,797,FOUND_SEIZURE_SPECIFIC,Seizure plan posted,Public health office site has dedicated Seizures page hosting SEIZURE ACTION PLAN.pdf.,https://sites.google.com/view/kmshealthoffice/seizures,June 2026,,,
739,Kimball Public School District,Stearns,Kimball,Rural,748,FOUND_MED_POLICY_ONLY,Medication policy only,2025-26 handbook Health/Nursing section covers medication; no seizure or seizure action plan mention.,https://files-backend.assets.thrillshare.com/documents/asset/uploaded_file/367/District/6fd58483-6e32-4e08-b7d9-abf5e0c2fae9/Student_Handbook_2025-26.pdf,June 2026,,,
2137,Kingsland,Fillmore,Spring Valley,Rural,517,FOUND_MED_POLICY_ONLY,Medication policy only,,,June 2026,,,
2171,Kittson Central School District,Kittson,Hallock,Rural,241,FOUND_MED_POLICY_ONLY,Medication policy only,Policy 516 Student Medication (rev July 2025) and Medical Admin policy posted; verified no seizure mention.,https://kittson.k12.mn.us/district-policies--procedures.html,June 2026,,confirmed,Superintendent confirmed by email in September 2026: answered yes when asked whether it has a seizure action plan for each student with a diagnosed seizure disorder and trained staff at each school
300,La Crescent-Hokah School District,Houston,La Crescent,Suburb,1020,FOUND_MED_POLICY_ONLY,Medication policy only,Health Services Medication Policy covers EpiPens/inhalers/emergency meds; no seizure form or mention found.,https://files-backend.assets.thrillshare.com/documents/asset/uploaded_file/1593/Lchps/426d7f87-f885-44e2-9bee-6e53b2396234/Medication_Information_for_Parents.pdf?disposition=inline,June 2026,,,
2853,Lac Qui Parle Valley Schools,Lac qui Parle,Madison,Rural,834,FOUND_MED_POLICY_ONLY,Medication policy only,500 board-docs page indexed as listing Policy 516 Student Medication. JS-only site; document body not renderable. No seizure mention.,https://www.lqpv.org/500-school-board-docs,June 2026,,,
404,Lake Benton Public School District,Lincoln,Lake Benton,Rural,113,FOUND_MED_POLICY_ONLY,Medication policy only,"Policy 516 posted; covers asthma inhalers, epinephrine, emergency meds; no seizure/epilepsy/121A.24 mention.",https://www.lakebentonschool.org/files/user/1/file/516-Student-Medication-and-Telehealth.pdf,June 2026,,,
813,Lake City Public School District,Wabasha,Lake City,Town,1182,FOUND_MED_POLICY_ONLY,Medication policy only,Publicly posted Policy 516 Student Medication (prescription/asthma/epi/OTC); verified no seizure or epilepsy mention.,https://docs.google.com/document/d/1M5Zxjr9iW1HkArCZC5JXQjSuaWTTT0Rs--dJL7NzdE0/edit,June 2026,,,
2071,Lake Crystal-Wellcome Memorial,Blue Earth,Lake Crystal,Rural,961,FOUND_SEIZURE_SPECIFIC,Seizure plan posted,Health Services posts Consent Form for Administration of Emergency Seizure Medication During School Day,https://www.isd2071.org/documents/programs-%26-services/health-services/medication%2Fprocedure-forms-and-guidelines/20560157,June 2026,,,
390,Lake Of The Woods School District,Lake of the Woods,Baudette,Rural,458,FOUND_MED_POLICY_ONLY,Medication policy only,Handbook medication section (nurse stores/admins meds); no seizure plan; 'epilepsy' only as cell-phone exception example,https://lakeofthewoodsschool.org/wp-content/uploads/2026/01/LW-Elementary-Handbook-2025-26.pdf,June 2026,,,
2889,Lake Park Audubon School District,Becker,Lake Park,Rural,685,FOUND_MED_POLICY_ONLY,Medication policy only,2024-25 handbook has a 'MEDICATION 516' section citing Policy 516; no seizure/epilepsy mention.,https://core-docs.s3.us-east-1.amazonaws.com/documents/asset/uploaded_file/2567/LPAHS/2432105/2024-25_Student_Handbook_PDF.-FC__.pdf,June 2026,,,
381,Lake Superior Public School Dist.,Lake,Two Harbors,Rural,1300,FOUND_MED_POLICY_ONLY,Medication policy only,Handbook Policy 516 covers meds incl. epipens/inhalers/naloxone; no seizure or epilepsy mention.,https://www.isd381.k12.mn.us/wp-content/uploads/2023/10/2023-24-LSSD-Student-Handbook.pdf,June 2026,,,
2167,Lakeview School District,Lyon,Cottonwood,Rural,724,FOUND_SEIZURE_SPECIFIC,Seizure plan posted,"Public health-office page: mandatory seizure training, seizure action plans, rescue therapies; cites MN Stat 121A.24.",https://www.lakeview2167.com/students-and-parents/health-office/trainings-for-staff-and-volunteers,June 2026,,,
194,Lakeville Area Schools,Dakota,Lakeville,Suburb,12021,FOUND_SEIZURE_SPECIFIC,Seizure plan posted,Student Health page posts a Seizure Action Plan form (English/Spanish) and Seizure Questionnaire under emergency plan forms.,https://www.isd194.org/services/student-health,June 2026,,,
356,Lancaster Public School District,Kittson,Lancaster,Rural,202,NOT_VERIFIABLE,Could not check,"District site reached but no policy section, handbook, health-services, or Policy 516 publicly posted online.",https://www.lancaster.k12.mn.us,June 2026,,,
229,Lanesboro Public School District,Fillmore,Lanesboro,Rural,443,NOT_FOUND,Nothing found,"Board-policies folder posts no policy docs; HS handbook has no medication, seizure, or health-office content.",https://www.lanesboro.k12.mn.us/documents/our-district/school-board-information/board-policies/439211,June 2026,,,
306,Laporte Public School District,Hubbard,Laporte,Rural,367,FOUND_MED_POLICY_ONLY,Medication policy only,"Policy 516 Student Medication and Telehealth posted; covers epinephrine/asthma meds, no seizure mention.",https://www.laporte.k12.mn.us/office/school-board/,June 2026,,,
2397,Le Sueur-Henderson School District,Le Sueur,Le Sueur,Rural,898,FOUND_MED_POLICY_ONLY,Medication policy only,Posts Policy 516 Student Medication and Telehealth (Rev. 2025) plus handbook; verified no seizure or epilepsy mention.,https://files-backend.assets.thrillshare.com/documents/asset/uploaded_file/2195/Lhps/7bd9492d-31f9-4574-8a05-b9efe651a258/Policy_516.pdf?disposition=inline,June 2026,,,
499,Leroy-Ostrander Public Schools,Mower,Leroy,Rural,250,FOUND_SEIZURE_SPECIFIC,Seizure plan posted,Public elementary handbook Health Conditions section explicitly names seizures and nurse notification.,https://rst6-livesite.rschooltoday.com/sites/leroy.k12.mn.us/files/files/Dist%20Docs%20/Handbooks/LeRoy-Ostrander%2024-25%20Student%20Handbook%20Elementary%20(1)%20(1).pdf,June 2026,,,
424,Lester Prairie Public Schools,McLeod,Lester Prairie,Rural,459,FOUND_MED_POLICY_ONLY,Medication policy only,HS handbook 'Medication During the School Day (Policy #516)' section; zero seizure/epilepsy mentions in handbook,https://www.lp.k12.mn.us/student-handbook-hs/,June 2026,,,
857,Lewiston-Altura,Winona,Lewiston,Rural,591,FOUND_MED_POLICY_ONLY,Medication policy only,,,June 2026,,confirmed,District licensed school nurse confirmed by email in September 2026: seizure action plans developed with each family and staff trained in each building (plans kept off the website by choice)
465,Litchfield Public School District,Meeker,Litchfield,Town,1562,NOT_VERIFIABLE,Could not check,"Official MN site behind Imperva bot challenge; policy/health page contents not readable. (lcusd12.org snippet was Litchfield, IL, discarded.)",https://www.litchfield.k12.mn.us/documents/central-office/school-board/board-policies/200-school-board/411648,June 2026,,,
482,Little Falls Community Schools,Morrison,Little Falls,Town,2376,FOUND_MED_POLICY_ONLY,Medication policy only,Full Policy 516 read; covers emergency epinephrine/asthma/insulin but no seizure or epilepsy mention.,https://resources.finalsite.net/images/v1692732575/lfallsk12mnus/ijizo9dyibqlp8z14gmz/516-StudentMedication.pdf,June 2026,,,
362,Littlefork-Big Falls School Dist.,Koochiching,Littlefork,Rural,369,NOT_VERIFIABLE,Could not check,"Policies only in non-browsable Google Drive folder; no public 516, handbook, or health page accessible.",https://www.isd362.k12.mn.us/en-US/policies-ba42a84a,June 2026,,,
2753,Long Prairie-Grey Eagle School Dist,Todd,Long Prairie,Rural,984,FOUND_MED_POLICY_ONLY,Medication policy only,"Policy 516 Student Medication (MSBA model) posted; no seizure mention, no 121A.24 reference",https://www.lpge.org/ourpages/auto/2022/5/10/54205766/Policy%20516.pdf,June 2026,,,
2184,Luverne Public School District,Rock,Luverne,Rural,1155,FOUND_MED_POLICY_ONLY,Medication policy only,2025-26 elementary handbook posts Medication Administration policy 516 (Rx/OTC/emergency verbal); no seizure mention.,https://core-docs.s3.us-east-1.amazonaws.com/documents/asset/uploaded_file/5305/LES/5926520/2025-2026_Parent_Handbook.pdf,June 2026,,,
497,Lyle Public School District,Mower,Lyle,Rural,309,FOUND_MED_POLICY_ONLY,Medication policy only,Student-Family handbook posts medication administration policy (physician order/parent authorization); zero seizure/epilepsy/rescue mention.,https://rst6-livesite.rschooltoday.com/sites/lyle.k12.mn.us/files/files/Private_User/cmaschka/23-24%20Official%20Student-Family%20Handbook.pdf,June 2026,,,
415,Lynd Public School District,Lyon,Lynd,Rural,160,FOUND_MED_POLICY_ONLY,Medication policy only,"Policy 516 covers emergency meds, asthma, epinephrine; plus 516.5 Naloxone; no seizure/epilepsy mention.",https://www.lyndschool.org/files/user/1/file/516-STUDENT-MEDICATION.pdf,June 2026,,,
238,Mabel-Canton Public School District,Fillmore,Mabel,Rural,280,FOUND_MED_POLICY_ONLY,Medication policy only,Policy 516 Student Medication & Telehealth posted; covers emergency meds; no seizure/epilepsy mention.,https://www.mabelcanton.k12.mn.us/page/3361/article/1409,June 2026,,,
2180,Maccray School District,Chippewa,Clara City,Rural,758,FOUND_MED_POLICY_ONLY,Medication policy only,"Policy 516 OCR-read; covers emergency meds and epinephrine, no seizure/epilepsy mention.",https://www.maccray.k12.mn.us/fs/resource-manager/view/4f61d991-18f9-467c-9f32-707acf4e9669,June 2026,,,
837,Madelia Public School District,Watonwan,Madelia,Rural,633,FOUND_MED_POLICY_ONLY,Medication policy only,Public combined policy file contains full Policy 516 (epinephrine/asthma emergency meds); handbook med section; no seizure mention.,https://rst6-livesite.rschooltoday.com/sites/madelia.k12.mn.us/files/files/Private_User/sbrand/Combo%20Policy%20File%20837.pdf,June 2026,,,
432,Mahnomen Public School District,Mahnomen,Mahnomen,Rural,650,FOUND_MED_POLICY_ONLY,Medication policy only,"Public Policy 516 covers epinephrine, asthma, naloxone, glucagon emergency meds; no seizure or epilepsy mention.",https://files-backend.assets.thrillshare.com/documents/asset/uploaded_file/752/Mahnomen_Isd_432/293f353a-4f89-41a5-a4e7-e4ddd6050817/516_STUDENT_MEDICATION_AND_TELEHEALTH.pdf,June 2026,,,
832,Mahtomedi Public Schools,Washington,Mahtomedi,Rural,3194,FOUND_SEIZURE_SPECIFIC,Seizure plan posted,Health page names epilepsy as chronic condition and links a Seizures Guidelines resource (5il.co/202zp).,https://www.mahtomedi.k12.mn.us/page/health-services,June 2026,,,
77,Mankato Area Public Schools,Blue Earth,Mankato,City,8276,FOUND_SEIZURE_SPECIFIC,Seizure plan posted,Health Services page posts downloadable 'Seizure Plan & Med Consent' form.,https://www.isd77.org/experience/departments/student-support-services/health-services,June 2026,,,
881,Maple Lake Public School District,Wright,Maple Lake,Rural,786,FOUND_MED_POLICY_ONLY,Medication policy only,"Policy 516 read in full; covers emergency medication administration, no seizure/epilepsy mention.",https://resources.finalsite.net/images/v1699286888/maplelakek12mnus/uft5ke1o1ho8rkempdrc/Policy516StudentMedication.pdf,June 2026,,,
2135,Maple River School District,Blue Earth,Mapleton,Rural,944,FOUND_MED_POLICY_ONLY,Medication policy only,"Policy 516 Student Medication and Telehealth in Drive policy manual; asthma/epinephrine, no seizure mention.",https://www.isd2135.k12.mn.us/district/policies-2,June 2026,,,
441,Marshall County Central Schools,Marshall,Newfolden,Rural,459,NOT_VERIFIABLE,Could not check,Site reached but all policy/handbook/document content is JS-rendered (Apptegy) and inaccessible; no policy retrievable,https://www.newfolden.k12.mn.us/documents/district-documents/60471,June 2026,,,
413,Marshall Public School District,Lyon,Marshall,Town,2705,FOUND_MED_POLICY_ONLY,Medication policy only,"MHS handbook Policy 516 section covers emergency meds (inhaler, insulin, epi-pen); no seizure mention. Health page JS-rendered, unverifiable.",https://files-backend.assets.thrillshare.com/documents/asset/uploaded_file/4092/Marsh_Schools_Mn/bbad1518-297a-47c2-a9c2-8219d8a0494b/MHS_Handbook_2025-2026.pdf,June 2026,,,
2448,Martin County West School District,Martin,Sherburn,Rural,630,FOUND_MED_POLICY_ONLY,Medication policy only,Policy 408 School Medication covers emergency health procedures; no seizure/epilepsy mention found,https://resources.finalsite.net/images/v1741203277/martink12mnus/rcjzdgolzgnmwqdyople/408_School_Medication_Policy_and_Procedure.pdf,June 2026,,,
4,Mcgregor Public School District,Aitkin,Mcgregor,Rural,428,FOUND_MED_POLICY_ONLY,Medication policy only,Full Policy 516 Student Medication and Telehealth posted (covers emergency meds); no seizure mention; no seizure policy in index.,https://files-backend.assets.thrillshare.com/documents/asset/uploaded_file/1851/Mc_Gregor/95c9d332-a760-4a72-8ab7-5efb13626970/516_-_Student_Medication_and_Telehealth.pdf,June 2026,,,
763,Medford Public School District,Steele,Medford,Rural,890,FOUND_SEIZURE_SPECIFIC,Seizure plan posted,Health Services page links a dedicated Seizure Action Plan page with English/Spanish forms and emergency medication requirement.,https://www.medford.k12.mn.us/page/3354,June 2026,,,
740,Melrose Public School District,Stearns,Melrose,Rural,1266,FOUND_MED_POLICY_ONLY,Medication policy only,Posted Policy 516 (rev 4-26-21) covers epinephrine/asthma emergency meds; no seizure mention; no separate seizure policy.,https://files-backend.assets.thrillshare.com/documents/asset/uploaded_file/1193/Maps/d89ca82f-d101-41e1-a33f-abe511baf314/516_-_Student_Medication_-_4-26-21.pdf?disposition=inline,June 2026,,,
821,Menahga Public School District,Wadena,Menahga,Rural,945,FOUND_MED_POLICY_ONLY,Medication policy only,"Policy 516mL Student Medication posted (Google Doc); covers emergency/prescription meds, no seizure mention.",https://www.menahga.k12.mn.us/policy-manual/,June 2026,,,
2711,Mesabi East,St. Louis,Aurora,Rural,871,FOUND_MED_POLICY_ONLY,Medication policy only,,https://www.isd2711.org/high-school-handbook/health-and-safety,June 2026,,,
912,Milaca Public School District,Mille Lacs,Milaca,Rural,1627,FOUND_SEIZURE_SPECIFIC,Seizure plan posted,Health office forms page lists a 'Seizure Disorder Action Plan' PDF alongside other condition action plans.,https://www.milaca.k12.mn.us/page/3013,June 2026,,,
635,Milroy Public School District,Redwood,Milroy,Rural,20,FOUND_SEIZURE_SPECIFIC,Seizure plan posted,Posted Family Handbook names 'seizure disorder' in Health Services and 'seizure medication' in Medications.,https://www.milroy.k12.mn.us/cms_files/resources/Family%20Handbook.pdf,June 2026,,,
30001,Minneapolis Public School District,Hennepin,Minneapolis,City,29063,FOUND_MED_POLICY_ONLY,Medication policy only,Public medication-in-school page and health forms reached; no seizure or seizure action plan mention found on accessible pages.,https://www.mpschools.org/departments/student-support-services/health/medication-in-school,June 2026,,confirmed,Director of nursing (licensed school nurse) confirmed by email in September 2026: has plans in place
414,Minneota Public School District,Lyon,Minneota,Rural,552,FOUND_MED_POLICY_ONLY,Medication policy only,Policy 516 Student Medication covers emergency drugs/epinephrine/asthma; handbooks/nurse pages have no seizure mention.,https://resources.finalsite.net/images/v1753922508/minneotaschoolsorg/fpqqime2ytyoktdgbmhc/516StudentMedication.pdf,June 2026,,,
276,Minnetonka Public School District,Hennepin,Minnetonka,City,11356,FOUND_MED_POLICY_ONLY,Medication policy only,"Policy 516 covers meds (asthma inhaler, epinephrine, pain relievers); no seizure/epilepsy mention found.",https://www.minnetonkaschools.org/district/leadership/board/policy/516,June 2026,,,
2149,Minnewaska Area Schools,Pope,Glenwood,Rural,1345,FOUND_SEIZURE_SPECIFIC,Seizure plan posted,Health Services page requires individual health plan for seizures and references seizure rescue medication administration.,https://www.minnewaska.k12.mn.us/departments/health-services/,June 2026,,,
129,Montevideo Public Schools,Chippewa,Montevideo,Town,1396,FOUND_SEIZURE_SPECIFIC,Seizure plan posted,Health Services page provides Seizure Action Plan forms (English and Spanish) alongside asthma/allergy plans.,https://www.montevideoschools.org/page/health-services/,June 2026,,,
882,Monticello Public School District,Wright,Monticello,Town,4138,FOUND_MED_POLICY_ONLY,Medication policy only,"Policy 516 Student Medication and Telehealth PDF; covers emergency drug administration, zero seizure or epilepsy mentions",https://drive.google.com/file/d/1UWx4mSRuGRmEB3rHLac7EZ2N-nKS2Uv_/view,June 2026,,,
152,Moorhead Area Public Schools,Clay,Moorhead,Suburb,7460,FOUND_MED_POLICY_ONLY,Medication policy only,Policy 516 covers emergency med administration; no seizure mention on policy/health/handbook pages found,https://www.moorheadschools.org/apptegy/About/School-Board/Policies-and-Procedures/view/?id=286&code=532,June 2026,,,
97,Moose Lake Public School District,Carlton,Moose Lake,Rural,587,FOUND_MED_POLICY_ONLY,Medication policy only,Policy 516 covers asthma inhalers and epinephrine auto-injectors; no seizure/epilepsy mention in full text.,https://docs.google.com/document/d/1IDyEwp-ySaOkG-Y2lMSl48gNpLolHnR-/edit,June 2026,,,
332,Mora Public School District,Kanabec,Mora,Rural,1653,FOUND_MED_POLICY_ONLY,Medication policy only,Medication page covers prescription/OTC/EpiPen/emergency meds and asthma/allergy care plans; no seizure mention found.,https://www.moraschools.org/page/medications,June 2026,,,
2769,Morris Area Public Schools,Stevens,Morris,Rural,1096,FOUND_SEIZURE_SPECIFIC,Seizure plan posted,Public Licensed School Nurse page lists a Seizure Action Plan form for students with seizures.,https://sites.google.com/morris.k12.mn.us/licensedschoolnurse/medications,June 2026,,,
621,Mounds View Public School District,Ramsey,Shoreview,Suburb,11632,NOT_FOUND,Nothing found,"Reached health, student-support, and policy pages; no seizure mention and no publicly posted Policy 516 (Carver governance model).",https://www.mvpschools.org/services/health,June 2026,,,
712,Mountain Iron-Buhl School District,St. Louis,Mountain Iron,Town,591,FOUND_MED_POLICY_ONLY,Medication policy only,Policy 516 and 2025-26 handbook cover asthma/epinephrine meds; no seizure or seizure-action-plan mention.,https://rst6-livesite.rschooltoday.com/sites/mib.k12.mn.us/files/files/Private_User/cmaschka/516-Student%20Medication%20and%20Telehealth-Revised%20July%2025.pdf,June 2026,,,
173,Mountain Lake Public Schools,Cottonwood,Mountain Lake,Rural,509,FOUND_MED_POLICY_ONLY,Medication policy only,"Handbook describes district policy 516 prescription/emergency meds; Policy folder empty; only 'search and seizure' phone mention, no medical seizure.",https://files-backend.assets.thrillshare.com/documents/asset/uploaded_file/4826/Mlps/47738f7a-42d1-4984-a215-21bd82d96d22/25-26_HS_Student_Handbook.pdf?disposition=inline,June 2026,,,
2169,Murray County Central Schools,Murray,Slayton,Rural,701,NOT_FOUND,Nothing found,"Reached district Health Office page (nurse, general illness meds); no seizure mention and no posted 516 medication policy found.",https://www.mcc.mntm.org/page/health-office,June 2026,,,
319,Nashwauk-Keewatin School District,Itasca,Nashwauk,Rural,583,NOT_VERIFIABLE,Could not check,Policy/document pages JS-gated and bot-challenged; only handbook online is unreadable image PDF.,https://www.isd319.org/o/nashwauk-keewatin/documents,June 2026,,in_progress,School nurse told us by email in July 2026 that the nurse gathers seizure plan information from each student's healthcare provider and planned to add seizure information to the district health page.
707,Nett Lake Public School District,St. Louis,Orr,Rural,48,FOUND_MED_POLICY_ONLY,Medication policy only,"Policy 516 posted (asthma inhalers, epinephrine emergency meds); no seizure/epilepsy mention.",https://wsos-cdn.s3.us-west-2.amazonaws.com/uploads/sites/2/516-Student-Medication.pdf,June 2026,,,
308,Nevis Public School District,Hubbard,Nevis,Rural,609,FOUND_MED_POLICY_ONLY,Medication policy only,"Policy 516 Student Medication posted (updated 03-21); health services has allergy/asthma plans, no seizure mention.",https://www.nevis.k12.mn.us/UserFiles/Servers/Server_120598/File/District/District%20Policies%20and%20Reports/ISD%20308%20Policy%20Manual/516.pdf,June 2026,,,
345,New London-Spicer School District,Kandiyohi,New London,Town,1549,NOT_VERIFIABLE,Could not check,"June 2026: SchoolWires health/policy pages unreachable, no seizure or 516 content readable. Sept 25, 2026 re-check: the high school Health Services page (hs.nls.k12.mn.us/departments/health-services) now lists a Seizure Action Plan form. Status will be updated in the spring 2027 re-audit.",https://www.nls.k12.mn.us/Page/364,June 2026,yes,,
721,New Prague Area Schools,Scott,New Prague,Town,4072,FOUND_MED_POLICY_ONLY,Medication policy only,"Policy 516 Student Medication and Telehealth PDF; covers emergency drug administration, zero seizure or epilepsy mentions",https://drive.google.com/file/d/1GMHRuJxOQkTKtH1-nboq82DcpYpcvVYj/view,June 2026,,,
88,New Ulm,Brown,New Ulm,Town,2135,FOUND_SEIZURE_SPECIFIC,Seizure plan posted,,https://newulm.k12.mn.us/health-services/,June 2026,,,
553,New York Mills Public School Dist.,Otter Tail,New York Mills,Rural,802,FOUND_MED_POLICY_ONLY,Medication policy only,"Policy 516L medication+epinephrine, MSBA model; no seizure/epilepsy/rescue-med mention.",https://content.myconnectsuite.com/api/documents/67386ac026fc47ebbe23e112a227f331.pdf,June 2026,,,
507,Nicollet Public School District,Nicollet,Nicollet,Rural,338,FOUND_MED_POLICY_ONLY,Medication policy only,"Policy 516 PDF posted; covers emergency/asthma/anaphylaxis meds, no seizure mention. Handbook also no seizure content.",https://www.isd507.k12.mn.us/documents/district/district-policies/500-series%3A-students/21532958,June 2026,,,
2215,Norman County East School District,Norman,Twin Valley,Rural,199,FOUND_MED_POLICY_ONLY,Medication policy only,Handbook Medications section (refs Policy 516) covers OTC/prescription meds; no seizure mention; only 2020-21 handbook found.,https://files-backend.assets.thrillshare.com/documents/asset/uploaded_file/1187/Nce_School/37b8a1d0-1ece-4dce-a049-e48909658dab/Student.parent_Handbook_2020-2021.pdf,June 2026,,,
138,North Branch Area Public Schools,Chisago,North Branch,Rural,2744,FOUND_MED_POLICY_ONLY,Medication policy only,Health Services page posts Policy 516 Student Medication and Medications section; seizure-specific content not publicly confirmed.,https://www.isd138.org/page/health-services,June 2026,,,
622,North St. Paul-Maplewood Oakdale,Ramsey,North Saint Paul,Suburb,10633,FOUND_SEIZURE_SPECIFIC,Seizure plan posted,Health services page has Seizure Health Care Plan form and a Seizures health-topics section.,https://www.isd622.org/services/health,June 2026,,,
659,Northfield Public School District,Rice,Northfield,Town,3875,FOUND_MED_POLICY_ONLY,Medication policy only,Policy 516 covers medication (epinephrine/asthma) but explicitly nonemergency; no seizure mention found.,https://northfieldschools.org/wp-content/uploads/Policy-516.Student-Medication.pdf,June 2026,,,
118,Northland Community Schools,Cass,Remer,Rural,347,FOUND_MED_POLICY_ONLY,Medication policy only,Student/Family Handbook medication section and IHP references; no seizure/epilepsy mention.,https://resources.finalsite.net/images/v1755101775/isd118k12mnus/nsh7wm6ah3gx1h9oxbvu/Student_FamilyHandbook2025-2026-FINAL1.pdf,June 2026,,,
2168,Nrheg School District,Waseca,New Richland,Rural,792,FOUND_MED_POLICY_ONLY,Medication policy only,Policy 516 MSBA model medication+epinephrine; no seizure mention; handbook epilepsy only cell-phone exception.,https://resources.finalsite.net/images/v1761156283/nrhegk12mnus/lzgnyxz96tz7q5eko5i6/516StudentMedication_2.pdf,June 2026,,,
333,Ogilvie Public School District,Kanabec,Ogilvie,Rural,482,FOUND_MED_POLICY_ONLY,Medication policy only,Posts Policy 516 Student Medication (rev 9/27/24); confirmed PDF covers emergency/asthma meds but no seizure mention,https://www.ogilvie.k12.mn.us/district/policies/500-students,June 2026,,,
480,Onamia Public School District,Mille Lacs,Onamia,Rural,585,FOUND_SEIZURE_SPECIFIC,Seizure plan posted,Health Forms page publicly lists downloadable 'Seizure Action Plan 25-26'.,https://www.onamia.k12.mn.us/page/3150,June 2026,,,
278,Orono Public School District,Hennepin,Long Lake,Rural,2946,FOUND_SEIZURE_SPECIFIC,Seizure plan posted,Health services page lists epilepsy among health-specialist training topics; no seizure action plan doc found.,https://www.oronoschools.org/about/health-services,June 2026,,,
2903,Ortonville Public Schools,Big Stone,Ortonville,Rural,497,FOUND_SEIZURE_SPECIFIC,Seizure plan posted,Trojan Health Clinic page posts a Seizure Action Plan form (rescue therapy) plus Policy 516.,https://www.ortonville.k12.mn.us/community/trojan-health-care-clinic,June 2026,,,
213,Osakis Public School District,Douglas,Osakis,Rural,869,NOT_VERIFIABLE,Could not check,Board policy pages JS-rendered/not extractable; handbook returned 403; no seizure or med policy publicly retrievable.,https://www.osakis.k12.mn.us/page/health-services,June 2026,,confirmed,Health services confirmed by email in September 2026: plans on file and trained staff
279,Osseo Public School District,Hennepin,Maple Grove,Suburb,20776,FOUND_SEIZURE_SPECIFIC,Seizure plan posted,"Policy 516 procedure explicitly covers seizure action plans, seizure rescue medication, and staff seizure training.",https://www.osseoschools.org/about-us/policies/individual-policy/~board/school-board-policies/post/516-procedure-student-medication,June 2026,,,
761,Owatonna Public School District,Steele,Owatonna,Town,4995,FOUND_MED_POLICY_ONLY,Medication policy only,Public medication policy page (prescription/nonprescription rules); no seizure or seizure-action-plan mention found on health pages.,https://www.isd761.org/district-services/health-services/medications,June 2026,,,
309,Park Rapids Public School District,Hubbard,Park Rapids,Rural,1675,FOUND_SEIZURE_SPECIFIC,Seizure plan posted,Health Office page explicitly references a seizure action plan form; also posts Policy 516 medication.,https://www.parkrapids.k12.mn.us/departments/health-office,June 2026,,,
547,Parkers Prairie Public Schools,Otter Tail,Parkers Prairie,Rural,535,FOUND_MED_POLICY_ONLY,Medication policy only,"Policy 516 Student Medication & Telehealth (Rev July 2025); asthma/anaphylaxis/emergency meds, no seizure mention.",https://isd547.org/district/board-policies/series-500-students/,June 2026,,,
741,Paynesville Area Schools,Stearns,Paynesville,Rural,920,FOUND_SEIZURE_SPECIFIC,Seizure plan posted,"Health Services page lists a 'Seizure Action Plan.pdf' form in its Files list (uploaded 2019). The June 2026 check missed it; reclassified after re-check on Sept 25, 2026.",https://www.paynesvilleschools.com/apps/pages/index.jsp?uREC_ID=391505&type=d,June 2026,,confirmed,School nurse confirmed by email in September 2026: plans on file and trained staff
548,Pelican Rapids Public Schools,Otter Tail,Pelican Rapids,Rural,860,FOUND_MED_POLICY_ONLY,Medication policy only,Section 500 lists Policy 516 Student Medication; handbook has meds/nurse section. No seizure/epilepsy mention found.,https://www.pelicanrapids.k12.mn.us/district/school-board/school-district-policies/section-500-students,June 2026,,,
186,Pequot Lakes Public Schools,Crow Wing,Pequot Lakes,Rural,1807,FOUND_SEIZURE_SPECIFIC,Seizure plan posted,Health Services page links a Seizure Action Plan and names seizure disorders with emergency care plans.,https://www.isd186.org/departments/health-services,June 2026,,,
549,Perham-Dent Public Schools,Otter Tail,Perham,Rural,1687,FOUND_MED_POLICY_ONLY,Medication policy only,Health Services posts medication authorization forms and policy; no seizure or seizure action plan mention found.,https://perhamschools.org/departments/health-services/,June 2026,,,
484,Pierz Public School District,Morrison,Pierz,Rural,1245,NOT_VERIFIABLE,Could not check,Health Services page exists but site migrated to JS-rendered CMS; no retrievable 516 policy or handbook to confirm.,https://www.pierzschools.org/domain/53,June 2026,,,
116,Pillager Public School District,Cass,Pillager,Rural,1291,FOUND_SEIZURE_SPECIFIC,Seizure plan posted,Health Services page posts an 'Emergency Seizure Action Plan' document among health forms.,https://www.isd116.org/departments/health-services,June 2026,,,
578,Pine City Public School District,Pine,Pine City,Rural,1594,FOUND_MED_POLICY_ONLY,Medication policy only,Board policy index lists 516 Student Medication and 516.5 Overdose Medication; no seizure/epilepsy mention in index.,https://docs.google.com/document/d/1z6loAnJYD7ImPi5GbwVGpZrgh7YOt6B2DreCo2O-yuQ/edit,June 2026,,,
255,Pine Island Public School District,Goodhue,Pine Island,Rural,1538,FOUND_SEIZURE_SPECIFIC,Seizure plan posted,Health Services publicly provides a Seizure Emergency Care Plan form for students with seizure disorders; also Policy 516. Verified via search index (site bot-challenged).,https://www.pineisland.k12.mn.us/district/departments/health_services/Health%20Office%20Forms,June 2026,,,
25,Pine Point Public School District,Becker,Ponsford,Rural,47,FOUND_MED_POLICY_ONLY,Medication policy only,"Posted Student Handbook has Student Medication policy (asthma inhaler, IHP) but no seizure mention.",https://resources.finalsite.net/files/v1757980055/pinepointk12mnus/xkoxdzyk3uahjsyiugni/Student_Handbook_2025-2026.docx,June 2026,,,
2174,Pine River-Backus School District,Cass,Pine River,Rural,879,FOUND_MED_POLICY_ONLY,Medication policy only,Health Services page and HS handbook cover prescription/OTC medication administration; no seizure mention; board policies only via BoardBook.,https://prbschools.org/health-services/,June 2026,,,
2689,Pipestone Area School District,Pipestone,Pipestone,Rural,1087,FOUND_SEIZURE_SPECIFIC,Seizure plan posted,Public Policy 516 names seizure rescue meds (diastat/midazolam).,https://assets-rst7.rschooltoday.com/rst7files/uploads/sites/776/2025/09/25141311/516-Student-Medication9.22.25.pdf,June 2026,,,
2899,Plainview-Elgin-Millville Community Schools,Wabasha,Plainview,Rural,1466,FOUND_SEIZURE_SPECIFIC,Seizure plan posted,"Public Student Health Services page: 'Action Plans for Asthma, Allergy, Epi/Inhaler, Diabetes, and Seizure need to be updated annually!'",https://sites.google.com/isd2899.k12.mn.us/student-health-services/homecontact-info,June 2026,,,
477,Princeton Public School District,Mille Lacs,Princeton,Town,3217,FOUND_SEIZURE_SPECIFIC,Seizure plan posted,Health services page links a Seizure Action Plan form under medical concern and forms sections.,https://princetononline.isd477.org/support/health-services,June 2026,,,
815,Prinsburg Public School District,Kandiyohi,Prinsburg,Rural,,NOT_VERIFIABLE,Could not check,"Non-operating common district (0 schools/teachers); site has board info only, no policy/handbook/health section online.",https://www.district815.org/,June 2026,,,
719,Prior Lake-Savage,Scott,Prior Lake,Suburb,8777,FOUND_SEIZURE_SPECIFIC,Seizure plan posted,,https://www.plsas.org/about-us/departments/student-support-services/health-safety,June 2026,,,
704,Proctor Public School District,St. Louis,Proctor,Suburb,1871,FOUND_MED_POLICY_ONLY,Medication policy only,Published Policy 516 Student Medication covers emergency meds; full text has no seizure/epilepsy mention.,https://files-backend.assets.thrillshare.com/documents/asset/uploaded_file/2508/Proctorsandbox/12487395-f300-4eeb-9f9e-f5d5b8604e8e/516---Student-Medication-and-Telehealth.pdf?disposition=inline,June 2026,,,
195,Randolph Public School District,Dakota,Randolph,Rural,870,FOUND_MED_POLICY_ONLY,Medication policy only,"Policy 516 (MSBA model, rev 2025) posted; OCR confirms asthma/emergency meds, no seizure mention.",https://randolph.k12.mn.us/files/user/112/file/516.pdf,June 2026,,,
2906,Red Lake County Central Public Sch,Red Lake,Oklee,Rural,342,FOUND_MED_POLICY_ONLY,Medication policy only,District Policies page publicly lists 516 Student Medication PDF; no seizure-specific policy listed.,https://www.rlcc2906.org/page/3927,June 2026,,,
630,Red Lake Falls Public School Dist.,Red Lake,Red Lake Falls,Rural,389,NOT_FOUND,Nothing found,"Reached forms/handbooks/policies page and HS handbook; only generic med note, no 516 or seizure content.",https://www.redlakefalls.k12.mn.us/fees-forms-handbooks,June 2026,,,
38,Red Lake Public School District,Beltrami,Red Lake,Rural,1441,NOT_VERIFIABLE,Could not check,Site/policy repository reachable but documents load via API that did not render; could not open policies/handbooks to verify.,https://www.redlake.k12.mn.us/documents/district/policies-and-procedures/80686,June 2026,,,
2884,Red Rock Central School District,Redwood,Lamberton,Rural,406,FOUND_MED_POLICY_ONLY,Medication policy only,Posted Policy 516 Student Medication and Telehealth (adopted Oct 15 2025) plus handbook med section; no seizure mention.,https://aptg.co/SKtlqv,June 2026,,,
256,Red Wing Public School District,Goodhue,Red Wing,Rural,2231,FOUND_MED_POLICY_ONLY,Medication policy only,Health Services page and 2025-26 handbook cite Policy 516/516.5; zero seizure/epilepsy mentions confirmed.,https://www.redwing.k12.mn.us/our-district/departments/health-services/,June 2026,,,
2897,Redwood Area School District,Redwood,Redwood Falls,Town,1132,FOUND_MED_POLICY_ONLY,Medication policy only,"Publicly posts Policy 516 Student Medication PDF; medication only, excludes emergency admin, no seizure mention.",https://www.redwoodareaschools.com/documents/district/district-policies/500---students/139991,June 2026,,,
2890,Renville County West Schools,Renville,Renville,Rural,561,FOUND_SEIZURE_SPECIFIC,Seizure plan posted,2025-26 elementary handbook names seizures as a chronic condition needing a confidential health plan.,https://resources.finalsite.net/images/v1754080408/rcwk12mnus/sms3ddudandzq7amv4yi/_25-26ElementaryStudent_ParentHandbook.pdf,June 2026,,,
280,Richfield Public School District,Hennepin,Richfield,Suburb,4043,FOUND_SEIZURE_SPECIFIC,Seizure plan posted,RHS health office page publicly lists a Seizure Action Plan form (English/Spanish); district news confirms Seizure Smart staff training.,https://rhs.richfieldschools.org/family-resources/nurse,June 2026,,,
281,Robbinsdale Public School District,Hennepin,New Hope,Suburb,10735,FOUND_SEIZURE_SPECIFIC,Seizure plan posted,Health services page lists a Seizure Action Plan and Parent/Guardian Questionnaire form.,https://www.rdale.org/discover/health-services,June 2026,,,
535,Rochester Public School District,Olmsted,Rochester,City,17342,FOUND_SEIZURE_SPECIFIC,Seizure plan posted,RPS health services references a Seizure Emergency Care Plan form for students with seizure disorders plus seizure medication.,https://www.rochesterschools.org/page/health-services,June 2026,,,
2909,Rock Ridge Public Schools,St. Louis,Virginia,Rural,2331,FOUND_SEIZURE_SPECIFIC,Seizure plan posted,Public Seizure Emergency Action Plan with rescue medication and 911 protocols; also listed on health forms page.,https://rrps.org/wp-content/uploads/2025/04/RRPS-Seizure-Emergency-Action-Plan-2.pdf,June 2026,,,
883,Rockford Public School District,Wright,Rockford,Rural,1564,FOUND_SEIZURE_SPECIFIC,Seizure plan posted,"Health Services page lists a 'Seizure Action Plan' form, submitted annually with parent and physician signature.",https://www.rockford883.org/district/departments/health-services,June 2026,,,
750,Rocori Public School District,Stearns,Cold Spring,Rural,2414,FOUND_MED_POLICY_ONLY,Medication policy only,Policy 516 Medication Administration covers epinephrine delivery systems; no seizure mention. Also has 516.5 Overdose Medication.,https://www.rocori.k12.mn.us/fs/resource-manager/view/9051b36e-39e9-4471-87a4-a8a57ceafcc1,June 2026,,,
682,Roseau Public School District,Roseau,Roseau,Rural,1120,NOT_FOUND,Nothing found,"Policies and Handbooks folder contains only two tech device agreements; no policy manual, handbook, medication or seizure policy.",https://www.roseau.k12.mn.us/documents/students/policies-and-handbooks/364339,June 2026,,,
196,Rosemount-Apple Valley-Eagan,Dakota,Rosemount,Suburb,29115,FOUND_SEIZURE_SPECIFIC,Seizure plan posted,Health Services forms page explicitly names seizures/seizure action plan under Chronic Condition Action Plan Authorization Form.,https://www.district196.org/services/health-services/forms,June 2026,,,
623,Roseville Public School District,Ramsey,Roseville,Suburb,7355,FOUND_SEIZURE_SPECIFIC,Seizure plan posted,"Health Services page has Seizure Disorder/Epilepsy section: Seizure Action Plan, Diastat rescue med, staff training",https://www.isd623.org/services/health-services,June 2026,,,
850,Rothsay Public School District,Wilkin,Rothsay,Rural,312,FOUND_MED_POLICY_ONLY,Medication policy only,Policy 516 Student Medication (MSBA) posted; covers epinephrine/anaphylaxis/asthma; no seizure mention. Also 516.5 Overdose.,https://files-backend.assets.thrillshare.com/./skncwbpayq3olwu3q3gjr8qz7326?disposition=inline,June 2026,,,
2907,Round Lake-Brewster Public Schools,Nobles,Brewster,Rural,490,NOT_FOUND,Nothing found,"Apptegy site: only newsletters, menus, schedules, board minutes; no policy section, handbook, or medication/seizure docs posted",https://www.rlb.mntm.org/documents/quick-links/101726,June 2026,,,
485,Royalton Public School District,Morrison,Royalton,Rural,937,FOUND_SEIZURE_SPECIFIC,Seizure plan posted,Health Services page lists a 'Seizure Action Plan' document among individual health action plans.,https://www.royaltonpublicschools.org/health-services,June 2026,,,
2902,Rtr Public Schools,Lincoln,Tyler,Rural,637,FOUND_MED_POLICY_ONLY,Medication policy only,Public Health page posts medication authorization forms; board agendas list Policy 516 Student Medication; no seizure mention found.,https://www.rtrschools.org/parents-students/health,June 2026,,,
139,Rush City Public School District,Chisago,Rush City,Rural,871,FOUND_MED_POLICY_ONLY,Medication policy only,Policy 516 + 516.5 Overdose posted; no seizure mention in policy or health office page.,https://4.files.edl.io/9e1d/07/28/25/134241-093b6458-9758-483d-9800-c4bb300c7d0b.pdf,June 2026,,,
239,Rushford-Peterson Public Schools,Fillmore,Rushford,Rural,632,NOT_FOUND,Nothing found,"Board policy manual login-gated (Google); public nurse/forms pages have only a med authorization form, no 516 policy or seizure content",https://www.r-pschools.com/page/5526,June 2026,,,
625,Saint Paul Public Schools,Ramsey,Saint Paul,City,32145,FOUND_SEIZURE_SPECIFIC,Seizure plan posted,"Health & Wellness page explicitly lists seizures with action plan/emergency care plan alongside anaphylaxis, asthma, diabetes.",https://www.spps.org/families/student-health-wellness,June 2026,,,
748,Sartell-St. Stephen School District,Stearns,Sartell,Suburb,4046,FOUND_MED_POLICY_ONLY,Medication policy only,"Public Policy 516 covers nonemergency student meds, explicitly excludes emergency meds; no seizure/epilepsy mention; health page also silent.",https://docs.google.com/document/d/1RjMZsa4scDbM3OO-1Oegu6iIIvChaXEl/edit,June 2026,,,
743,Sauk Centre Public School District,Stearns,Sauk Centre,Town,1130,FOUND_MED_POLICY_ONLY,Medication policy only,Posts Policy 516 Student Medication and Telehealth (rev 11/18/24); no seizure/epilepsy mention in policy or nurse page.,https://drive.google.com/file/d/1lwMCT7I-hV1AaYzQkGY7fAdRyOyOdBkR/view,June 2026,,,
47,Sauk Rapids-Rice Public Schools,Benton,Sauk Rapids,Suburb,4352,FOUND_SEIZURE_SPECIFIC,Seizure plan posted,Health Services page lists a 'Seizures Action Plan' form; Policy 516 (rev 08-18-2025) posted but contains no seizure text.,https://www.isd47.org/services/health-services,June 2026,,,
820,Sebeka Public School District,Wadena,Sebeka,Rural,482,FOUND_SEIZURE_SPECIFIC,Seizure plan posted,"Health Services 'Seizures/Epilepsy' page: Seizure Smart School, Seizure Action Plan, staff trained to give rescue medication",https://sites.google.com/g.sebeka.k12.mn.us/health-services/resources/seizures,June 2026,,,
720,Shakopee Public Schools,Scott,Shakopee,Suburb,7678,FOUND_SEIZURE_SPECIFIC,Seizure plan posted,Illness & Support page states seizure action plans are available on district website.,https://www.shakopee.k12.mn.us/support-us/health-services/illness-support,June 2026,,,
2310,Sibley East School District,Sibley,Arlington,Rural,1067,FOUND_MED_POLICY_ONLY,Medication policy only,"Policy 516 (Adopted 2010, Revised Oct 2021) covers epinephrine/meds; no seizure mention.",https://assets-rst7.rschooltoday.com/rst7files/uploads/sites/391/2024/05/19082219/516-Student-Medication.docx,June 2026,,,
84,Sleepy Eye Public School District,Brown,Sleepy Eye,Rural,596,FOUND_MED_POLICY_ONLY,Medication policy only,Policy 516 covers asthma inhalers and epinephrine; no seizure/epilepsy/rescue-med mention in full text.,https://www.sleepyeyeschools.com/files/PolicyPDF/516 Student Medication.pdf,June 2026,,,
363,South Koochiching School District,Koochiching,Northome,Rural,182,NOT_VERIFIABLE,Could not check,Site (isd363.org/rschooltoday) repeatedly inaccessible: WebFetch timeouts and curl HTTP 000.,https://www.isd363.org/page/2909,June 2026,,,
6,South St. Paul Public School District,Dakota,South Saint Paul,Suburb,2917,FOUND_SEIZURE_SPECIFIC,Seizure plan posted,"Health Services page lists Seizure Action Plan and Seizure Questionnaire forms. Old link removed by district; link updated (Re-checked Sept 25, 2026).",https://www.sspps.org/support/health-services,June 2026,,,
833,South Washington County,Washington,Cottage Grove,Suburb,19360,FOUND_MED_POLICY_ONLY,Medication policy only,,https://www.sowashco.org/about-us/school-board/school-board-policies,June 2026,,,
500,Southland Public School District,Mower,Adams,Rural,499,FOUND_MED_POLICY_ONLY,Medication policy only,MS-HS handbook MEDICATIONS section covers prescription meds; no seizure or epilepsy mention found.,https://rst6-livesite.rschooltoday.com/sites/isd500.k12.mn.us/files/files/Middle%20School__HighSchool/Handbooks/2023-2024/2023-2024%20MS-HS%20Student%20Handbook.pdf,June 2026,,,
297,Spring Grove School District,Houston,Spring Grove,Rural,353,FOUND_MED_POLICY_ONLY,Medication policy only,Handbook Health & Safety medication section incl. emergency meds and IHP; no seizure mention.,https://drive.google.com/file/d/1YeNmmReHmq5k90c9nbCb7_CVM-tx2WK7/view,June 2026,,,
16,Spring Lake Park Public Schools,Anoka,Spring Lake Park,Suburb,6140,FOUND_SEIZURE_SPECIFIC,Seizure plan posted,Health Services page lists a downloadable Seizure Action Plan form.,https://www.springlakeparkschools.org/services/health-services,June 2026,,,
85,Springfield Public School District,Brown,Springfield,Rural,599,FOUND_SEIZURE_SPECIFIC,Seizure plan posted,Health Services posts Individual Health Plan/Emergency Care Plan for Student with Seizures (Seizure Plan & Med Consent).,https://www.springfield.mntm.org/our-district/health-services,June 2026,,,
282,St. Anthony-New Brighton Schools,Hennepin,Saint Anthony,Suburb,1856,FOUND_MED_POLICY_ONLY,Medication policy only,Health Services posts medication policy with EpiPen/inhaler emergency meds; no seizure mention found.,https://www.isd282.org/discover/departments/health-services,June 2026,,,
858,St. Charles Public School District,Winona,Saint Charles,Rural,968,FOUND_MED_POLICY_ONLY,Medication policy only,Policy 516 Student Medication and Telehealth (MSBA Rev 2025) posted; no seizure mention,https://www.scschools.net/page/3518,June 2026,,,
75,St. Clair Public School District,Blue Earth,Saint Clair,Rural,820,FOUND_MED_POLICY_ONLY,Medication policy only,"Health Office page posts Medication Consent Form, IHP/EAP, chronic conditions (asthma/diabetes/allergies). No seizure/epilepsy mention.",https://www.stclairschool.org/apps/pages/index.jsp?uREC_ID=4438217&type=d&pREC_ID=2680201,June 2026,,,
742,St. Cloud,Stearns,Waite Park,City,9543,FOUND_MED_POLICY_ONLY,Medication policy only,,https://isd742.org/Page/6482,June 2026,,,
15,St. Francis Area Schools,Anoka,Saint Francis,Town,4236,FOUND_SEIZURE_SPECIFIC,Seizure plan posted,Health Services page explicitly lists 'seizure disorders' as special health concern needing nurse arrangements/accommodations,https://www.isd15.org/o/isd15/page/health-services,June 2026,,,
840,St. James Public School District,Watonwan,Saint James,Rural,1150,NOT_FOUND,Nothing found,"Reached site/Documents; only a Wellness Policy posted, no medication or seizure policy publicly available.",https://www.stjames.k12.mn.us/documents/resources/wellness/25011795,June 2026,,confirmed,Licensed school nurse confirmed by email in September 2026: plans on file and trained staff
2142,St. Louis County School District,St. Louis,Virginia,Rural,1947,FOUND_MED_POLICY_ONLY,Medication policy only,"Policy 516 publicly posted on board policy page; full text covers meds/epi/asthma, no seizure mention.",https://rst6-livesite.rschooltoday.com/sites/isd2142.net/files/files/Private_User/jsopp/516 Student Medication & Telehealth 2025May27.pdf,June 2026,,,
283,St. Louis Park Public School District,Hennepin,Saint Louis Park,City,4347,FOUND_MED_POLICY_ONLY,Medication policy only,Policy 516 Student Medication publicly posted; health-services page covers epipen/inhaler but no seizure mention found,https://www.slpschools.org/who-we-are/policies-and-procedures?post_category_id=134,June 2026,,,
885,St. Michael-Albertville Schools,Wright,Albertville,Suburb,6696,FOUND_SEIZURE_SPECIFIC,Seizure plan posted,"Dedicated Seizure Response Training page: cites statute, seizure action plans, rescue medication, staff training",https://www.stma.k12.mn.us/our-district-new/departments/health-services/seizure-response-training-information,June 2026,,,
508,St. Peter Public School District,Nicollet,Saint Peter,Town,2105,FOUND_MED_POLICY_ONLY,Medication policy only,Policy 516 publicly posted; covers asthma inhalers and epinephrine only; verified text has zero seizure mention.,https://files-backend.assets.thrillshare.com/documents/asset/uploaded_file/3147/Spps/5cc0219e-6d4f-4ac6-8939-ad1c580051fc/FINAL_-_516_-_STUDENT_MEDICATION_AND_TELEHEALT.pdf,June 2026,,,
2170,Staples-Motley School District,Todd,Staples,Rural,888,FOUND_SEIZURE_SPECIFIC,Seizure plan posted,Health Services page lists downloadable Seizure Action Plan form and addresses planning for students with seizures.,https://www.isd2170.org/departments/health-services,June 2026,,,
2856,Stephen-Argyle Central Schools,Marshall,Stephen,Rural,276,FOUND_MED_POLICY_ONLY,Medication policy only,516 listed in public board-policy doc; elem handbook has medication section; no seizure mention.,https://docs.google.com/document/d/1fgkbT8gbKvnM5BdSAKlnZFJC8vHk3pDvmKsPIpDnTMc/edit,June 2026,,,
534,Stewartville Public Schools,Olmsted,Stewartville,Town,2005,FOUND_MED_POLICY_ONLY,Medication policy only,Policy 516 Student Medication publicly posted (5 pages); verified text has zero seizure or rescue-med mention.,https://assets-rst7.rschooltoday.com/rst7files/uploads/sites/415/2023/03/17135732/516-Student-Medication-021323.pdf,June 2026,,,
834,Stillwater Area Public Schools,Washington,Stillwater,Town,8368,FOUND_SEIZURE_SPECIFIC,Seizure plan posted,Health Services medication protocol page links 'Seizure Health Forms'.,https://www.stillwaterschools.org/services/health-services/article/~board/health-services/post/medication-protocol,June 2026,,,
486,Swanville Public School District,Morrison,Swanville,Rural,341,NOT_FOUND,Nothing found,"Policies page has only literacy/distance plans, no 516; health-services page has no seizure or medication policy.",https://www.swanville.k12.mn.us/policies,June 2026,,,
564,Thief River Falls School District,Pennington,Thief River Falls,Town,1811,FOUND_SEIZURE_SPECIFIC,Seizure plan posted,Health Services page posts downloadable Seizure Action Plan among Individual Health Action Plans.,https://www.trfschools.org/student-support/health-services,June 2026,,,
2904,Tracy Area Public School District,Lyon,Tracy,Rural,688,FOUND_MED_POLICY_ONLY,Medication policy only,"Public 2025-26 HS handbook has Medications section (Rx via nurse); no seizure, epilepsy, or rescue medication mention.",https://files-backend.assets.thrillshare.com/documents/asset/uploaded_file/4256/Tapc/6010498e-2fab-4830-bde6-f48ea84f93ae/TAHS_Handbook_25-26.pdf,June 2026,,,
2905,Tri-City United School District,Le Sueur,Montgomery,Rural,1910,FOUND_MED_POLICY_ONLY,Medication policy only,Policy 516 Student Medication in public TCU policy Drive (500s Students); full text has no seizure mention.,https://drive.google.com/uc?export=download&id=1of7RnDpKUA73GAjJ9OgWlMckpLFxxeUe,June 2026,,,
2358,Tri-County School District,Kittson,Karlstad,Rural,176,NOT_FOUND,Nothing found,"No published policy section or Policy 516; handbook only incidental epilepsy cell-phone note, no seizure/rescue med policy.",https://tricounty.k12.mn.us/academics/student-handbook/,June 2026,,,
2125,Triton School District,Dodge,Dodge Center,Rural,909,FOUND_MED_POLICY_ONLY,Medication policy only,Health Office posts Annual Medication Administration Authorization forms; no seizure content found anywhere on site.,https://www.triton.k12.mn.us/documents/families/health-office/health-forms/16998809,June 2026,,confirmed,District nurse confirmed by email in September 2026: plans on file and trained staff
458,Truman Public School District,Martin,Truman,Rural,241,FOUND_MED_POLICY_ONLY,Medication policy only,Public 2025-26 handbook has Health Services and medication-administration policy; zero seizure/epilepsy mention.,https://docs.google.com/document/d/1yuYD-83TVcTC0ArXql1kYwYbMgOAQ82cdmjEZ2mr4rI/edit,June 2026,,,
914,Ulen-Hitterdal Public School Dist,Clay,Ulen,Rural,285,FOUND_MED_POLICY_ONLY,Medication policy only,"HS handbook prescription-medication section (office-supervised); no seizure mention. Policies page lists only handbook/wellness/bullying, no 516/seizure.",https://assets-rst7.rschooltoday.com/rst7files/uploads/sites/361/2025/10/10175820/Ulen-Hitterdal-High-School-Handbook-2025-2026.pdf,June 2026,,,
550,Underwood Public School District,Otter Tail,Underwood,Rural,571,NOT_FOUND,Nothing found,"District Policies page, Health Office, and 2025-26 handbook reviewed; no Policy 516 and no seizure mention.",https://www.underwood.k12.mn.us/page/district-policies-1,June 2026,,,
2134,United South Central Schools,Faribault,Wells,Rural,797,FOUND_MED_POLICY_ONLY,Medication policy only,"Handbook Appendix C medication policy; epilepsy only in cell-phone exception, no seizure action plan.",https://core-docs.s3.us-east-1.amazonaws.com/documents/asset/uploaded_file/4144/United_South_Central_SD/4933771/2025-2026_USC_K-12_Student_Handbook-_FINAL-5.pdf,June 2026,,,
487,Upsala Public School District,Morrison,Upsala,Rural,327,NOT_VERIFIABLE,Could not check,Health Services and Medications at School pages exist (titles verified) but content JS-rendered/bot-blocked; seizure mention unconfirmable.,https://www.upsala.k12.mn.us/page/medications-at-school,June 2026,,,
818,Verndale Public School District,Wadena,Verndale,Rural,509,FOUND_MED_POLICY_ONLY,Medication policy only,"Policy 516 Student Medications posted on District Policies page; scanned PDF, no seizure mention found.",https://content.schoolinsites.com/api/documents/d3bfc7e6a5c74f3e84ac1f64def4ed64.pdf,June 2026,,,
811,Wabasha-Kellogg School District,Wabasha,Wabasha,Suburb,966,FOUND_MED_POLICY_ONLY,Medication policy only,"Policy 516 Student Medication (MSBA Rev 2025) posted; no seizure mention, no 121A.24",https://assets-rst7.rschooltoday.com/rst7files/uploads/sites/725/2025/07/29143856/WK516-new.docx.pdf,June 2026,,,
640,Wabasso Public School District,Redwood,Wabasso,Rural,418,FOUND_SEIZURE_SPECIFIC,Seizure plan posted,Public 5-12 handbook Health Service lists 'seizure disorder' and 'seizure medications'; Policy 516 itself is med-only (Rev 2018).,https://drive.google.com/file/d/1OfFUx2UWkTY1icLtJ4htM4HQNpW2x2zb/view,June 2026,,,
110,Waconia Public Schools,Carver,Waconia,Town,4000,FOUND_SEIZURE_SPECIFIC,Seizure plan posted,Health Forms page publicly posts a Seizure Action Plan and Epilepsy Foundation seizure questionnaire; Policy 516 dated Dec 2025.,https://isd110.org/health-forms,June 2026,,,
2155,Wadena-Deer Creek School District,Wadena,Wadena,Town,1112,FOUND_MED_POLICY_ONLY,Medication policy only,Public Policy 516 covers emergency meds (epi/asthma/Naloxone); no seizure mention found.,https://content.myconnectsuite.com/api/documents/661fb76724614b3f8083fb7f58da9798.pdf,June 2026,,,
113,Walker-Hackensack-Akeley School District,Cass,Walker,Rural,688,FOUND_MED_POLICY_ONLY,Medication policy only,Health page + 2024-25 handbook give medication rules and chronic conditions (asthma/diabetes/allergies); no seizure mention.,https://www.wha.k12.mn.us/en-US/school-nurse-459ac574,June 2026,,,
2176,Warren-Alvarado-Oslo School Dist.,Marshall,Warren,Rural,580,FOUND_MED_POLICY_ONLY,Medication policy only,Policy 516 Student Medication covers epinephrine/asthma emergency meds; zero seizure or epilepsy mention.,https://content.myconnectsuite.com/api/documents/97e20dc9800348c88b882217867cb080.pdf,June 2026,,,
690,Warroad,Roseau,Warroad,Rural,1053,FOUND_MED_POLICY_ONLY,Medication policy only,,,June 2026,,,
829,Waseca Public Schools,Waseca,Waseca,Town,1735,FOUND_MED_POLICY_ONLY,Medication policy only,Site posts medication administration procedures; no seizure mention; JS-rendered policy/handbook pages not crawlable.,https://www.waseca.k12.mn.us/,June 2026,,,
111,Watertown-Mayer Public School District,Carver,Watertown,Rural,1465,FOUND_SEIZURE_SPECIFIC,Seizure plan posted,Health Services page lists a Seizure Action Plan form plus emergency/rescue medication authorization.,https://www.wm.k12.mn.us/departments/student-services/health-services,June 2026,,,
2143,Waterville-Elysian-Morristown,Le Sueur,Waterville,Rural,761,FOUND_SEIZURE_SPECIFIC,Seizure plan posted,Health Services page publicly posts a Seizure Action Plan Form alongside health office handbook.,https://www.wem.k12.mn.us/health-and-wellness__/,June 2026,,,
435,Waubun-Ogema-White Earth Schools,Mahnomen,Waubun,Rural,741,FOUND_MED_POLICY_ONLY,Medication policy only,Indexed handbook shows student medication/nurse policy; no seizure mention found; current doc not fully readable (S3 403/JS shell).,https://core-docs.s3.amazonaws.com/documents/asset/uploaded_file/516310/Student_Handbook_2019_-2020.pdf,June 2026,,,
284,Wayzata Public Schools,Hennepin,Plymouth,City,12625,FOUND_SEIZURE_SPECIFIC,Seizure plan posted,Health Services page posts a downloadable Seizure Health Plan document under Health Plans.,https://www.wayzataschools.org/district/health-services,June 2026,,,
2342,West Central Area,Grant,Barrett,Rural,750,FOUND_MED_POLICY_ONLY,Medication policy only,Policy 516 Student Medication posted; covers emergency drugs/epinephrine; zero seizure/epilepsy mention.,https://media.isd2342.org/media/2026/05/5cabdb9f-0d52-4662-8f66-203cd88b18dc.pdf,June 2026,,,
197,West St. Paul-Mendota Heights-Eagan,Dakota,Mendota Heights,Suburb,5293,FOUND_SEIZURE_SPECIFIC,Seizure plan posted,Health Services page posts Seizure Action Plan forms (English and Spanish).,https://www.isd197.org/academics/special-services/health-services,June 2026,,,
2898,Westbrook-Walnut Grove Schools,Cottonwood,Westbrook,Rural,499,FOUND_MED_POLICY_ONLY,Medication policy only,"June 2026: student handbook had a medication-administration policy plus OTC med form, no seizure or epilepsy mention. Sept 25, 2026 re-check: the same link now holds the 2026-27 handbook, which has a Seizure Action Plans section. Status will be updated in the spring 2027 re-audit.",https://docs.google.com/document/d/1eRlVODef3dmdHR_IbGLJB-5jXQ9qfePF7f1h5LRdiMo/edit,June 2026,yes,,
277,Westonka Public School District,Hennepin,Minnetrista,Rural,2428,FOUND_SEIZURE_SPECIFIC,Seizure plan posted,Wellness & Health Services page explicitly posts a 'Seizure Action Plan' form alongside asthma/allergy/diabetes plans.,https://www.westonka.k12.mn.us/departments/health,June 2026,,,
803,Wheaton Area Public School District,Traverse,Wheaton,Rural,368,FOUND_MED_POLICY_ONLY,Medication policy only,"Public Policy 516 Student Medication and Telehealth (rev. Sept 2025) is a general student-medication policy; no seizure/epilepsy mention. Old link removed by district; link updated (Re-checked Sept 25, 2026).",https://files.smartsites.parentsquare.com/13545/policy-516.pdf,June 2026,,,
624,White Bear Lake Area Schools,Ramsey,White Bear Lake,Suburb,8549,FOUND_SEIZURE_SPECIFIC,Seizure plan posted,Health Services page lists seizures; nurse develops special plan for seizure disorders. Policy 516 itself omits seizures.,https://www.isd624.org/programs/health-services,June 2026,,,
347,Willmar,Kandiyohi,Willmar,Town,4220,FOUND_MED_POLICY_ONLY,Medication policy only,,,June 2026,,,
577,Willow River Public School District,Pine,Willow River,Rural,415,FOUND_MED_POLICY_ONLY,Medication policy only,Posted Policy 516 Student Medication PDF; covers emergency/asthma/anaphylaxis-epinephrine; no seizure or 121A.24 mention.,https://files-backend.assets.thrillshare.com/documents/asset/uploaded_file/1377/Willow_River/413b2382-4f57-4ca6-b48a-f00f50479534/516_-_Student_Medication.docx.pdf,June 2026,,,
2609,Win-E-Mac,Polk,Erskine,Rural,444,FOUND_SEIZURE_SPECIFIC,Seizure plan posted,,,June 2026,,,
177,Windom Public School District,Cottonwood,Windom,Rural,1150,NOT_FOUND,Nothing found,"Policies page empty; School Board docs hold only policy 206, meeting materials, strategic plan; Health Office page blank.",https://www.windom.k12.mn.us/documents/district/school-board/20843737,June 2026,,,
861,Winona Area,Winona,Winona,Town,2433,FOUND_MED_POLICY_ONLY,Medication policy only,,https://go.boarddocs.com/mn/winona/Board.nsf/Public,June 2026,,,
518,Worthington Public School District,Nobles,Worthington,Town,3914,NOT_VERIFIABLE,Could not check,Site behind bot challenge; policy page and previously indexed Policy 516 PDF both return 404; no page openable to verify content.,https://www.isd518.net/district/district-office/school-district-policies/,June 2026,,,
100,Wrenshall Public School District,Carlton,Wrenshall,Rural,336,FOUND_MED_POLICY_ONLY,Medication policy only,"Handbooks have Medication Administration sections (asthma, self-admin, emergency forms); no seizure mention anywhere.",https://www.isd100.org/learning-resources,June 2026,,,
2190,Yellow Medicine East,Yellow Medicine,Granite Falls,Rural,603,FOUND_SEIZURE_SPECIFIC,Seizure plan posted,Health Office posts a Seizure Action Plan (Fillable School Seizure Action Plan) form among health forms.,https://sites.google.com/isd2190.org/ymehealthoffice/health-forms,June 2026,,,
2805,Zumbrota-Mazeppa School District,Goodhue,Zumbrota,Rural,1224,FOUND_MED_POLICY_ONLY,Medication policy only,"K-6 handbook Medication Administration section (inhalers, EpiPen, AEDs, annual staff training); no seizure/epilepsy mention.",https://zmschools.ss19.sharpschool.com/schools/primary_school/PrimaryStudentHandbook,June 2026,,,
